customer_id,snapshot,inferred_interval,interval_confidence,interval_reason,recommendation,reason,detail,auto_decided,churn_probability,expected_dollar_churn,decision_reason,with_recommendation,with_p_churn,with_decision_reason,without_recommendation,without_p_churn,without_decision_reason,recommendations_agree,comparison_narrative,model_version,n_events,median_gap_days
Vb2NWXIGlGIYivyL,2025-03-05,monthly,0.6607,"We inferred **monthly billing (about every month)** because the typical gap between billing days is about 26 days, which matches monthly billing (about every month) across 1 observed cycle(s) (about 100% of gaps fit that pattern) Confidence in this label is **66%**.",No-Go,high_churn_risk,"churn_prob 0.80 vs Continue<= 0.45, No-Go>= 0.70.",true,0.8031,8.12,"Using the model **trained WITH inferred-interval features**, predicted chance of dollar churn is **80%** (high risk). That sits above the No-Go threshold, and interval confidence (66%) is high enough to auto-decide, so the recommendation is **No-Go** — decline or escalate for credit risk.",No-Go,0.8031,"Using the model **trained WITH inferred-interval features**, predicted chance of dollar churn is **80%** (high risk). That sits above the No-Go threshold, and interval confidence (66%) is high enough to auto-decide, so the recommendation is **No-Go** — decline or escalate for credit risk.",No-Go,0.7134,"Using the model **trained WITHOUT inferred-interval features**, predicted chance of dollar churn is **71%** (high risk). That sits above the No-Go threshold, and interval confidence (66%) is high enough to auto-decide, so the recommendation is **No-Go** — decline or escalate for credit risk.",true,"Both models agree on **No-Go**. Adding the inferred interval changed churn probability by +9.0% (with=80%, without=71%).",20260712_032913,2,26.0
8Csph14Ciw7VSkFF,2025-03-05,annual,0.6635,"We inferred **annual billing (about once a year)** because the typical gap between billing days is about 1 days, which matches annual billing (about once a year) across 10 observed cycle(s) (about 100% of gaps fit that pattern) and spacing looks somewhat uneven Confidence in this label is **66%**.",No-Go,high_churn_risk,"churn_prob 0.99 vs Continue<= 0.45, No-Go>= 0.70.",true,0.9861,273.51,"Using the model **trained WITH inferred-interval features**, predicted chance of dollar churn is **99%** (high risk). That sits above the No-Go threshold, and interval confidence (66%) is high enough to auto-decide, so the recommendation is **No-Go** — decline or escalate for credit risk.",No-Go,0.9861,"Using the model **trained WITH inferred-interval features**, predicted chance of dollar churn is **99%** (high risk). That sits above the No-Go threshold, and interval confidence (66%) is high enough to auto-decide, so the recommendation is **No-Go** — decline or escalate for credit risk.",No-Go,0.9697,"Using the model **trained WITHOUT inferred-interval features**, predicted chance of dollar churn is **97%** (high risk). That sits above the No-Go threshold, and interval confidence (66%) is high enough to auto-decide, so the recommendation is **No-Go** — decline or escalate for credit risk.",true,"Both models agree on **No-Go**. Adding the inferred interval changed churn probability by +1.6% (with=99%, without=97%).",20260712_032913,11,1.0
E0iLDTIZ2U7ZaRwM,2025-03-05,annual,0.6592,"We inferred **annual billing (about once a year)** because the typical gap between billing days is about 1 days, which matches annual billing (about once a year) across 10 observed cycle(s) (about 100% of gaps fit that pattern) and spacing looks somewhat uneven Confidence in this label is **66%**.",No-Go,high_churn_risk,"churn_prob 0.99 vs Continue<= 0.45, No-Go>= 0.70.",true,0.99,277.86,"Using the model **trained WITH inferred-interval features**, predicted chance of dollar churn is **99%** (high risk). That sits above the No-Go threshold, and interval confidence (66%) is high enough to auto-decide, so the recommendation is **No-Go** — decline or escalate for credit risk.",No-Go,0.99,"Using the model **trained WITH inferred-interval features**, predicted chance of dollar churn is **99%** (high risk). That sits above the No-Go threshold, and interval confidence (66%) is high enough to auto-decide, so the recommendation is **No-Go** — decline or escalate for credit risk.",No-Go,0.9856,"Using the model **trained WITHOUT inferred-interval features**, predicted chance of dollar churn is **99%** (high risk). That sits above the No-Go threshold, and interval confidence (66%) is high enough to auto-decide, so the recommendation is **No-Go** — decline or escalate for credit risk.",true,"Both models agree on **No-Go**. Adding the inferred interval changed churn probability by +0.4% (with=99%, without=99%).",20260712_032913,11,1.0
MpgL8f7pR6ASUJcn,2025-03-05,irregular,0.3,We inferred **irregular / no clear calendar billing cycle** because the gaps between invoices (typical gap ≈ 1 days) do not line up cleanly with monthly / quarterly / semi-annual / annual calendars Confidence in this label is **30%**.,Review,low_interval_confidence,interval_confidence 0.30 < 0.50; insufficient billing history to auto-decide (data-quality guardrail).,false,0.982,191.94,We recommended **Review** (trained WITH inferred-interval features) because the billing-cycle signal is too uncertain (confidence 30% for “irregular / no clear calendar billing cycle”). Thin or ambiguous history is treated as a data-quality issue — we do not auto Continue or auto No-Go until the cycle is clearer.,Review,0.982,We recommended **Review** (trained WITH inferred-interval features) because the billing-cycle signal is too uncertain (confidence 30% for “irregular / no clear calendar billing cycle”). Thin or ambiguous history is treated as a data-quality issue — we do not auto Continue or auto No-Go until the cycle is clearer.,Review,0.9697,We recommended **Review** (trained WITHOUT inferred-interval features) because the billing-cycle signal is too uncertain (confidence 30% for “irregular / no clear calendar billing cycle”). Thin or ambiguous history is treated as a data-quality issue — we do not auto Continue or auto No-Go until the cycle is clearer.,true,"Both models agree on **Review**. Adding the inferred interval changed churn probability by +1.2% (with=98%, without=97%).",20260712_032913,10,1.0
4iW8amsma1RziGcU,2025-03-05,monthly,0.9594,"We inferred **monthly billing (about every month)** because the typical gap between billing days is about 31 days, which matches monthly billing (about every month) across 23 observed cycle(s) (about 100% of gaps fit that pattern) and spacing looks very regular Confidence in this label is **96%**.",No-Go,high_churn_risk,"churn_prob 0.83 vs Continue<= 0.45, No-Go>= 0.70.",true,0.8318,409.94,"Using the model **trained WITH inferred-interval features**, predicted chance of dollar churn is **83%** (high risk). That sits above the No-Go threshold, and interval confidence (96%) is high enough to auto-decide, so the recommendation is **No-Go** — decline or escalate for credit risk.",No-Go,0.8318,"Using the model **trained WITH inferred-interval features**, predicted chance of dollar churn is **83%** (high risk). That sits above the No-Go threshold, and interval confidence (96%) is high enough to auto-decide, so the recommendation is **No-Go** — decline or escalate for credit risk.",No-Go,0.819,"Using the model **trained WITHOUT inferred-interval features**, predicted chance of dollar churn is **82%** (high risk). That sits above the No-Go threshold, and interval confidence (96%) is high enough to auto-decide, so the recommendation is **No-Go** — decline or escalate for credit risk.",true,"Both models agree on **No-Go**. Adding the inferred interval changed churn probability by +1.3% (with=83%, without=82%).",20260712_032913,24,31.0
S3tePS4BsZs1TRwi,2025-03-05,irregular,0.3,We inferred **irregular / no clear calendar billing cycle** because the gaps between invoices (typical gap ≈ 1 days) do not line up cleanly with monthly / quarterly / semi-annual / annual calendars Confidence in this label is **30%**.,Review,low_interval_confidence,interval_confidence 0.30 < 0.50; insufficient billing history to auto-decide (data-quality guardrail).,false,0.982,191.94,We recommended **Review** (trained WITH inferred-interval features) because the billing-cycle signal is too uncertain (confidence 30% for “irregular / no clear calendar billing cycle”). Thin or ambiguous history is treated as a data-quality issue — we do not auto Continue or auto No-Go until the cycle is clearer.,Review,0.982,We recommended **Review** (trained WITH inferred-interval features) because the billing-cycle signal is too uncertain (confidence 30% for “irregular / no clear calendar billing cycle”). Thin or ambiguous history is treated as a data-quality issue — we do not auto Continue or auto No-Go until the cycle is clearer.,Review,0.9697,We recommended **Review** (trained WITHOUT inferred-interval features) because the billing-cycle signal is too uncertain (confidence 30% for “irregular / no clear calendar billing cycle”). Thin or ambiguous history is treated as a data-quality issue — we do not auto Continue or auto No-Go until the cycle is clearer.,true,"Both models agree on **Review**. Adding the inferred interval changed churn probability by +1.2% (with=98%, without=97%).",20260712_032913,10,1.0
mbkMkTSdyQ2osU7S,2025-03-05,monthly,0.6636,"We inferred **monthly billing (about every month)** because the typical gap between billing days is about 1 days, which matches monthly billing (about every month) across 10 observed cycle(s) (about 100% of gaps fit that pattern) and spacing looks somewhat uneven Confidence in this label is **66%**.",No-Go,high_churn_risk,"churn_prob 0.99 vs Continue<= 0.45, No-Go>= 0.70.",true,0.9912,893.05,"Using the model **trained WITH inferred-interval features**, predicted chance of dollar churn is **99%** (high risk). That sits above the No-Go threshold, and interval confidence (66%) is high enough to auto-decide, so the recommendation is **No-Go** — decline or escalate for credit risk.",No-Go,0.9912,"Using the model **trained WITH inferred-interval features**, predicted chance of dollar churn is **99%** (high risk). That sits above the No-Go threshold, and interval confidence (66%) is high enough to auto-decide, so the recommendation is **No-Go** — decline or escalate for credit risk.",No-Go,0.9927,"Using the model **trained WITHOUT inferred-interval features**, predicted chance of dollar churn is **99%** (high risk). That sits above the No-Go threshold, and interval confidence (66%) is high enough to auto-decide, so the recommendation is **No-Go** — decline or escalate for credit risk.",true,"Both models agree on **No-Go**. Adding the inferred interval changed churn probability by -0.1% (with=99%, without=99%).",20260712_032913,11,1.0
5O2xPN2rE3FAnh15,2025-03-05,annual,0.8653,"We inferred **annual billing (about once a year)** because the typical gap between billing days is about 366 days, which matches annual billing (about once a year) across 2 observed cycle(s) (about 100% of gaps fit that pattern) and spacing looks very regular Confidence in this label is **87%**.",Review,borderline_churn_risk,"churn_prob 0.50 vs Continue<= 0.45, No-Go>= 0.70.",false,0.4952,299.12,"Using the model **trained WITH inferred-interval features**, predicted chance of dollar churn is **50%** (elevated risk). That sits between the Continue and No-Go bands (or still needs analyst judgment), so the recommendation is **Review**.",Review,0.4952,"Using the model **trained WITH inferred-interval features**, predicted chance of dollar churn is **50%** (elevated risk). That sits between the Continue and No-Go bands (or still needs analyst judgment), so the recommendation is **Review**.",Review,0.5812,"Using the model **trained WITHOUT inferred-interval features**, predicted chance of dollar churn is **58%** (elevated risk). That sits between the Continue and No-Go bands (or still needs analyst judgment), so the recommendation is **Review**.",true,"Both models agree on **Review**. Adding the inferred interval changed churn probability by -8.6% (with=50%, without=58%).",20260712_032913,3,365.5
mF9pa99wX9itkLwP,2025-03-05,one_time_candidate,0.95,We inferred **looks like a one-time / non-recurring charge pattern** because there is essentially a single invoice followed by a long quiet period with no repeat billing Confidence in this label is **95%**.,No-Go,high_churn_risk,"churn_prob 0.98 vs Continue<= 0.45, No-Go>= 0.70.",true,0.982,1.12,"Using the model **trained WITH inferred-interval features**, predicted chance of dollar churn is **98%** (high risk). That sits above the No-Go threshold, and interval confidence (95%) is high enough to auto-decide, so the recommendation is **No-Go** — decline or escalate for credit risk.",No-Go,0.982,"Using the model **trained WITH inferred-interval features**, predicted chance of dollar churn is **98%** (high risk). That sits above the No-Go threshold, and interval confidence (95%) is high enough to auto-decide, so the recommendation is **No-Go** — decline or escalate for credit risk.",No-Go,0.9667,"Using the model **trained WITHOUT inferred-interval features**, predicted chance of dollar churn is **97%** (high risk). That sits above the No-Go threshold, and interval confidence (95%) is high enough to auto-decide, so the recommendation is **No-Go** — decline or escalate for credit risk.",true,"Both models agree on **No-Go**. Adding the inferred interval changed churn probability by +1.5% (with=98%, without=97%).",20260712_032913,1,
5WMfBPL6Riq9lJeb,2025-03-05,monthly,0.6131,"We inferred **monthly billing (about every month)** because the typical gap between billing days is about 1 days, which matches monthly billing (about every month) across 25 observed cycle(s) (about 100% of gaps fit that pattern) and spacing looks somewhat uneven Confidence in this label is **61%**.",No-Go,high_churn_risk,"churn_prob 1.00 vs Continue<= 0.45, No-Go>= 0.70.",true,1.0,30.02,"Using the model **trained WITH inferred-interval features**, predicted chance of dollar churn is **100%** (high risk). That sits above the No-Go threshold, and interval confidence (61%) is high enough to auto-decide, so the recommendation is **No-Go** — decline or escalate for credit risk.",No-Go,1.0,"Using the model **trained WITH inferred-interval features**, predicted chance of dollar churn is **100%** (high risk). That sits above the No-Go threshold, and interval confidence (61%) is high enough to auto-decide, so the recommendation is **No-Go** — decline or escalate for credit risk.",No-Go,0.9956,"Using the model **trained WITHOUT inferred-interval features**, predicted chance of dollar churn is **100%** (high risk). That sits above the No-Go threshold, and interval confidence (61%) is high enough to auto-decide, so the recommendation is **No-Go** — decline or escalate for credit risk.",true,"Both models agree on **No-Go**. Adding the inferred interval changed churn probability by +0.4% (with=100%, without=100%).",20260712_032913,26,1.0
Jjhy2cnBfemdbRFF,2025-03-05,monthly,0.791,"We inferred **monthly billing (about every month)** because the typical gap between billing days is about 30 days, which matches monthly billing (about every month) across 4 observed cycle(s) (about 100% of gaps fit that pattern) and spacing looks very regular Confidence in this label is **79%**.",No-Go,high_churn_risk,"churn_prob 0.99 vs Continue<= 0.45, No-Go>= 0.70.",true,0.99,17.26,"Using the model **trained WITH inferred-interval features**, predicted chance of dollar churn is **99%** (high risk). That sits above the No-Go threshold, and interval confidence (79%) is high enough to auto-decide, so the recommendation is **No-Go** — decline or escalate for credit risk.",No-Go,0.99,"Using the model **trained WITH inferred-interval features**, predicted chance of dollar churn is **99%** (high risk). That sits above the No-Go threshold, and interval confidence (79%) is high enough to auto-decide, so the recommendation is **No-Go** — decline or escalate for credit risk.",No-Go,0.9856,"Using the model **trained WITHOUT inferred-interval features**, predicted chance of dollar churn is **99%** (high risk). That sits above the No-Go threshold, and interval confidence (79%) is high enough to auto-decide, so the recommendation is **No-Go** — decline or escalate for credit risk.",true,"Both models agree on **No-Go**. Adding the inferred interval changed churn probability by +0.4% (with=99%, without=99%).",20260712_032913,5,30.5
tVuzK4lze15ZURQD,2025-03-05,monthly,0.7923,"We inferred **monthly billing (about every month)** because the typical gap between billing days is about 30 days, which matches monthly billing (about every month) across 22 observed cycle(s) (about 100% of gaps fit that pattern) and spacing looks fairly regular Confidence in this label is **79%**.",No-Go,high_churn_risk,"churn_prob 0.97 vs Continue<= 0.45, No-Go>= 0.70.",true,0.9656,349.39,"Using the model **trained WITH inferred-interval features**, predicted chance of dollar churn is **97%** (high risk). That sits above the No-Go threshold, and interval confidence (79%) is high enough to auto-decide, so the recommendation is **No-Go** — decline or escalate for credit risk.",No-Go,0.9656,"Using the model **trained WITH inferred-interval features**, predicted chance of dollar churn is **97%** (high risk). That sits above the No-Go threshold, and interval confidence (79%) is high enough to auto-decide, so the recommendation is **No-Go** — decline or escalate for credit risk.",No-Go,0.9667,"Using the model **trained WITHOUT inferred-interval features**, predicted chance of dollar churn is **97%** (high risk). That sits above the No-Go threshold, and interval confidence (79%) is high enough to auto-decide, so the recommendation is **No-Go** — decline or escalate for credit risk.",true,"Both models agree on **No-Go**. Adding the inferred interval changed churn probability by -0.1% (with=97%, without=97%).",20260712_032913,23,30.5
EYpdH2Jsr62Q92ud,2025-03-05,monthly,0.6168,"We inferred **monthly billing (about every month)** because the typical gap between billing days is about 1 days, which matches monthly billing (about every month) across 10 observed cycle(s) (about 100% of gaps fit that pattern) and spacing looks somewhat uneven Confidence in this label is **62%**.",No-Go,high_churn_risk,"churn_prob 0.99 vs Continue<= 0.45, No-Go>= 0.70.",true,0.9912,183.29,"Using the model **trained WITH inferred-interval features**, predicted chance of dollar churn is **99%** (high risk). That sits above the No-Go threshold, and interval confidence (62%) is high enough to auto-decide, so the recommendation is **No-Go** — decline or escalate for credit risk.",No-Go,0.9912,"Using the model **trained WITH inferred-interval features**, predicted chance of dollar churn is **99%** (high risk). That sits above the No-Go threshold, and interval confidence (62%) is high enough to auto-decide, so the recommendation is **No-Go** — decline or escalate for credit risk.",No-Go,0.9927,"Using the model **trained WITHOUT inferred-interval features**, predicted chance of dollar churn is **99%** (high risk). That sits above the No-Go threshold, and interval confidence (62%) is high enough to auto-decide, so the recommendation is **No-Go** — decline or escalate for credit risk.",true,"Both models agree on **No-Go**. Adding the inferred interval changed churn probability by -0.1% (with=99%, without=99%).",20260712_032913,11,1.0
nHM4cOQaUSVU9kcM,2025-03-05,monthly,0.7316,"We inferred **monthly billing (about every month)** because the typical gap between billing days is about 28 days, which matches monthly billing (about every month) across 3 observed cycle(s) (about 100% of gaps fit that pattern) and spacing looks very regular Confidence in this label is **73%**.",No-Go,high_churn_risk,"churn_prob 0.99 vs Continue<= 0.45, No-Go>= 0.70.",true,0.99,17.25,"Using the model **trained WITH inferred-interval features**, predicted chance of dollar churn is **99%** (high risk). That sits above the No-Go threshold, and interval confidence (73%) is high enough to auto-decide, so the recommendation is **No-Go** — decline or escalate for credit risk.",No-Go,0.99,"Using the model **trained WITH inferred-interval features**, predicted chance of dollar churn is **99%** (high risk). That sits above the No-Go threshold, and interval confidence (73%) is high enough to auto-decide, so the recommendation is **No-Go** — decline or escalate for credit risk.",No-Go,0.9914,"Using the model **trained WITHOUT inferred-interval features**, predicted chance of dollar churn is **99%** (high risk). That sits above the No-Go threshold, and interval confidence (73%) is high enough to auto-decide, so the recommendation is **No-Go** — decline or escalate for credit risk.",true,"Both models agree on **No-Go**. Adding the inferred interval changed churn probability by -0.1% (with=99%, without=99%).",20260712_032913,4,28.0
d9JPT7QTTJisL8vt,2025-03-05,monthly,0.6607,"We inferred **monthly billing (about every month)** because the typical gap between billing days is about 26 days, which matches monthly billing (about every month) across 1 observed cycle(s) (about 100% of gaps fit that pattern) Confidence in this label is **66%**.",No-Go,high_churn_risk,"churn_prob 0.80 vs Continue<= 0.45, No-Go>= 0.70.",true,0.8031,8.12,"Using the model **trained WITH inferred-interval features**, predicted chance of dollar churn is **80%** (high risk). That sits above the No-Go threshold, and interval confidence (66%) is high enough to auto-decide, so the recommendation is **No-Go** — decline or escalate for credit risk.",No-Go,0.8031,"Using the model **trained WITH inferred-interval features**, predicted chance of dollar churn is **80%** (high risk). That sits above the No-Go threshold, and interval confidence (66%) is high enough to auto-decide, so the recommendation is **No-Go** — decline or escalate for credit risk.",No-Go,0.7134,"Using the model **trained WITHOUT inferred-interval features**, predicted chance of dollar churn is **71%** (high risk). That sits above the No-Go threshold, and interval confidence (66%) is high enough to auto-decide, so the recommendation is **No-Go** — decline or escalate for credit risk.",true,"Both models agree on **No-Go**. Adding the inferred interval changed churn probability by +9.0% (with=80%, without=71%).",20260712_032913,2,26.0
zaG2LGdrDwKiTMq9,2025-03-05,irregular,0.3,We inferred **irregular / no clear calendar billing cycle** because the gaps between invoices (typical gap ≈ 1 days) do not line up cleanly with monthly / quarterly / semi-annual / annual calendars Confidence in this label is **30%**.,Review,low_interval_confidence,interval_confidence 0.30 < 0.50; insufficient billing history to auto-decide (data-quality guardrail).,false,0.982,191.94,We recommended **Review** (trained WITH inferred-interval features) because the billing-cycle signal is too uncertain (confidence 30% for “irregular / no clear calendar billing cycle”). Thin or ambiguous history is treated as a data-quality issue — we do not auto Continue or auto No-Go until the cycle is clearer.,Review,0.982,We recommended **Review** (trained WITH inferred-interval features) because the billing-cycle signal is too uncertain (confidence 30% for “irregular / no clear calendar billing cycle”). Thin or ambiguous history is treated as a data-quality issue — we do not auto Continue or auto No-Go until the cycle is clearer.,Review,0.9697,We recommended **Review** (trained WITHOUT inferred-interval features) because the billing-cycle signal is too uncertain (confidence 30% for “irregular / no clear calendar billing cycle”). Thin or ambiguous history is treated as a data-quality issue — we do not auto Continue or auto No-Go until the cycle is clearer.,true,"Both models agree on **Review**. Adding the inferred interval changed churn probability by +1.2% (with=98%, without=97%).",20260712_032913,10,1.0
6lB6FtfwyaBug9Xe,2025-03-05,annual,0.7997,"We inferred **annual billing (about once a year)** because the typical gap between billing days is about 365 days, which matches annual billing (about once a year) across 1 observed cycle(s) (about 100% of gaps fit that pattern) Confidence in this label is **80%**.",No-Go,high_churn_risk,"churn_prob 0.83 vs Continue<= 0.45, No-Go>= 0.70.",true,0.8318,32.25,"Using the model **trained WITH inferred-interval features**, predicted chance of dollar churn is **83%** (high risk). That sits above the No-Go threshold, and interval confidence (80%) is high enough to auto-decide, so the recommendation is **No-Go** — decline or escalate for credit risk.",No-Go,0.8318,"Using the model **trained WITH inferred-interval features**, predicted chance of dollar churn is **83%** (high risk). That sits above the No-Go threshold, and interval confidence (80%) is high enough to auto-decide, so the recommendation is **No-Go** — decline or escalate for credit risk.",No-Go,0.819,"Using the model **trained WITHOUT inferred-interval features**, predicted chance of dollar churn is **82%** (high risk). That sits above the No-Go threshold, and interval confidence (80%) is high enough to auto-decide, so the recommendation is **No-Go** — decline or escalate for credit risk.",true,"Both models agree on **No-Go**. Adding the inferred interval changed churn probability by +1.3% (with=83%, without=82%).",20260712_032913,2,365.0
jmC1p3HlOWnsnXrX,2025-03-05,irregular,0.1275,We inferred **irregular / no clear calendar billing cycle** because the gaps between invoices (typical gap ≈ 1 days) do not line up cleanly with monthly / quarterly / semi-annual / annual calendars Confidence in this label is **13%**.,Review,low_interval_confidence,interval_confidence 0.13 < 0.50; insufficient billing history to auto-decide (data-quality guardrail).,false,0.99,75.14,We recommended **Review** (trained WITH inferred-interval features) because the billing-cycle signal is too uncertain (confidence 13% for “irregular / no clear calendar billing cycle”). Thin or ambiguous history is treated as a data-quality issue — we do not auto Continue or auto No-Go until the cycle is clearer.,Review,0.99,We recommended **Review** (trained WITH inferred-interval features) because the billing-cycle signal is too uncertain (confidence 13% for “irregular / no clear calendar billing cycle”). Thin or ambiguous history is treated as a data-quality issue — we do not auto Continue or auto No-Go until the cycle is clearer.,Review,0.9914,We recommended **Review** (trained WITHOUT inferred-interval features) because the billing-cycle signal is too uncertain (confidence 13% for “irregular / no clear calendar billing cycle”). Thin or ambiguous history is treated as a data-quality issue — we do not auto Continue or auto No-Go until the cycle is clearer.,true,"Both models agree on **Review**. Adding the inferred interval changed churn probability by -0.1% (with=99%, without=99%).",20260712_032913,11,1.0
P1Q7c4SmfrOkItWB,2025-03-05,irregular,0.0892,We inferred **irregular / no clear calendar billing cycle** because the gaps between invoices (typical gap ≈ 1 days) do not line up cleanly with monthly / quarterly / semi-annual / annual calendars Confidence in this label is **9%**.,Review,low_interval_confidence,interval_confidence 0.09 < 0.50; insufficient billing history to auto-decide (data-quality guardrail).,false,0.99,75.13,We recommended **Review** (trained WITH inferred-interval features) because the billing-cycle signal is too uncertain (confidence 9% for “irregular / no clear calendar billing cycle”). Thin or ambiguous history is treated as a data-quality issue — we do not auto Continue or auto No-Go until the cycle is clearer.,Review,0.99,We recommended **Review** (trained WITH inferred-interval features) because the billing-cycle signal is too uncertain (confidence 9% for “irregular / no clear calendar billing cycle”). Thin or ambiguous history is treated as a data-quality issue — we do not auto Continue or auto No-Go until the cycle is clearer.,Review,0.9914,We recommended **Review** (trained WITHOUT inferred-interval features) because the billing-cycle signal is too uncertain (confidence 9% for “irregular / no clear calendar billing cycle”). Thin or ambiguous history is treated as a data-quality issue — we do not auto Continue or auto No-Go until the cycle is clearer.,true,"Both models agree on **Review**. Adding the inferred interval changed churn probability by -0.1% (with=99%, without=99%).",20260712_032913,11,1.0
aEbzlnymPZqlDSBY,2025-03-05,monthly,0.9177,"We inferred **monthly billing (about every month)** because the typical gap between billing days is about 31 days, which matches monthly billing (about every month) across 25 observed cycle(s) (about 100% of gaps fit that pattern) and spacing looks very regular Confidence in this label is **92%**.",Review,borderline_churn_risk,"churn_prob 0.57 vs Continue<= 0.45, No-Go>= 0.70.",false,0.5736,269.47,"Using the model **trained WITH inferred-interval features**, predicted chance of dollar churn is **57%** (elevated risk). That sits between the Continue and No-Go bands (or still needs analyst judgment), so the recommendation is **Review**.",Review,0.5736,"Using the model **trained WITH inferred-interval features**, predicted chance of dollar churn is **57%** (elevated risk). That sits between the Continue and No-Go bands (or still needs analyst judgment), so the recommendation is **Review**.",Review,0.4566,"Using the model **trained WITHOUT inferred-interval features**, predicted chance of dollar churn is **46%** (elevated risk). That sits between the Continue and No-Go bands (or still needs analyst judgment), so the recommendation is **Review**.",true,"Both models agree on **Review**. Adding the inferred interval changed churn probability by +11.7% (with=57%, without=46%).",20260712_032913,26,31.0
x95ngpX6neRnkgWv,2025-03-05,irregular,0.3,We inferred **irregular / no clear calendar billing cycle** because the gaps between invoices (typical gap ≈ 1 days) do not line up cleanly with monthly / quarterly / semi-annual / annual calendars Confidence in this label is **30%**.,Review,low_interval_confidence,interval_confidence 0.30 < 0.50; insufficient billing history to auto-decide (data-quality guardrail).,false,0.99,62.28,We recommended **Review** (trained WITH inferred-interval features) because the billing-cycle signal is too uncertain (confidence 30% for “irregular / no clear calendar billing cycle”). Thin or ambiguous history is treated as a data-quality issue — we do not auto Continue or auto No-Go until the cycle is clearer.,Review,0.99,We recommended **Review** (trained WITH inferred-interval features) because the billing-cycle signal is too uncertain (confidence 30% for “irregular / no clear calendar billing cycle”). Thin or ambiguous history is treated as a data-quality issue — we do not auto Continue or auto No-Go until the cycle is clearer.,Review,0.9856,We recommended **Review** (trained WITHOUT inferred-interval features) because the billing-cycle signal is too uncertain (confidence 30% for “irregular / no clear calendar billing cycle”). Thin or ambiguous history is treated as a data-quality issue — we do not auto Continue or auto No-Go until the cycle is clearer.,true,"Both models agree on **Review**. Adding the inferred interval changed churn probability by +0.4% (with=99%, without=99%).",20260712_032913,11,1.0
WVo1z7m2b21aosBn,2025-03-05,irregular,0.0892,We inferred **irregular / no clear calendar billing cycle** because the gaps between invoices (typical gap ≈ 1 days) do not line up cleanly with monthly / quarterly / semi-annual / annual calendars Confidence in this label is **9%**.,Review,low_interval_confidence,interval_confidence 0.09 < 0.50; insufficient billing history to auto-decide (data-quality guardrail).,false,0.99,340.88,We recommended **Review** (trained WITH inferred-interval features) because the billing-cycle signal is too uncertain (confidence 9% for “irregular / no clear calendar billing cycle”). Thin or ambiguous history is treated as a data-quality issue — we do not auto Continue or auto No-Go until the cycle is clearer.,Review,0.99,We recommended **Review** (trained WITH inferred-interval features) because the billing-cycle signal is too uncertain (confidence 9% for “irregular / no clear calendar billing cycle”). Thin or ambiguous history is treated as a data-quality issue — we do not auto Continue or auto No-Go until the cycle is clearer.,Review,0.9697,We recommended **Review** (trained WITHOUT inferred-interval features) because the billing-cycle signal is too uncertain (confidence 9% for “irregular / no clear calendar billing cycle”). Thin or ambiguous history is treated as a data-quality issue — we do not auto Continue or auto No-Go until the cycle is clearer.,true,"Both models agree on **Review**. Adding the inferred interval changed churn probability by +2.0% (with=99%, without=97%).",20260712_032913,11,1.0
JPs6w9sTncS1inF7,2025-03-05,irregular,0.05,We inferred **irregular / no clear calendar billing cycle** because the gaps between invoices (typical gap ≈ 1 days) do not line up cleanly with monthly / quarterly / semi-annual / annual calendars Confidence in this label is **5%**.,Review,low_interval_confidence,interval_confidence 0.05 < 0.50; insufficient billing history to auto-decide (data-quality guardrail).,false,0.99,79.51,We recommended **Review** (trained WITH inferred-interval features) because the billing-cycle signal is too uncertain (confidence 5% for “irregular / no clear calendar billing cycle”). Thin or ambiguous history is treated as a data-quality issue — we do not auto Continue or auto No-Go until the cycle is clearer.,Review,0.99,We recommended **Review** (trained WITH inferred-interval features) because the billing-cycle signal is too uncertain (confidence 5% for “irregular / no clear calendar billing cycle”). Thin or ambiguous history is treated as a data-quality issue — we do not auto Continue or auto No-Go until the cycle is clearer.,Review,0.9914,We recommended **Review** (trained WITHOUT inferred-interval features) because the billing-cycle signal is too uncertain (confidence 5% for “irregular / no clear calendar billing cycle”). Thin or ambiguous history is treated as a data-quality issue — we do not auto Continue or auto No-Go until the cycle is clearer.,true,"Both models agree on **Review**. Adding the inferred interval changed churn probability by -0.1% (with=99%, without=99%).",20260712_032913,11,1.0
3W6ZiRd7Vbve66D8,2025-03-05,irregular,0.3,We inferred **irregular / no clear calendar billing cycle** because the gaps between invoices (typical gap ≈ 1 days) do not line up cleanly with monthly / quarterly / semi-annual / annual calendars Confidence in this label is **30%**.,Review,low_interval_confidence,interval_confidence 0.30 < 0.50; insufficient billing history to auto-decide (data-quality guardrail).,false,0.9861,175.15,We recommended **Review** (trained WITH inferred-interval features) because the billing-cycle signal is too uncertain (confidence 30% for “irregular / no clear calendar billing cycle”). Thin or ambiguous history is treated as a data-quality issue — we do not auto Continue or auto No-Go until the cycle is clearer.,Review,0.9861,We recommended **Review** (trained WITH inferred-interval features) because the billing-cycle signal is too uncertain (confidence 30% for “irregular / no clear calendar billing cycle”). Thin or ambiguous history is treated as a data-quality issue — we do not auto Continue or auto No-Go until the cycle is clearer.,Review,0.9697,We recommended **Review** (trained WITHOUT inferred-interval features) because the billing-cycle signal is too uncertain (confidence 30% for “irregular / no clear calendar billing cycle”). Thin or ambiguous history is treated as a data-quality issue — we do not auto Continue or auto No-Go until the cycle is clearer.,true,"Both models agree on **Review**. Adding the inferred interval changed churn probability by +1.6% (with=99%, without=97%).",20260712_032913,11,1.0
FVJ57jWIQbbgtUEY,2025-03-05,monthly,0.6615,"We inferred **monthly billing (about every month)** because the typical gap between billing days is about 28 days, which matches monthly billing (about every month) across 1 observed cycle(s) (about 100% of gaps fit that pattern) Confidence in this label is **66%**.",No-Go,high_churn_risk,"churn_prob 0.95 vs Continue<= 0.45, No-Go>= 0.70.",true,0.9494,0.78,"Using the model **trained WITH inferred-interval features**, predicted chance of dollar churn is **95%** (high risk). That sits above the No-Go threshold, and interval confidence (66%) is high enough to auto-decide, so the recommendation is **No-Go** — decline or escalate for credit risk.",No-Go,0.9494,"Using the model **trained WITH inferred-interval features**, predicted chance of dollar churn is **95%** (high risk). That sits above the No-Go threshold, and interval confidence (66%) is high enough to auto-decide, so the recommendation is **No-Go** — decline or escalate for credit risk.",No-Go,0.9295,"Using the model **trained WITHOUT inferred-interval features**, predicted chance of dollar churn is **93%** (high risk). That sits above the No-Go threshold, and interval confidence (66%) is high enough to auto-decide, so the recommendation is **No-Go** — decline or escalate for credit risk.",true,"Both models agree on **No-Go**. Adding the inferred interval changed churn probability by +2.0% (with=95%, without=93%).",20260712_032913,2,28.0
IwQRSnhBTXqAznAT,2025-03-05,irregular,0.1275,We inferred **irregular / no clear calendar billing cycle** because the gaps between invoices (typical gap ≈ 1 days) do not line up cleanly with monthly / quarterly / semi-annual / annual calendars Confidence in this label is **13%**.,Review,low_interval_confidence,interval_confidence 0.13 < 0.50; insufficient billing history to auto-decide (data-quality guardrail).,false,0.99,75.14,We recommended **Review** (trained WITH inferred-interval features) because the billing-cycle signal is too uncertain (confidence 13% for “irregular / no clear calendar billing cycle”). Thin or ambiguous history is treated as a data-quality issue — we do not auto Continue or auto No-Go until the cycle is clearer.,Review,0.99,We recommended **Review** (trained WITH inferred-interval features) because the billing-cycle signal is too uncertain (confidence 13% for “irregular / no clear calendar billing cycle”). Thin or ambiguous history is treated as a data-quality issue — we do not auto Continue or auto No-Go until the cycle is clearer.,Review,0.9914,We recommended **Review** (trained WITHOUT inferred-interval features) because the billing-cycle signal is too uncertain (confidence 13% for “irregular / no clear calendar billing cycle”). Thin or ambiguous history is treated as a data-quality issue — we do not auto Continue or auto No-Go until the cycle is clearer.,true,"Both models agree on **Review**. Adding the inferred interval changed churn probability by -0.1% (with=99%, without=99%).",20260712_032913,11,1.0
ALWgArvl8fLT8o4B,2025-03-05,irregular,0.3,We inferred **irregular / no clear calendar billing cycle** because the gaps between invoices (typical gap ≈ 1 days) do not line up cleanly with monthly / quarterly / semi-annual / annual calendars Confidence in this label is **30%**.,Review,low_interval_confidence,interval_confidence 0.30 < 0.50; insufficient billing history to auto-decide (data-quality guardrail).,false,0.9861,175.15,We recommended **Review** (trained WITH inferred-interval features) because the billing-cycle signal is too uncertain (confidence 30% for “irregular / no clear calendar billing cycle”). Thin or ambiguous history is treated as a data-quality issue — we do not auto Continue or auto No-Go until the cycle is clearer.,Review,0.9861,We recommended **Review** (trained WITH inferred-interval features) because the billing-cycle signal is too uncertain (confidence 30% for “irregular / no clear calendar billing cycle”). Thin or ambiguous history is treated as a data-quality issue — we do not auto Continue or auto No-Go until the cycle is clearer.,Review,0.9697,We recommended **Review** (trained WITHOUT inferred-interval features) because the billing-cycle signal is too uncertain (confidence 30% for “irregular / no clear calendar billing cycle”). Thin or ambiguous history is treated as a data-quality issue — we do not auto Continue or auto No-Go until the cycle is clearer.,true,"Both models agree on **Review**. Adding the inferred interval changed churn probability by +1.6% (with=99%, without=97%).",20260712_032913,11,1.0
abt5GuUmVURx6FaI,2025-03-05,irregular,0.3,We inferred **irregular / no clear calendar billing cycle** because the gaps between invoices (typical gap ≈ 1 days) do not line up cleanly with monthly / quarterly / semi-annual / annual calendars Confidence in this label is **30%**.,Review,low_interval_confidence,interval_confidence 0.30 < 0.50; insufficient billing history to auto-decide (data-quality guardrail).,false,0.9861,62.35,We recommended **Review** (trained WITH inferred-interval features) because the billing-cycle signal is too uncertain (confidence 30% for “irregular / no clear calendar billing cycle”). Thin or ambiguous history is treated as a data-quality issue — we do not auto Continue or auto No-Go until the cycle is clearer.,Review,0.9861,We recommended **Review** (trained WITH inferred-interval features) because the billing-cycle signal is too uncertain (confidence 30% for “irregular / no clear calendar billing cycle”). Thin or ambiguous history is treated as a data-quality issue — we do not auto Continue or auto No-Go until the cycle is clearer.,Review,0.9856,We recommended **Review** (trained WITHOUT inferred-interval features) because the billing-cycle signal is too uncertain (confidence 30% for “irregular / no clear calendar billing cycle”). Thin or ambiguous history is treated as a data-quality issue — we do not auto Continue or auto No-Go until the cycle is clearer.,true,"Both models agree on **Review**. Adding the inferred interval changed churn probability by +0.1% (with=99%, without=99%).",20260712_032913,10,1.0
biEWrH2fFsRbo93F,2025-03-05,monthly,0.9463,"We inferred **monthly billing (about every month)** because the typical gap between billing days is about 31 days, which matches monthly billing (about every month) across 15 observed cycle(s) (about 100% of gaps fit that pattern) and spacing looks very regular Confidence in this label is **95%**.",No-Go,high_churn_risk,"churn_prob 0.97 vs Continue<= 0.45, No-Go>= 0.70.",true,0.9685,97.6,"Using the model **trained WITH inferred-interval features**, predicted chance of dollar churn is **97%** (high risk). That sits above the No-Go threshold, and interval confidence (95%) is high enough to auto-decide, so the recommendation is **No-Go** — decline or escalate for credit risk.",No-Go,0.9685,"Using the model **trained WITH inferred-interval features**, predicted chance of dollar churn is **97%** (high risk). That sits above the No-Go threshold, and interval confidence (95%) is high enough to auto-decide, so the recommendation is **No-Go** — decline or escalate for credit risk.",No-Go,0.9697,"Using the model **trained WITHOUT inferred-interval features**, predicted chance of dollar churn is **97%** (high risk). That sits above the No-Go threshold, and interval confidence (95%) is high enough to auto-decide, so the recommendation is **No-Go** — decline or escalate for credit risk.",true,"Both models agree on **No-Go**. Adding the inferred interval changed churn probability by -0.1% (with=97%, without=97%).",20260712_032913,16,31.0
mVarSdUbzwzynZpi,2025-03-05,irregular,0.3,We inferred **irregular / no clear calendar billing cycle** because the gaps between invoices (typical gap ≈ 1 days) do not line up cleanly with monthly / quarterly / semi-annual / annual calendars Confidence in this label is **30%**.,Review,low_interval_confidence,interval_confidence 0.30 < 0.50; insufficient billing history to auto-decide (data-quality guardrail).,false,0.99,62.28,We recommended **Review** (trained WITH inferred-interval features) because the billing-cycle signal is too uncertain (confidence 30% for “irregular / no clear calendar billing cycle”). Thin or ambiguous history is treated as a data-quality issue — we do not auto Continue or auto No-Go until the cycle is clearer.,Review,0.99,We recommended **Review** (trained WITH inferred-interval features) because the billing-cycle signal is too uncertain (confidence 30% for “irregular / no clear calendar billing cycle”). Thin or ambiguous history is treated as a data-quality issue — we do not auto Continue or auto No-Go until the cycle is clearer.,Review,0.9856,We recommended **Review** (trained WITHOUT inferred-interval features) because the billing-cycle signal is too uncertain (confidence 30% for “irregular / no clear calendar billing cycle”). Thin or ambiguous history is treated as a data-quality issue — we do not auto Continue or auto No-Go until the cycle is clearer.,true,"Both models agree on **Review**. Adding the inferred interval changed churn probability by +0.4% (with=99%, without=99%).",20260712_032913,11,1.0
LhlZ57EZaINrm91i,2025-03-05,irregular,0.1275,We inferred **irregular / no clear calendar billing cycle** because the gaps between invoices (typical gap ≈ 1 days) do not line up cleanly with monthly / quarterly / semi-annual / annual calendars Confidence in this label is **13%**.,Review,low_interval_confidence,interval_confidence 0.13 < 0.50; insufficient billing history to auto-decide (data-quality guardrail).,false,0.99,340.88,We recommended **Review** (trained WITH inferred-interval features) because the billing-cycle signal is too uncertain (confidence 13% for “irregular / no clear calendar billing cycle”). Thin or ambiguous history is treated as a data-quality issue — we do not auto Continue or auto No-Go until the cycle is clearer.,Review,0.99,We recommended **Review** (trained WITH inferred-interval features) because the billing-cycle signal is too uncertain (confidence 13% for “irregular / no clear calendar billing cycle”). Thin or ambiguous history is treated as a data-quality issue — we do not auto Continue or auto No-Go until the cycle is clearer.,Review,0.9697,We recommended **Review** (trained WITHOUT inferred-interval features) because the billing-cycle signal is too uncertain (confidence 13% for “irregular / no clear calendar billing cycle”). Thin or ambiguous history is treated as a data-quality issue — we do not auto Continue or auto No-Go until the cycle is clearer.,true,"Both models agree on **Review**. Adding the inferred interval changed churn probability by +2.0% (with=99%, without=97%).",20260712_032913,11,1.0
hMCj0THZO5FLVzsS,2025-03-05,annual,0.8,"We inferred **annual billing (about once a year)** because the typical gap between billing days is about 365 days, which matches annual billing (about once a year) across 1 observed cycle(s) (about 100% of gaps fit that pattern) Confidence in this label is **80%**.",No-Go,high_churn_risk,"churn_prob 0.90 vs Continue<= 0.45, No-Go>= 0.70.",true,0.9015,34.68,"Using the model **trained WITH inferred-interval features**, predicted chance of dollar churn is **90%** (high risk). That sits above the No-Go threshold, and interval confidence (80%) is high enough to auto-decide, so the recommendation is **No-Go** — decline or escalate for credit risk.",No-Go,0.9015,"Using the model **trained WITH inferred-interval features**, predicted chance of dollar churn is **90%** (high risk). That sits above the No-Go threshold, and interval confidence (80%) is high enough to auto-decide, so the recommendation is **No-Go** — decline or escalate for credit risk.",No-Go,0.9022,"Using the model **trained WITHOUT inferred-interval features**, predicted chance of dollar churn is **90%** (high risk). That sits above the No-Go threshold, and interval confidence (80%) is high enough to auto-decide, so the recommendation is **No-Go** — decline or escalate for credit risk.",true,"Both models agree on **No-Go**. Adding the inferred interval changed churn probability by -0.1% (with=90%, without=90%).",20260712_032913,2,365.0
FdChr8M3eRo9FHjd,2025-03-05,irregular,0.3,We inferred **irregular / no clear calendar billing cycle** because the gaps between invoices (typical gap ≈ 4 days) do not line up cleanly with monthly / quarterly / semi-annual / annual calendars Confidence in this label is **30%**.,Review,low_interval_confidence,interval_confidence 0.30 < 0.50; insufficient billing history to auto-decide (data-quality guardrail).,false,0.6331,90.01,We recommended **Review** (trained WITH inferred-interval features) because the billing-cycle signal is too uncertain (confidence 30% for “irregular / no clear calendar billing cycle”). Thin or ambiguous history is treated as a data-quality issue — we do not auto Continue or auto No-Go until the cycle is clearer.,Review,0.6331,We recommended **Review** (trained WITH inferred-interval features) because the billing-cycle signal is too uncertain (confidence 30% for “irregular / no clear calendar billing cycle”). Thin or ambiguous history is treated as a data-quality issue — we do not auto Continue or auto No-Go until the cycle is clearer.,Review,0.6571,We recommended **Review** (trained WITHOUT inferred-interval features) because the billing-cycle signal is too uncertain (confidence 30% for “irregular / no clear calendar billing cycle”). Thin or ambiguous history is treated as a data-quality issue — we do not auto Continue or auto No-Go until the cycle is clearer.,true,"Both models agree on **Review**. Adding the inferred interval changed churn probability by -2.4% (with=63%, without=66%).",20260712_032913,2,4.0
jGIRkaK6XOMNHaXo,2025-03-05,irregular,0.05,We inferred **irregular / no clear calendar billing cycle** because the gaps between invoices (typical gap ≈ 1 days) do not line up cleanly with monthly / quarterly / semi-annual / annual calendars Confidence in this label is **5%**.,Review,low_interval_confidence,interval_confidence 0.05 < 0.50; insufficient billing history to auto-decide (data-quality guardrail).,false,0.99,725.08,We recommended **Review** (trained WITH inferred-interval features) because the billing-cycle signal is too uncertain (confidence 5% for “irregular / no clear calendar billing cycle”). Thin or ambiguous history is treated as a data-quality issue — we do not auto Continue or auto No-Go until the cycle is clearer.,Review,0.99,We recommended **Review** (trained WITH inferred-interval features) because the billing-cycle signal is too uncertain (confidence 5% for “irregular / no clear calendar billing cycle”). Thin or ambiguous history is treated as a data-quality issue — we do not auto Continue or auto No-Go until the cycle is clearer.,Review,0.9718,We recommended **Review** (trained WITHOUT inferred-interval features) because the billing-cycle signal is too uncertain (confidence 5% for “irregular / no clear calendar billing cycle”). Thin or ambiguous history is treated as a data-quality issue — we do not auto Continue or auto No-Go until the cycle is clearer.,true,"Both models agree on **Review**. Adding the inferred interval changed churn probability by +1.8% (with=99%, without=97%).",20260712_032913,4,1.0
wzYBCtBVhGICjig5,2025-03-05,irregular,0.1275,We inferred **irregular / no clear calendar billing cycle** because the gaps between invoices (typical gap ≈ 1 days) do not line up cleanly with monthly / quarterly / semi-annual / annual calendars Confidence in this label is **13%**.,Review,low_interval_confidence,interval_confidence 0.13 < 0.50; insufficient billing history to auto-decide (data-quality guardrail).,false,0.99,75.14,We recommended **Review** (trained WITH inferred-interval features) because the billing-cycle signal is too uncertain (confidence 13% for “irregular / no clear calendar billing cycle”). Thin or ambiguous history is treated as a data-quality issue — we do not auto Continue or auto No-Go until the cycle is clearer.,Review,0.99,We recommended **Review** (trained WITH inferred-interval features) because the billing-cycle signal is too uncertain (confidence 13% for “irregular / no clear calendar billing cycle”). Thin or ambiguous history is treated as a data-quality issue — we do not auto Continue or auto No-Go until the cycle is clearer.,Review,0.9914,We recommended **Review** (trained WITHOUT inferred-interval features) because the billing-cycle signal is too uncertain (confidence 13% for “irregular / no clear calendar billing cycle”). Thin or ambiguous history is treated as a data-quality issue — we do not auto Continue or auto No-Go until the cycle is clearer.,true,"Both models agree on **Review**. Adding the inferred interval changed churn probability by -0.1% (with=99%, without=99%).",20260712_032913,11,1.0
UuSl4NYChsRRb1E3,2025-03-05,annual,0.6635,"We inferred **annual billing (about once a year)** because the typical gap between billing days is about 1 days, which matches annual billing (about once a year) across 10 observed cycle(s) (about 100% of gaps fit that pattern) and spacing looks somewhat uneven Confidence in this label is **66%**.",No-Go,high_churn_risk,"churn_prob 0.99 vs Continue<= 0.45, No-Go>= 0.70.",true,0.9861,273.51,"Using the model **trained WITH inferred-interval features**, predicted chance of dollar churn is **99%** (high risk). That sits above the No-Go threshold, and interval confidence (66%) is high enough to auto-decide, so the recommendation is **No-Go** — decline or escalate for credit risk.",No-Go,0.9861,"Using the model **trained WITH inferred-interval features**, predicted chance of dollar churn is **99%** (high risk). That sits above the No-Go threshold, and interval confidence (66%) is high enough to auto-decide, so the recommendation is **No-Go** — decline or escalate for credit risk.",No-Go,0.9697,"Using the model **trained WITHOUT inferred-interval features**, predicted chance of dollar churn is **97%** (high risk). That sits above the No-Go threshold, and interval confidence (66%) is high enough to auto-decide, so the recommendation is **No-Go** — decline or escalate for credit risk.",true,"Both models agree on **No-Go**. Adding the inferred interval changed churn probability by +1.6% (with=99%, without=97%).",20260712_032913,11,1.0
hKeibqKbcmXwoms2,2025-03-05,monthly,0.5878,"We inferred **monthly billing (about every month)** because the typical gap between billing days is about 24 days, which matches monthly billing (about every month) across 11 observed cycle(s) (about 100% of gaps fit that pattern) and spacing looks somewhat uneven Confidence in this label is **59%**.",No-Go,high_churn_risk,"churn_prob 0.75 vs Continue<= 0.45, No-Go>= 0.70.",true,0.7471,263.2,"Using the model **trained WITH inferred-interval features**, predicted chance of dollar churn is **75%** (high risk). That sits above the No-Go threshold, and interval confidence (59%) is high enough to auto-decide, so the recommendation is **No-Go** — decline or escalate for credit risk.",No-Go,0.7471,"Using the model **trained WITH inferred-interval features**, predicted chance of dollar churn is **75%** (high risk). That sits above the No-Go threshold, and interval confidence (59%) is high enough to auto-decide, so the recommendation is **No-Go** — decline or escalate for credit risk.",No-Go,0.7134,"Using the model **trained WITHOUT inferred-interval features**, predicted chance of dollar churn is **71%** (high risk). That sits above the No-Go threshold, and interval confidence (59%) is high enough to auto-decide, so the recommendation is **No-Go** — decline or escalate for credit risk.",true,"Both models agree on **No-Go**. Adding the inferred interval changed churn probability by +3.4% (with=75%, without=71%).",20260712_032913,12,24.0
pg58QwLRULVhCbV3,2025-03-05,monthly,0.7517,"We inferred **monthly billing (about every month)** because the typical gap between billing days is about 30 days, which matches monthly billing (about every month) across 21 observed cycle(s) (about 100% of gaps fit that pattern) and spacing looks fairly regular Confidence in this label is **75%**.",No-Go,high_churn_risk,"churn_prob 0.99 vs Continue<= 0.45, No-Go>= 0.70.",true,0.9912,370.11,"Using the model **trained WITH inferred-interval features**, predicted chance of dollar churn is **99%** (high risk). That sits above the No-Go threshold, and interval confidence (75%) is high enough to auto-decide, so the recommendation is **No-Go** — decline or escalate for credit risk.",No-Go,0.9912,"Using the model **trained WITH inferred-interval features**, predicted chance of dollar churn is **99%** (high risk). That sits above the No-Go threshold, and interval confidence (75%) is high enough to auto-decide, so the recommendation is **No-Go** — decline or escalate for credit risk.",No-Go,0.9927,"Using the model **trained WITHOUT inferred-interval features**, predicted chance of dollar churn is **99%** (high risk). That sits above the No-Go threshold, and interval confidence (75%) is high enough to auto-decide, so the recommendation is **No-Go** — decline or escalate for credit risk.",true,"Both models agree on **No-Go**. Adding the inferred interval changed churn probability by -0.1% (with=99%, without=99%).",20260712_032913,22,30.0
8aGZ6LD75eTcPhO6,2025-03-05,monthly,0.5056,"We inferred **monthly billing (about every month)** because the typical gap between billing days is about 30 days, which matches monthly billing (about every month) across 8 observed cycle(s) (about 100% of gaps fit that pattern) and spacing looks somewhat uneven Confidence in this label is **51%**.",No-Go,high_churn_risk,"churn_prob 0.97 vs Continue<= 0.45, No-Go>= 0.70.",true,0.9685,459.55,"Using the model **trained WITH inferred-interval features**, predicted chance of dollar churn is **97%** (high risk). That sits above the No-Go threshold, and interval confidence (51%) is high enough to auto-decide, so the recommendation is **No-Go** — decline or escalate for credit risk.",No-Go,0.9685,"Using the model **trained WITH inferred-interval features**, predicted chance of dollar churn is **97%** (high risk). That sits above the No-Go threshold, and interval confidence (51%) is high enough to auto-decide, so the recommendation is **No-Go** — decline or escalate for credit risk.",No-Go,0.8613,"Using the model **trained WITHOUT inferred-interval features**, predicted chance of dollar churn is **86%** (high risk). That sits above the No-Go threshold, and interval confidence (51%) is high enough to auto-decide, so the recommendation is **No-Go** — decline or escalate for credit risk.",true,"Both models agree on **No-Go**. Adding the inferred interval changed churn probability by +10.7% (with=97%, without=86%).",20260712_032913,9,30.0
FKlSewPEb0JSAbu9,2025-03-05,irregular,0.3,We inferred **irregular / no clear calendar billing cycle** because the gaps between invoices (typical gap ≈ 1 days) do not line up cleanly with monthly / quarterly / semi-annual / annual calendars Confidence in this label is **30%**.,Review,low_interval_confidence,interval_confidence 0.30 < 0.50; insufficient billing history to auto-decide (data-quality guardrail).,false,0.99,62.28,We recommended **Review** (trained WITH inferred-interval features) because the billing-cycle signal is too uncertain (confidence 30% for “irregular / no clear calendar billing cycle”). Thin or ambiguous history is treated as a data-quality issue — we do not auto Continue or auto No-Go until the cycle is clearer.,Review,0.99,We recommended **Review** (trained WITH inferred-interval features) because the billing-cycle signal is too uncertain (confidence 30% for “irregular / no clear calendar billing cycle”). Thin or ambiguous history is treated as a data-quality issue — we do not auto Continue or auto No-Go until the cycle is clearer.,Review,0.9856,We recommended **Review** (trained WITHOUT inferred-interval features) because the billing-cycle signal is too uncertain (confidence 30% for “irregular / no clear calendar billing cycle”). Thin or ambiguous history is treated as a data-quality issue — we do not auto Continue or auto No-Go until the cycle is clearer.,true,"Both models agree on **Review**. Adding the inferred interval changed churn probability by +0.4% (with=99%, without=99%).",20260712_032913,11,1.0
kmFPw4R1FLJlg37D,2025-03-05,one_time_candidate,0.95,We inferred **looks like a one-time / non-recurring charge pattern** because there is essentially a single invoice followed by a long quiet period with no repeat billing Confidence in this label is **95%**.,Review,borderline_churn_risk,"churn_prob 0.57 vs Continue<= 0.45, No-Go>= 0.70.",false,0.5736,25.12,"Using the model **trained WITH inferred-interval features**, predicted chance of dollar churn is **57%** (elevated risk). That sits between the Continue and No-Go bands (or still needs analyst judgment), so the recommendation is **Review**.",Review,0.5736,"Using the model **trained WITH inferred-interval features**, predicted chance of dollar churn is **57%** (elevated risk). That sits between the Continue and No-Go bands (or still needs analyst judgment), so the recommendation is **Review**.",Review,0.4566,"Using the model **trained WITHOUT inferred-interval features**, predicted chance of dollar churn is **46%** (elevated risk). That sits between the Continue and No-Go bands (or still needs analyst judgment), so the recommendation is **Review**.",true,"Both models agree on **Review**. Adding the inferred interval changed churn probability by +11.7% (with=57%, without=46%).",20260712_032913,1,
N2SlHk1Wt3YsvCUH,2025-03-05,irregular,0.0723,We inferred **irregular / no clear calendar billing cycle** because the gaps between invoices (typical gap ≈ 1 days) do not line up cleanly with monthly / quarterly / semi-annual / annual calendars Confidence in this label is **7%**.,Review,low_interval_confidence,interval_confidence 0.07 < 0.50; insufficient billing history to auto-decide (data-quality guardrail).,false,0.99,75.95,We recommended **Review** (trained WITH inferred-interval features) because the billing-cycle signal is too uncertain (confidence 7% for “irregular / no clear calendar billing cycle”). Thin or ambiguous history is treated as a data-quality issue — we do not auto Continue or auto No-Go until the cycle is clearer.,Review,0.99,We recommended **Review** (trained WITH inferred-interval features) because the billing-cycle signal is too uncertain (confidence 7% for “irregular / no clear calendar billing cycle”). Thin or ambiguous history is treated as a data-quality issue — we do not auto Continue or auto No-Go until the cycle is clearer.,Review,0.9914,We recommended **Review** (trained WITHOUT inferred-interval features) because the billing-cycle signal is too uncertain (confidence 7% for “irregular / no clear calendar billing cycle”). Thin or ambiguous history is treated as a data-quality issue — we do not auto Continue or auto No-Go until the cycle is clearer.,true,"Both models agree on **Review**. Adding the inferred interval changed churn probability by -0.1% (with=99%, without=99%).",20260712_032913,8,1.0
CauH0bXE4Cfv7qe0,2025-03-05,one_time_candidate,0.9338,We inferred **looks like a one-time / non-recurring charge pattern** because there is essentially a single invoice followed by a long quiet period with no repeat billing Confidence in this label is **93%**.,Review,borderline_churn_risk,"churn_prob 0.63 vs Continue<= 0.45, No-Go>= 0.70.",false,0.6331,49.53,"Using the model **trained WITH inferred-interval features**, predicted chance of dollar churn is **63%** (elevated risk). That sits between the Continue and No-Go bands (or still needs analyst judgment), so the recommendation is **Review**.",Review,0.6331,"Using the model **trained WITH inferred-interval features**, predicted chance of dollar churn is **63%** (elevated risk). That sits between the Continue and No-Go bands (or still needs analyst judgment), so the recommendation is **Review**.",Review,0.4946,"Using the model **trained WITHOUT inferred-interval features**, predicted chance of dollar churn is **49%** (elevated risk). That sits between the Continue and No-Go bands (or still needs analyst judgment), so the recommendation is **Review**.",true,"Both models agree on **Review**. Adding the inferred interval changed churn probability by +13.9% (with=63%, without=49%).",20260712_032913,1,
tKH1OklRQyRAxRV5,2025-03-05,monthly,0.9614,"We inferred **monthly billing (about every month)** because the typical gap between billing days is about 31 days, which matches monthly billing (about every month) across 25 observed cycle(s) (about 100% of gaps fit that pattern) and spacing looks very regular Confidence in this label is **96%**.",Continue,low_churn_risk,"churn_prob 0.35 vs Continue<= 0.45, No-Go>= 0.70.",true,0.3474,155.57,"Using the model **trained WITH inferred-interval features**, predicted chance of dollar churn is **35%** (elevated risk). That sits below the Continue threshold, and interval confidence (96%) is high enough to auto-decide, so the recommendation is **Continue** — proceed with onboarding.",Continue,0.3474,"Using the model **trained WITH inferred-interval features**, predicted chance of dollar churn is **35%** (elevated risk). That sits below the Continue threshold, and interval confidence (96%) is high enough to auto-decide, so the recommendation is **Continue** — proceed with onboarding.",Continue,0.3235,"Using the model **trained WITHOUT inferred-interval features**, predicted chance of dollar churn is **32%** (elevated risk). That sits below the Continue threshold, and interval confidence (96%) is high enough to auto-decide, so the recommendation is **Continue** — proceed with onboarding.",true,"Both models agree on **Continue**. Adding the inferred interval changed churn probability by +2.4% (with=35%, without=32%).",20260712_032913,26,31.0
cVwaUu9m9a1ATOdq,2025-03-05,one_time_candidate,0.9475,We inferred **looks like a one-time / non-recurring charge pattern** because there is essentially a single invoice followed by a long quiet period with no repeat billing Confidence in this label is **95%**.,Review,borderline_churn_risk,"churn_prob 0.57 vs Continue<= 0.45, No-Go>= 0.70.",false,0.5736,44.69,"Using the model **trained WITH inferred-interval features**, predicted chance of dollar churn is **57%** (elevated risk). That sits between the Continue and No-Go bands (or still needs analyst judgment), so the recommendation is **Review**.",Review,0.5736,"Using the model **trained WITH inferred-interval features**, predicted chance of dollar churn is **57%** (elevated risk). That sits between the Continue and No-Go bands (or still needs analyst judgment), so the recommendation is **Review**.",Review,0.4908,"Using the model **trained WITHOUT inferred-interval features**, predicted chance of dollar churn is **49%** (elevated risk). That sits between the Continue and No-Go bands (or still needs analyst judgment), so the recommendation is **Review**.",true,"Both models agree on **Review**. Adding the inferred interval changed churn probability by +8.3% (with=57%, without=49%).",20260712_032913,1,
A6uwvUg2bSMOWSrK,2025-03-05,monthly,0.9614,"We inferred **monthly billing (about every month)** because the typical gap between billing days is about 31 days, which matches monthly billing (about every month) across 25 observed cycle(s) (about 100% of gaps fit that pattern) and spacing looks very regular Confidence in this label is **96%**.",Continue,low_churn_risk,"churn_prob 0.35 vs Continue<= 0.45, No-Go>= 0.70.",true,0.3474,155.57,"Using the model **trained WITH inferred-interval features**, predicted chance of dollar churn is **35%** (elevated risk). That sits below the Continue threshold, and interval confidence (96%) is high enough to auto-decide, so the recommendation is **Continue** — proceed with onboarding.",Continue,0.3474,"Using the model **trained WITH inferred-interval features**, predicted chance of dollar churn is **35%** (elevated risk). That sits below the Continue threshold, and interval confidence (96%) is high enough to auto-decide, so the recommendation is **Continue** — proceed with onboarding.",Continue,0.3235,"Using the model **trained WITHOUT inferred-interval features**, predicted chance of dollar churn is **32%** (elevated risk). That sits below the Continue threshold, and interval confidence (96%) is high enough to auto-decide, so the recommendation is **Continue** — proceed with onboarding.",true,"Both models agree on **Continue**. Adding the inferred interval changed churn probability by +2.4% (with=35%, without=32%).",20260712_032913,26,31.0
aYR4Jk3bLA3XbDBb,2025-03-05,irregular,0.3,We inferred **irregular / no clear calendar billing cycle** because the gaps between invoices (typical gap ≈ 1 days) do not line up cleanly with monthly / quarterly / semi-annual / annual calendars Confidence in this label is **30%**.,Review,low_interval_confidence,interval_confidence 0.30 < 0.50; insufficient billing history to auto-decide (data-quality guardrail).,false,0.982,191.94,We recommended **Review** (trained WITH inferred-interval features) because the billing-cycle signal is too uncertain (confidence 30% for “irregular / no clear calendar billing cycle”). Thin or ambiguous history is treated as a data-quality issue — we do not auto Continue or auto No-Go until the cycle is clearer.,Review,0.982,We recommended **Review** (trained WITH inferred-interval features) because the billing-cycle signal is too uncertain (confidence 30% for “irregular / no clear calendar billing cycle”). Thin or ambiguous history is treated as a data-quality issue — we do not auto Continue or auto No-Go until the cycle is clearer.,Review,0.9697,We recommended **Review** (trained WITHOUT inferred-interval features) because the billing-cycle signal is too uncertain (confidence 30% for “irregular / no clear calendar billing cycle”). Thin or ambiguous history is treated as a data-quality issue — we do not auto Continue or auto No-Go until the cycle is clearer.,true,"Both models agree on **Review**. Adding the inferred interval changed churn probability by +1.2% (with=98%, without=97%).",20260712_032913,10,1.0
iI9XCtsMQUAYmTgf,2025-03-05,one_time_candidate,0.95,We inferred **looks like a one-time / non-recurring charge pattern** because there is essentially a single invoice followed by a long quiet period with no repeat billing Confidence in this label is **95%**.,Review,borderline_churn_risk,"churn_prob 0.63 vs Continue<= 0.45, No-Go>= 0.70.",false,0.6331,49.33,"Using the model **trained WITH inferred-interval features**, predicted chance of dollar churn is **63%** (elevated risk). That sits between the Continue and No-Go bands (or still needs analyst judgment), so the recommendation is **Review**.",Review,0.6331,"Using the model **trained WITH inferred-interval features**, predicted chance of dollar churn is **63%** (elevated risk). That sits between the Continue and No-Go bands (or still needs analyst judgment), so the recommendation is **Review**.",Review,0.4908,"Using the model **trained WITHOUT inferred-interval features**, predicted chance of dollar churn is **49%** (elevated risk). That sits between the Continue and No-Go bands (or still needs analyst judgment), so the recommendation is **Review**.",true,"Both models agree on **Review**. Adding the inferred interval changed churn probability by +14.2% (with=63%, without=49%).",20260712_032913,1,
zZoPvy6win4cm5V9,2025-03-05,monthly,0.9415,"We inferred **monthly billing (about every month)** because the typical gap between billing days is about 31 days, which matches monthly billing (about every month) across 13 observed cycle(s) (about 100% of gaps fit that pattern) and spacing looks very regular Confidence in this label is **94%**.",No-Go,high_churn_risk,"churn_prob 0.98 vs Continue<= 0.45, No-Go>= 0.70.",true,0.982,3.0,"Using the model **trained WITH inferred-interval features**, predicted chance of dollar churn is **98%** (high risk). That sits above the No-Go threshold, and interval confidence (94%) is high enough to auto-decide, so the recommendation is **No-Go** — decline or escalate for credit risk.",No-Go,0.982,"Using the model **trained WITH inferred-interval features**, predicted chance of dollar churn is **98%** (high risk). That sits above the No-Go threshold, and interval confidence (94%) is high enough to auto-decide, so the recommendation is **No-Go** — decline or escalate for credit risk.",No-Go,0.9718,"Using the model **trained WITHOUT inferred-interval features**, predicted chance of dollar churn is **97%** (high risk). That sits above the No-Go threshold, and interval confidence (94%) is high enough to auto-decide, so the recommendation is **No-Go** — decline or escalate for credit risk.",true,"Both models agree on **No-Go**. Adding the inferred interval changed churn probability by +1.0% (with=98%, without=97%).",20260712_032913,14,31.0
1N8aRvbI24v8RBcR,2025-03-05,irregular,0.3,We inferred **irregular / no clear calendar billing cycle** because the gaps between invoices (typical gap ≈ 1 days) do not line up cleanly with monthly / quarterly / semi-annual / annual calendars Confidence in this label is **30%**.,Review,low_interval_confidence,interval_confidence 0.30 < 0.50; insufficient billing history to auto-decide (data-quality guardrail).,false,0.9429,43.54,We recommended **Review** (trained WITH inferred-interval features) because the billing-cycle signal is too uncertain (confidence 30% for “irregular / no clear calendar billing cycle”). Thin or ambiguous history is treated as a data-quality issue — we do not auto Continue or auto No-Go until the cycle is clearer.,Review,0.9429,We recommended **Review** (trained WITH inferred-interval features) because the billing-cycle signal is too uncertain (confidence 30% for “irregular / no clear calendar billing cycle”). Thin or ambiguous history is treated as a data-quality issue — we do not auto Continue or auto No-Go until the cycle is clearer.,Review,0.9022,We recommended **Review** (trained WITHOUT inferred-interval features) because the billing-cycle signal is too uncertain (confidence 30% for “irregular / no clear calendar billing cycle”). Thin or ambiguous history is treated as a data-quality issue — we do not auto Continue or auto No-Go until the cycle is clearer.,true,"Both models agree on **Review**. Adding the inferred interval changed churn probability by +4.1% (with=94%, without=90%).",20260712_032913,5,1.0
IbRUxyv7PKL20Kie,2025-03-05,annual,0.8655,"We inferred **annual billing (about once a year)** because the typical gap between billing days is about 366 days, which matches annual billing (about once a year) across 2 observed cycle(s) (about 100% of gaps fit that pattern) and spacing looks very regular Confidence in this label is **87%**.",Review,borderline_churn_risk,"churn_prob 0.52 vs Continue<= 0.45, No-Go>= 0.70.",false,0.5163,300.81,"Using the model **trained WITH inferred-interval features**, predicted chance of dollar churn is **52%** (elevated risk). That sits between the Continue and No-Go bands (or still needs analyst judgment), so the recommendation is **Review**.",Review,0.5163,"Using the model **trained WITH inferred-interval features**, predicted chance of dollar churn is **52%** (elevated risk). That sits between the Continue and No-Go bands (or still needs analyst judgment), so the recommendation is **Review**.",Review,0.6091,"Using the model **trained WITHOUT inferred-interval features**, predicted chance of dollar churn is **61%** (elevated risk). That sits between the Continue and No-Go bands (or still needs analyst judgment), so the recommendation is **Review**.",true,"Both models agree on **Review**. Adding the inferred interval changed churn probability by -9.3% (with=52%, without=61%).",20260712_032913,3,365.5
WNde0ueOWByT6FOI,2025-03-05,monthly,0.7965,"We inferred **monthly billing (about every month)** because the typical gap between billing days is about 30 days, which matches monthly billing (about every month) across 26 observed cycle(s) (about 100% of gaps fit that pattern) and spacing looks fairly regular Confidence in this label is **80%**.",No-Go,high_churn_risk,"churn_prob 0.78 vs Continue<= 0.45, No-Go>= 0.70.",true,0.7761,485.4,"Using the model **trained WITH inferred-interval features**, predicted chance of dollar churn is **78%** (high risk). That sits above the No-Go threshold, and interval confidence (80%) is high enough to auto-decide, so the recommendation is **No-Go** — decline or escalate for credit risk.",No-Go,0.7761,"Using the model **trained WITH inferred-interval features**, predicted chance of dollar churn is **78%** (high risk). That sits above the No-Go threshold, and interval confidence (80%) is high enough to auto-decide, so the recommendation is **No-Go** — decline or escalate for credit risk.",No-Go,0.7134,"Using the model **trained WITHOUT inferred-interval features**, predicted chance of dollar churn is **71%** (high risk). That sits above the No-Go threshold, and interval confidence (80%) is high enough to auto-decide, so the recommendation is **No-Go** — decline or escalate for credit risk.",true,"Both models agree on **No-Go**. Adding the inferred interval changed churn probability by +6.3% (with=78%, without=71%).",20260712_032913,27,30.0
O0za8hkb3QC6V4i7,2025-03-05,monthly,0.6479,"We inferred **monthly billing (about every month)** because the typical gap between billing days is about 30 days, which matches monthly billing (about every month) across 26 observed cycle(s) (about 100% of gaps fit that pattern) and spacing looks somewhat uneven Confidence in this label is **65%**.",No-Go,high_churn_risk,"churn_prob 0.99 vs Continue<= 0.45, No-Go>= 0.70.",true,0.9912,681.61,"Using the model **trained WITH inferred-interval features**, predicted chance of dollar churn is **99%** (high risk). That sits above the No-Go threshold, and interval confidence (65%) is high enough to auto-decide, so the recommendation is **No-Go** — decline or escalate for credit risk.",No-Go,0.9912,"Using the model **trained WITH inferred-interval features**, predicted chance of dollar churn is **99%** (high risk). That sits above the No-Go threshold, and interval confidence (65%) is high enough to auto-decide, so the recommendation is **No-Go** — decline or escalate for credit risk.",No-Go,0.9927,"Using the model **trained WITHOUT inferred-interval features**, predicted chance of dollar churn is **99%** (high risk). That sits above the No-Go threshold, and interval confidence (65%) is high enough to auto-decide, so the recommendation is **No-Go** — decline or escalate for credit risk.",true,"Both models agree on **No-Go**. Adding the inferred interval changed churn probability by -0.1% (with=99%, without=99%).",20260712_032913,27,30.0
9DrQTdxRxAEazxKe,2025-03-05,one_time_candidate,0.9338,We inferred **looks like a one-time / non-recurring charge pattern** because there is essentially a single invoice followed by a long quiet period with no repeat billing Confidence in this label is **93%**.,No-Go,high_churn_risk,"churn_prob 0.98 vs Continue<= 0.45, No-Go>= 0.70.",true,0.982,1.12,"Using the model **trained WITH inferred-interval features**, predicted chance of dollar churn is **98%** (high risk). That sits above the No-Go threshold, and interval confidence (93%) is high enough to auto-decide, so the recommendation is **No-Go** — decline or escalate for credit risk.",No-Go,0.982,"Using the model **trained WITH inferred-interval features**, predicted chance of dollar churn is **98%** (high risk). That sits above the No-Go threshold, and interval confidence (93%) is high enough to auto-decide, so the recommendation is **No-Go** — decline or escalate for credit risk.",No-Go,0.9667,"Using the model **trained WITHOUT inferred-interval features**, predicted chance of dollar churn is **97%** (high risk). That sits above the No-Go threshold, and interval confidence (93%) is high enough to auto-decide, so the recommendation is **No-Go** — decline or escalate for credit risk.",true,"Both models agree on **No-Go**. Adding the inferred interval changed churn probability by +1.5% (with=98%, without=97%).",20260712_032913,1,
lqPSqKe82ruz6JSN,2025-03-05,monthly,0.6862,"We inferred **monthly billing (about every month)** because the typical gap between billing days is about 1 days, which matches monthly billing (about every month) across 28 observed cycle(s) (about 100% of gaps fit that pattern) and spacing looks somewhat uneven Confidence in this label is **69%**.",No-Go,high_churn_risk,"churn_prob 0.99 vs Continue<= 0.45, No-Go>= 0.70.",true,0.9948,30.51,"Using the model **trained WITH inferred-interval features**, predicted chance of dollar churn is **99%** (high risk). That sits above the No-Go threshold, and interval confidence (69%) is high enough to auto-decide, so the recommendation is **No-Go** — decline or escalate for credit risk.",No-Go,0.9948,"Using the model **trained WITH inferred-interval features**, predicted chance of dollar churn is **99%** (high risk). That sits above the No-Go threshold, and interval confidence (69%) is high enough to auto-decide, so the recommendation is **No-Go** — decline or escalate for credit risk.",No-Go,0.9956,"Using the model **trained WITHOUT inferred-interval features**, predicted chance of dollar churn is **100%** (high risk). That sits above the No-Go threshold, and interval confidence (69%) is high enough to auto-decide, so the recommendation is **No-Go** — decline or escalate for credit risk.",true,"Both models agree on **No-Go**. Adding the inferred interval changed churn probability by -0.1% (with=99%, without=100%).",20260712_032913,29,1.0
kRkbOJBUeuRdVwhi,2025-03-05,irregular,0.3,We inferred **irregular / no clear calendar billing cycle** because the gaps between invoices (typical gap ≈ 1 days) do not line up cleanly with monthly / quarterly / semi-annual / annual calendars Confidence in this label is **30%**.,Review,low_interval_confidence,interval_confidence 0.30 < 0.50; insufficient billing history to auto-decide (data-quality guardrail).,false,0.982,191.94,We recommended **Review** (trained WITH inferred-interval features) because the billing-cycle signal is too uncertain (confidence 30% for “irregular / no clear calendar billing cycle”). Thin or ambiguous history is treated as a data-quality issue — we do not auto Continue or auto No-Go until the cycle is clearer.,Review,0.982,We recommended **Review** (trained WITH inferred-interval features) because the billing-cycle signal is too uncertain (confidence 30% for “irregular / no clear calendar billing cycle”). Thin or ambiguous history is treated as a data-quality issue — we do not auto Continue or auto No-Go until the cycle is clearer.,Review,0.9697,We recommended **Review** (trained WITHOUT inferred-interval features) because the billing-cycle signal is too uncertain (confidence 30% for “irregular / no clear calendar billing cycle”). Thin or ambiguous history is treated as a data-quality issue — we do not auto Continue or auto No-Go until the cycle is clearer.,true,"Both models agree on **Review**. Adding the inferred interval changed churn probability by +1.2% (with=98%, without=97%).",20260712_032913,10,1.0
Vt6g8J5NClV8n8zw,2025-03-05,monthly,0.771,"We inferred **monthly billing (about every month)** because the typical gap between billing days is about 29 days, which matches monthly billing (about every month) across 4 observed cycle(s) (about 100% of gaps fit that pattern) and spacing looks very regular Confidence in this label is **77%**.",No-Go,high_churn_risk,"churn_prob 0.99 vs Continue<= 0.45, No-Go>= 0.70.",true,0.99,16.86,"Using the model **trained WITH inferred-interval features**, predicted chance of dollar churn is **99%** (high risk). That sits above the No-Go threshold, and interval confidence (77%) is high enough to auto-decide, so the recommendation is **No-Go** — decline or escalate for credit risk.",No-Go,0.99,"Using the model **trained WITH inferred-interval features**, predicted chance of dollar churn is **99%** (high risk). That sits above the No-Go threshold, and interval confidence (77%) is high enough to auto-decide, so the recommendation is **No-Go** — decline or escalate for credit risk.",No-Go,0.9856,"Using the model **trained WITHOUT inferred-interval features**, predicted chance of dollar churn is **99%** (high risk). That sits above the No-Go threshold, and interval confidence (77%) is high enough to auto-decide, so the recommendation is **No-Go** — decline or escalate for credit risk.",true,"Both models agree on **No-Go**. Adding the inferred interval changed churn probability by +0.4% (with=99%, without=99%).",20260712_032913,5,29.0
K8tAe7sLsv6WrmNn,2025-03-05,monthly,0.4718,"We inferred **monthly billing (about every month)** because the typical gap between billing days is about 25 days, which matches monthly billing (about every month) across 3 observed cycle(s) (about 100% of gaps fit that pattern) and spacing looks somewhat uneven Confidence in this label is **47%**.",Review,low_interval_confidence,interval_confidence 0.47 < 0.50; insufficient billing history to auto-decide (data-quality guardrail).,false,0.99,0.69,We recommended **Review** (trained WITH inferred-interval features) because the billing-cycle signal is too uncertain (confidence 47% for “monthly billing (about every month)”). Thin or ambiguous history is treated as a data-quality issue — we do not auto Continue or auto No-Go until the cycle is clearer.,Review,0.99,We recommended **Review** (trained WITH inferred-interval features) because the billing-cycle signal is too uncertain (confidence 47% for “monthly billing (about every month)”). Thin or ambiguous history is treated as a data-quality issue — we do not auto Continue or auto No-Go until the cycle is clearer.,Review,0.9927,We recommended **Review** (trained WITHOUT inferred-interval features) because the billing-cycle signal is too uncertain (confidence 47% for “monthly billing (about every month)”). Thin or ambiguous history is treated as a data-quality issue — we do not auto Continue or auto No-Go until the cycle is clearer.,true,"Both models agree on **Review**. Adding the inferred interval changed churn probability by -0.3% (with=99%, without=99%).",20260712_032913,4,25.0
k5x3RKmrDEcrCQuy,2025-03-05,monthly,0.5724,"We inferred **monthly billing (about every month)** because the typical gap between billing days is about 1 days, which matches monthly billing (about every month) across 13 observed cycle(s) (about 100% of gaps fit that pattern) and spacing looks somewhat uneven Confidence in this label is **57%**.",No-Go,high_churn_risk,"churn_prob 0.99 vs Continue<= 0.45, No-Go>= 0.70.",true,0.9948,2.49,"Using the model **trained WITH inferred-interval features**, predicted chance of dollar churn is **99%** (high risk). That sits above the No-Go threshold, and interval confidence (57%) is high enough to auto-decide, so the recommendation is **No-Go** — decline or escalate for credit risk.",No-Go,0.9948,"Using the model **trained WITH inferred-interval features**, predicted chance of dollar churn is **99%** (high risk). That sits above the No-Go threshold, and interval confidence (57%) is high enough to auto-decide, so the recommendation is **No-Go** — decline or escalate for credit risk.",No-Go,0.9927,"Using the model **trained WITHOUT inferred-interval features**, predicted chance of dollar churn is **99%** (high risk). That sits above the No-Go threshold, and interval confidence (57%) is high enough to auto-decide, so the recommendation is **No-Go** — decline or escalate for credit risk.",true,"Both models agree on **No-Go**. Adding the inferred interval changed churn probability by +0.2% (with=99%, without=99%).",20260712_032913,14,1.0
OxnEDo3c2VNg53nb,2025-03-05,monthly,0.8462,"We inferred **monthly billing (about every month)** because the typical gap between billing days is about 31 days, which matches monthly billing (about every month) across 21 observed cycle(s) (about 100% of gaps fit that pattern) and spacing looks fairly regular Confidence in this label is **85%**.",No-Go,high_churn_risk,"churn_prob 0.88 vs Continue<= 0.45, No-Go>= 0.70.",true,0.875,317.02,"Using the model **trained WITH inferred-interval features**, predicted chance of dollar churn is **88%** (high risk). That sits above the No-Go threshold, and interval confidence (85%) is high enough to auto-decide, so the recommendation is **No-Go** — decline or escalate for credit risk.",No-Go,0.875,"Using the model **trained WITH inferred-interval features**, predicted chance of dollar churn is **88%** (high risk). That sits above the No-Go threshold, and interval confidence (85%) is high enough to auto-decide, so the recommendation is **No-Go** — decline or escalate for credit risk.",No-Go,0.9461,"Using the model **trained WITHOUT inferred-interval features**, predicted chance of dollar churn is **95%** (high risk). That sits above the No-Go threshold, and interval confidence (85%) is high enough to auto-decide, so the recommendation is **No-Go** — decline or escalate for credit risk.",true,"Both models agree on **No-Go**. Adding the inferred interval changed churn probability by -7.1% (with=88%, without=95%).",20260712_032913,22,31.0
R6sOUhrXCbfy3BPJ,2025-03-05,monthly,0.3958,"We inferred **monthly billing (about every month)** because the typical gap between billing days is about 1 days, which matches monthly billing (about every month) across 11 observed cycle(s) (about 100% of gaps fit that pattern) and spacing looks somewhat uneven Confidence in this label is **40%**.",Review,low_interval_confidence,interval_confidence 0.40 < 0.50; insufficient billing history to auto-decide (data-quality guardrail).,false,0.9656,46.24,We recommended **Review** (trained WITH inferred-interval features) because the billing-cycle signal is too uncertain (confidence 40% for “monthly billing (about every month)”). Thin or ambiguous history is treated as a data-quality issue — we do not auto Continue or auto No-Go until the cycle is clearer.,Review,0.9656,We recommended **Review** (trained WITH inferred-interval features) because the billing-cycle signal is too uncertain (confidence 40% for “monthly billing (about every month)”). Thin or ambiguous history is treated as a data-quality issue — we do not auto Continue or auto No-Go until the cycle is clearer.,Review,0.9504,We recommended **Review** (trained WITHOUT inferred-interval features) because the billing-cycle signal is too uncertain (confidence 40% for “monthly billing (about every month)”). Thin or ambiguous history is treated as a data-quality issue — we do not auto Continue or auto No-Go until the cycle is clearer.,true,"Both models agree on **Review**. Adding the inferred interval changed churn probability by +1.5% (with=97%, without=95%).",20260712_032913,12,1.0
pu5y4jsXv8RYRwTF,2025-03-05,irregular,0.0892,We inferred **irregular / no clear calendar billing cycle** because the gaps between invoices (typical gap ≈ 1 days) do not line up cleanly with monthly / quarterly / semi-annual / annual calendars Confidence in this label is **9%**.,Review,low_interval_confidence,interval_confidence 0.09 < 0.50; insufficient billing history to auto-decide (data-quality guardrail).,false,0.99,340.88,We recommended **Review** (trained WITH inferred-interval features) because the billing-cycle signal is too uncertain (confidence 9% for “irregular / no clear calendar billing cycle”). Thin or ambiguous history is treated as a data-quality issue — we do not auto Continue or auto No-Go until the cycle is clearer.,Review,0.99,We recommended **Review** (trained WITH inferred-interval features) because the billing-cycle signal is too uncertain (confidence 9% for “irregular / no clear calendar billing cycle”). Thin or ambiguous history is treated as a data-quality issue — we do not auto Continue or auto No-Go until the cycle is clearer.,Review,0.9697,We recommended **Review** (trained WITHOUT inferred-interval features) because the billing-cycle signal is too uncertain (confidence 9% for “irregular / no clear calendar billing cycle”). Thin or ambiguous history is treated as a data-quality issue — we do not auto Continue or auto No-Go until the cycle is clearer.,true,"Both models agree on **Review**. Adding the inferred interval changed churn probability by +2.0% (with=99%, without=97%).",20260712_032913,11,1.0
eDIkiWk3mlLepeZM,2025-03-05,monthly,0.6615,"We inferred **monthly billing (about every month)** because the typical gap between billing days is about 28 days, which matches monthly billing (about every month) across 1 observed cycle(s) (about 100% of gaps fit that pattern) Confidence in this label is **66%**.",No-Go,high_churn_risk,"churn_prob 0.95 vs Continue<= 0.45, No-Go>= 0.70.",true,0.9494,0.78,"Using the model **trained WITH inferred-interval features**, predicted chance of dollar churn is **95%** (high risk). That sits above the No-Go threshold, and interval confidence (66%) is high enough to auto-decide, so the recommendation is **No-Go** — decline or escalate for credit risk.",No-Go,0.9494,"Using the model **trained WITH inferred-interval features**, predicted chance of dollar churn is **95%** (high risk). That sits above the No-Go threshold, and interval confidence (66%) is high enough to auto-decide, so the recommendation is **No-Go** — decline or escalate for credit risk.",No-Go,0.9295,"Using the model **trained WITHOUT inferred-interval features**, predicted chance of dollar churn is **93%** (high risk). That sits above the No-Go threshold, and interval confidence (66%) is high enough to auto-decide, so the recommendation is **No-Go** — decline or escalate for credit risk.",true,"Both models agree on **No-Go**. Adding the inferred interval changed churn probability by +2.0% (with=95%, without=93%).",20260712_032913,2,28.0
vm9wAj3farMNsRRM,2025-03-05,irregular,0.05,We inferred **irregular / no clear calendar billing cycle** because the gaps between invoices (typical gap ≈ 1 days) do not line up cleanly with monthly / quarterly / semi-annual / annual calendars Confidence in this label is **5%**.,Review,low_interval_confidence,interval_confidence 0.05 < 0.50; insufficient billing history to auto-decide (data-quality guardrail).,false,0.982,51.97,We recommended **Review** (trained WITH inferred-interval features) because the billing-cycle signal is too uncertain (confidence 5% for “irregular / no clear calendar billing cycle”). Thin or ambiguous history is treated as a data-quality issue — we do not auto Continue or auto No-Go until the cycle is clearer.,Review,0.982,We recommended **Review** (trained WITH inferred-interval features) because the billing-cycle signal is too uncertain (confidence 5% for “irregular / no clear calendar billing cycle”). Thin or ambiguous history is treated as a data-quality issue — we do not auto Continue or auto No-Go until the cycle is clearer.,Review,0.9741,We recommended **Review** (trained WITHOUT inferred-interval features) because the billing-cycle signal is too uncertain (confidence 5% for “irregular / no clear calendar billing cycle”). Thin or ambiguous history is treated as a data-quality issue — we do not auto Continue or auto No-Go until the cycle is clearer.,true,"Both models agree on **Review**. Adding the inferred interval changed churn probability by +0.8% (with=98%, without=97%).",20260712_032913,12,1.0
eSO8SLrGL4DTGcJS,2025-03-05,monthly,0.7988,"We inferred **monthly billing (about every month)** because the typical gap between billing days is about 30 days, which matches monthly billing (about every month) across 5 observed cycle(s) (about 100% of gaps fit that pattern) and spacing looks very regular Confidence in this label is **80%**.",No-Go,high_churn_risk,"churn_prob 0.99 vs Continue<= 0.45, No-Go>= 0.70.",true,0.99,16.97,"Using the model **trained WITH inferred-interval features**, predicted chance of dollar churn is **99%** (high risk). That sits above the No-Go threshold, and interval confidence (80%) is high enough to auto-decide, so the recommendation is **No-Go** — decline or escalate for credit risk.",No-Go,0.99,"Using the model **trained WITH inferred-interval features**, predicted chance of dollar churn is **99%** (high risk). That sits above the No-Go threshold, and interval confidence (80%) is high enough to auto-decide, so the recommendation is **No-Go** — decline or escalate for credit risk.",No-Go,0.9914,"Using the model **trained WITHOUT inferred-interval features**, predicted chance of dollar churn is **99%** (high risk). That sits above the No-Go threshold, and interval confidence (80%) is high enough to auto-decide, so the recommendation is **No-Go** — decline or escalate for credit risk.",true,"Both models agree on **No-Go**. Adding the inferred interval changed churn probability by -0.1% (with=99%, without=99%).",20260712_032913,6,30.0
M5xLer2fHhwP8bKp,2025-03-05,annual,0.6635,"We inferred **annual billing (about once a year)** because the typical gap between billing days is about 1 days, which matches annual billing (about once a year) across 10 observed cycle(s) (about 100% of gaps fit that pattern) and spacing looks somewhat uneven Confidence in this label is **66%**.",No-Go,high_churn_risk,"churn_prob 0.99 vs Continue<= 0.45, No-Go>= 0.70.",true,0.9861,273.51,"Using the model **trained WITH inferred-interval features**, predicted chance of dollar churn is **99%** (high risk). That sits above the No-Go threshold, and interval confidence (66%) is high enough to auto-decide, so the recommendation is **No-Go** — decline or escalate for credit risk.",No-Go,0.9861,"Using the model **trained WITH inferred-interval features**, predicted chance of dollar churn is **99%** (high risk). That sits above the No-Go threshold, and interval confidence (66%) is high enough to auto-decide, so the recommendation is **No-Go** — decline or escalate for credit risk.",No-Go,0.9697,"Using the model **trained WITHOUT inferred-interval features**, predicted chance of dollar churn is **97%** (high risk). That sits above the No-Go threshold, and interval confidence (66%) is high enough to auto-decide, so the recommendation is **No-Go** — decline or escalate for credit risk.",true,"Both models agree on **No-Go**. Adding the inferred interval changed churn probability by +1.6% (with=99%, without=97%).",20260712_032913,11,1.0
Mq4MfAsOTUll2TyK,2025-03-05,annual,0.6634,"We inferred **annual billing (about once a year)** because the typical gap between billing days is about 1 days, which matches annual billing (about once a year) across 10 observed cycle(s) (about 100% of gaps fit that pattern) and spacing looks somewhat uneven Confidence in this label is **66%**.",No-Go,high_churn_risk,"churn_prob 0.99 vs Continue<= 0.45, No-Go>= 0.70.",true,0.9861,271.82,"Using the model **trained WITH inferred-interval features**, predicted chance of dollar churn is **99%** (high risk). That sits above the No-Go threshold, and interval confidence (66%) is high enough to auto-decide, so the recommendation is **No-Go** — decline or escalate for credit risk.",No-Go,0.9861,"Using the model **trained WITH inferred-interval features**, predicted chance of dollar churn is **99%** (high risk). That sits above the No-Go threshold, and interval confidence (66%) is high enough to auto-decide, so the recommendation is **No-Go** — decline or escalate for credit risk.",No-Go,0.9718,"Using the model **trained WITHOUT inferred-interval features**, predicted chance of dollar churn is **97%** (high risk). That sits above the No-Go threshold, and interval confidence (66%) is high enough to auto-decide, so the recommendation is **No-Go** — decline or escalate for credit risk.",true,"Both models agree on **No-Go**. Adding the inferred interval changed churn probability by +1.4% (with=99%, without=97%).",20260712_032913,11,1.0
z3zhR5LykQiRFlEb,2025-03-05,monthly,0.7074,"We inferred **monthly billing (about every month)** because the typical gap between billing days is about 27 days, which matches monthly billing (about every month) across 2 observed cycle(s) (about 100% of gaps fit that pattern) and spacing looks very regular Confidence in this label is **71%**.",No-Go,high_churn_risk,"churn_prob 0.97 vs Continue<= 0.45, No-Go>= 0.70.",true,0.9656,0.0,"Using the model **trained WITH inferred-interval features**, predicted chance of dollar churn is **97%** (high risk). That sits above the No-Go threshold, and interval confidence (71%) is high enough to auto-decide, so the recommendation is **No-Go** — decline or escalate for credit risk.",No-Go,0.9656,"Using the model **trained WITH inferred-interval features**, predicted chance of dollar churn is **97%** (high risk). That sits above the No-Go threshold, and interval confidence (71%) is high enough to auto-decide, so the recommendation is **No-Go** — decline or escalate for credit risk.",No-Go,0.9697,"Using the model **trained WITHOUT inferred-interval features**, predicted chance of dollar churn is **97%** (high risk). That sits above the No-Go threshold, and interval confidence (71%) is high enough to auto-decide, so the recommendation is **No-Go** — decline or escalate for credit risk.",true,"Both models agree on **No-Go**. Adding the inferred interval changed churn probability by -0.4% (with=97%, without=97%).",20260712_032913,3,27.0
5QMKlvStymfS4t2X,2025-03-05,monthly,0.7988,"We inferred **monthly billing (about every month)** because the typical gap between billing days is about 30 days, which matches monthly billing (about every month) across 5 observed cycle(s) (about 100% of gaps fit that pattern) and spacing looks very regular Confidence in this label is **80%**.",No-Go,high_churn_risk,"churn_prob 0.99 vs Continue<= 0.45, No-Go>= 0.70.",true,0.99,16.97,"Using the model **trained WITH inferred-interval features**, predicted chance of dollar churn is **99%** (high risk). That sits above the No-Go threshold, and interval confidence (80%) is high enough to auto-decide, so the recommendation is **No-Go** — decline or escalate for credit risk.",No-Go,0.99,"Using the model **trained WITH inferred-interval features**, predicted chance of dollar churn is **99%** (high risk). That sits above the No-Go threshold, and interval confidence (80%) is high enough to auto-decide, so the recommendation is **No-Go** — decline or escalate for credit risk.",No-Go,0.9914,"Using the model **trained WITHOUT inferred-interval features**, predicted chance of dollar churn is **99%** (high risk). That sits above the No-Go threshold, and interval confidence (80%) is high enough to auto-decide, so the recommendation is **No-Go** — decline or escalate for credit risk.",true,"Both models agree on **No-Go**. Adding the inferred interval changed churn probability by -0.1% (with=99%, without=99%).",20260712_032913,6,30.0
qIkFLArJXZRWHZG9,2025-03-05,monthly,0.6584,"We inferred **monthly billing (about every month)** because the typical gap between billing days is about 1 days, which matches monthly billing (about every month) across 27 observed cycle(s) (about 100% of gaps fit that pattern) and spacing looks somewhat uneven Confidence in this label is **66%**.",No-Go,high_churn_risk,"churn_prob 0.99 vs Continue<= 0.45, No-Go>= 0.70.",true,0.99,497.32,"Using the model **trained WITH inferred-interval features**, predicted chance of dollar churn is **99%** (high risk). That sits above the No-Go threshold, and interval confidence (66%) is high enough to auto-decide, so the recommendation is **No-Go** — decline or escalate for credit risk.",No-Go,0.99,"Using the model **trained WITH inferred-interval features**, predicted chance of dollar churn is **99%** (high risk). That sits above the No-Go threshold, and interval confidence (66%) is high enough to auto-decide, so the recommendation is **No-Go** — decline or escalate for credit risk.",No-Go,0.9914,"Using the model **trained WITHOUT inferred-interval features**, predicted chance of dollar churn is **99%** (high risk). That sits above the No-Go threshold, and interval confidence (66%) is high enough to auto-decide, so the recommendation is **No-Go** — decline or escalate for credit risk.",true,"Both models agree on **No-Go**. Adding the inferred interval changed churn probability by -0.1% (with=99%, without=99%).",20260712_032913,28,1.0
tBcFk9jiLnqZFjkv,2025-03-05,irregular,0.1275,We inferred **irregular / no clear calendar billing cycle** because the gaps between invoices (typical gap ≈ 1 days) do not line up cleanly with monthly / quarterly / semi-annual / annual calendars Confidence in this label is **13%**.,Review,low_interval_confidence,interval_confidence 0.13 < 0.50; insufficient billing history to auto-decide (data-quality guardrail).,false,0.99,340.88,We recommended **Review** (trained WITH inferred-interval features) because the billing-cycle signal is too uncertain (confidence 13% for “irregular / no clear calendar billing cycle”). Thin or ambiguous history is treated as a data-quality issue — we do not auto Continue or auto No-Go until the cycle is clearer.,Review,0.99,We recommended **Review** (trained WITH inferred-interval features) because the billing-cycle signal is too uncertain (confidence 13% for “irregular / no clear calendar billing cycle”). Thin or ambiguous history is treated as a data-quality issue — we do not auto Continue or auto No-Go until the cycle is clearer.,Review,0.9697,We recommended **Review** (trained WITHOUT inferred-interval features) because the billing-cycle signal is too uncertain (confidence 13% for “irregular / no clear calendar billing cycle”). Thin or ambiguous history is treated as a data-quality issue — we do not auto Continue or auto No-Go until the cycle is clearer.,true,"Both models agree on **Review**. Adding the inferred interval changed churn probability by +2.0% (with=99%, without=97%).",20260712_032913,11,1.0
XeHsVSMMKjcTi5pJ,2025-03-05,annual,0.8618,"We inferred **annual billing (about once a year)** because the typical gap between billing days is about 367 days, which matches annual billing (about once a year) across 2 observed cycle(s) (about 100% of gaps fit that pattern) and spacing looks very regular Confidence in this label is **86%**.",Continue,low_churn_risk,"churn_prob 0.31 vs Continue<= 0.45, No-Go>= 0.70.",true,0.3087,237.18,"Using the model **trained WITH inferred-interval features**, predicted chance of dollar churn is **31%** (elevated risk). That sits below the Continue threshold, and interval confidence (86%) is high enough to auto-decide, so the recommendation is **Continue** — proceed with onboarding.",Continue,0.3087,"Using the model **trained WITH inferred-interval features**, predicted chance of dollar churn is **31%** (elevated risk). That sits below the Continue threshold, and interval confidence (86%) is high enough to auto-decide, so the recommendation is **Continue** — proceed with onboarding.",Continue,0.376,"Using the model **trained WITHOUT inferred-interval features**, predicted chance of dollar churn is **38%** (elevated risk). That sits below the Continue threshold, and interval confidence (86%) is high enough to auto-decide, so the recommendation is **Continue** — proceed with onboarding.",true,"Both models agree on **Continue**. Adding the inferred interval changed churn probability by -6.7% (with=31%, without=38%).",20260712_032913,3,367.0
Yl64GJ1iuPN4n7fS,2025-03-05,irregular,0.3,We inferred **irregular / no clear calendar billing cycle** because the gaps between invoices (typical gap ≈ 1 days) do not line up cleanly with monthly / quarterly / semi-annual / annual calendars Confidence in this label is **30%**.,Review,low_interval_confidence,interval_confidence 0.30 < 0.50; insufficient billing history to auto-decide (data-quality guardrail).,false,0.9861,175.15,We recommended **Review** (trained WITH inferred-interval features) because the billing-cycle signal is too uncertain (confidence 30% for “irregular / no clear calendar billing cycle”). Thin or ambiguous history is treated as a data-quality issue — we do not auto Continue or auto No-Go until the cycle is clearer.,Review,0.9861,We recommended **Review** (trained WITH inferred-interval features) because the billing-cycle signal is too uncertain (confidence 30% for “irregular / no clear calendar billing cycle”). Thin or ambiguous history is treated as a data-quality issue — we do not auto Continue or auto No-Go until the cycle is clearer.,Review,0.9697,We recommended **Review** (trained WITHOUT inferred-interval features) because the billing-cycle signal is too uncertain (confidence 30% for “irregular / no clear calendar billing cycle”). Thin or ambiguous history is treated as a data-quality issue — we do not auto Continue or auto No-Go until the cycle is clearer.,true,"Both models agree on **Review**. Adding the inferred interval changed churn probability by +1.6% (with=99%, without=97%).",20260712_032913,11,1.0
ZI2ENQcAFPW0hDLq,2025-03-05,irregular,0.05,We inferred **irregular / no clear calendar billing cycle** because the gaps between invoices (typical gap ≈ 1 days) do not line up cleanly with monthly / quarterly / semi-annual / annual calendars Confidence in this label is **5%**.,Review,low_interval_confidence,interval_confidence 0.05 < 0.50; insufficient billing history to auto-decide (data-quality guardrail).,false,0.9912,1107.21,We recommended **Review** (trained WITH inferred-interval features) because the billing-cycle signal is too uncertain (confidence 5% for “irregular / no clear calendar billing cycle”). Thin or ambiguous history is treated as a data-quality issue — we do not auto Continue or auto No-Go until the cycle is clearer.,Review,0.9912,We recommended **Review** (trained WITH inferred-interval features) because the billing-cycle signal is too uncertain (confidence 5% for “irregular / no clear calendar billing cycle”). Thin or ambiguous history is treated as a data-quality issue — we do not auto Continue or auto No-Go until the cycle is clearer.,Review,0.9927,We recommended **Review** (trained WITHOUT inferred-interval features) because the billing-cycle signal is too uncertain (confidence 5% for “irregular / no clear calendar billing cycle”). Thin or ambiguous history is treated as a data-quality issue — we do not auto Continue or auto No-Go until the cycle is clearer.,true,"Both models agree on **Review**. Adding the inferred interval changed churn probability by -0.1% (with=99%, without=99%).",20260712_032913,13,1.0
VZB3oMHvzb9IkyAj,2025-03-05,monthly,0.5054,"We inferred **monthly billing (about every month)** because the typical gap between billing days is about 28 days, which matches monthly billing (about every month) across 3 observed cycle(s) (about 100% of gaps fit that pattern) and spacing looks somewhat uneven Confidence in this label is **51%**.",No-Go,high_churn_risk,"churn_prob 0.75 vs Continue<= 0.45, No-Go>= 0.70.",true,0.7471,2.89,"Using the model **trained WITH inferred-interval features**, predicted chance of dollar churn is **75%** (high risk). That sits above the No-Go threshold, and interval confidence (51%) is high enough to auto-decide, so the recommendation is **No-Go** — decline or escalate for credit risk.",No-Go,0.7471,"Using the model **trained WITH inferred-interval features**, predicted chance of dollar churn is **75%** (high risk). That sits above the No-Go threshold, and interval confidence (51%) is high enough to auto-decide, so the recommendation is **No-Go** — decline or escalate for credit risk.",No-Go,0.9295,"Using the model **trained WITHOUT inferred-interval features**, predicted chance of dollar churn is **93%** (high risk). That sits above the No-Go threshold, and interval confidence (51%) is high enough to auto-decide, so the recommendation is **No-Go** — decline or escalate for credit risk.",true,"Both models agree on **No-Go**. Adding the inferred interval changed churn probability by -18.2% (with=75%, without=93%).",20260712_032913,4,28.0
AFYCM7oIW6ec5VWs,2025-03-05,irregular,0.0892,We inferred **irregular / no clear calendar billing cycle** because the gaps between invoices (typical gap ≈ 1 days) do not line up cleanly with monthly / quarterly / semi-annual / annual calendars Confidence in this label is **9%**.,Review,low_interval_confidence,interval_confidence 0.09 < 0.50; insufficient billing history to auto-decide (data-quality guardrail).,false,0.99,75.13,We recommended **Review** (trained WITH inferred-interval features) because the billing-cycle signal is too uncertain (confidence 9% for “irregular / no clear calendar billing cycle”). Thin or ambiguous history is treated as a data-quality issue — we do not auto Continue or auto No-Go until the cycle is clearer.,Review,0.99,We recommended **Review** (trained WITH inferred-interval features) because the billing-cycle signal is too uncertain (confidence 9% for “irregular / no clear calendar billing cycle”). Thin or ambiguous history is treated as a data-quality issue — we do not auto Continue or auto No-Go until the cycle is clearer.,Review,0.9914,We recommended **Review** (trained WITHOUT inferred-interval features) because the billing-cycle signal is too uncertain (confidence 9% for “irregular / no clear calendar billing cycle”). Thin or ambiguous history is treated as a data-quality issue — we do not auto Continue or auto No-Go until the cycle is clearer.,true,"Both models agree on **Review**. Adding the inferred interval changed churn probability by -0.1% (with=99%, without=99%).",20260712_032913,11,1.0
48qNcqQDdXrTt8rw,2025-03-05,monthly,0.9515,"We inferred **monthly billing (about every month)** because the typical gap between billing days is about 31 days, which matches monthly billing (about every month) across 12 observed cycle(s) (about 100% of gaps fit that pattern) and spacing looks very regular Confidence in this label is **95%**.",No-Go,high_churn_risk,"churn_prob 0.99 vs Continue<= 0.45, No-Go>= 0.70.",true,0.99,1.99,"Using the model **trained WITH inferred-interval features**, predicted chance of dollar churn is **99%** (high risk). That sits above the No-Go threshold, and interval confidence (95%) is high enough to auto-decide, so the recommendation is **No-Go** — decline or escalate for credit risk.",No-Go,0.99,"Using the model **trained WITH inferred-interval features**, predicted chance of dollar churn is **99%** (high risk). That sits above the No-Go threshold, and interval confidence (95%) is high enough to auto-decide, so the recommendation is **No-Go** — decline or escalate for credit risk.",No-Go,0.9927,"Using the model **trained WITHOUT inferred-interval features**, predicted chance of dollar churn is **99%** (high risk). That sits above the No-Go threshold, and interval confidence (95%) is high enough to auto-decide, so the recommendation is **No-Go** — decline or escalate for credit risk.",true,"Both models agree on **No-Go**. Adding the inferred interval changed churn probability by -0.3% (with=99%, without=99%).",20260712_032913,13,31.0
VHIHexWZK2wXGCPe,2025-03-05,monthly,0.9526,"We inferred **monthly billing (about every month)** because the typical gap between billing days is about 30 days, which matches monthly billing (about every month) across 18 observed cycle(s) (about 100% of gaps fit that pattern) and spacing looks very regular Confidence in this label is **95%**.",No-Go,high_churn_risk,"churn_prob 0.99 vs Continue<= 0.45, No-Go>= 0.70.",true,0.9912,246.03,"Using the model **trained WITH inferred-interval features**, predicted chance of dollar churn is **99%** (high risk). That sits above the No-Go threshold, and interval confidence (95%) is high enough to auto-decide, so the recommendation is **No-Go** — decline or escalate for credit risk.",No-Go,0.9912,"Using the model **trained WITH inferred-interval features**, predicted chance of dollar churn is **99%** (high risk). That sits above the No-Go threshold, and interval confidence (95%) is high enough to auto-decide, so the recommendation is **No-Go** — decline or escalate for credit risk.",No-Go,0.9927,"Using the model **trained WITHOUT inferred-interval features**, predicted chance of dollar churn is **99%** (high risk). That sits above the No-Go threshold, and interval confidence (95%) is high enough to auto-decide, so the recommendation is **No-Go** — decline or escalate for credit risk.",true,"Both models agree on **No-Go**. Adding the inferred interval changed churn probability by -0.1% (with=99%, without=99%).",20260712_032913,19,30.5
lOgzhVzSTbhe3V2d,2025-03-05,irregular,0.3,We inferred **irregular / no clear calendar billing cycle** because the gaps between invoices (typical gap ≈ 1 days) do not line up cleanly with monthly / quarterly / semi-annual / annual calendars Confidence in this label is **30%**.,Review,low_interval_confidence,interval_confidence 0.30 < 0.50; insufficient billing history to auto-decide (data-quality guardrail).,false,0.9861,62.35,We recommended **Review** (trained WITH inferred-interval features) because the billing-cycle signal is too uncertain (confidence 30% for “irregular / no clear calendar billing cycle”). Thin or ambiguous history is treated as a data-quality issue — we do not auto Continue or auto No-Go until the cycle is clearer.,Review,0.9861,We recommended **Review** (trained WITH inferred-interval features) because the billing-cycle signal is too uncertain (confidence 30% for “irregular / no clear calendar billing cycle”). Thin or ambiguous history is treated as a data-quality issue — we do not auto Continue or auto No-Go until the cycle is clearer.,Review,0.9856,We recommended **Review** (trained WITHOUT inferred-interval features) because the billing-cycle signal is too uncertain (confidence 30% for “irregular / no clear calendar billing cycle”). Thin or ambiguous history is treated as a data-quality issue — we do not auto Continue or auto No-Go until the cycle is clearer.,true,"Both models agree on **Review**. Adding the inferred interval changed churn probability by +0.1% (with=99%, without=99%).",20260712_032913,10,1.0
KtHXsQejKUy8lixL,2025-03-05,irregular,0.05,We inferred **irregular / no clear calendar billing cycle** because the gaps between invoices (typical gap ≈ 1 days) do not line up cleanly with monthly / quarterly / semi-annual / annual calendars Confidence in this label is **5%**.,Review,low_interval_confidence,interval_confidence 0.05 < 0.50; insufficient billing history to auto-decide (data-quality guardrail).,false,0.9861,79.11,We recommended **Review** (trained WITH inferred-interval features) because the billing-cycle signal is too uncertain (confidence 5% for “irregular / no clear calendar billing cycle”). Thin or ambiguous history is treated as a data-quality issue — we do not auto Continue or auto No-Go until the cycle is clearer.,Review,0.9861,We recommended **Review** (trained WITH inferred-interval features) because the billing-cycle signal is too uncertain (confidence 5% for “irregular / no clear calendar billing cycle”). Thin or ambiguous history is treated as a data-quality issue — we do not auto Continue or auto No-Go until the cycle is clearer.,Review,0.9718,We recommended **Review** (trained WITHOUT inferred-interval features) because the billing-cycle signal is too uncertain (confidence 5% for “irregular / no clear calendar billing cycle”). Thin or ambiguous history is treated as a data-quality issue — we do not auto Continue or auto No-Go until the cycle is clearer.,true,"Both models agree on **Review**. Adding the inferred interval changed churn probability by +1.4% (with=99%, without=97%).",20260712_032913,11,1.0
tf2eFzvhwHt3audw,2025-03-05,monthly,0.5919,"We inferred **monthly billing (about every month)** because the typical gap between billing days is about 30 days, which matches monthly billing (about every month) across 28 observed cycle(s) (about 100% of gaps fit that pattern) and spacing looks fairly regular Confidence in this label is **59%**.",No-Go,high_churn_risk,"churn_prob 0.97 vs Continue<= 0.45, No-Go>= 0.70.",true,0.9685,1921.77,"Using the model **trained WITH inferred-interval features**, predicted chance of dollar churn is **97%** (high risk). That sits above the No-Go threshold, and interval confidence (59%) is high enough to auto-decide, so the recommendation is **No-Go** — decline or escalate for credit risk.",No-Go,0.9685,"Using the model **trained WITH inferred-interval features**, predicted chance of dollar churn is **97%** (high risk). That sits above the No-Go threshold, and interval confidence (59%) is high enough to auto-decide, so the recommendation is **No-Go** — decline or escalate for credit risk.",No-Go,0.9667,"Using the model **trained WITHOUT inferred-interval features**, predicted chance of dollar churn is **97%** (high risk). That sits above the No-Go threshold, and interval confidence (59%) is high enough to auto-decide, so the recommendation is **No-Go** — decline or escalate for credit risk.",true,"Both models agree on **No-Go**. Adding the inferred interval changed churn probability by +0.2% (with=97%, without=97%).",20260712_032913,29,30.0
ZeprwTwMf8l3eN6R,2025-03-05,irregular,0.05,We inferred **irregular / no clear calendar billing cycle** because the gaps between invoices (typical gap ≈ 1 days) do not line up cleanly with monthly / quarterly / semi-annual / annual calendars Confidence in this label is **5%**.,Review,low_interval_confidence,interval_confidence 0.05 < 0.50; insufficient billing history to auto-decide (data-quality guardrail).,false,0.9912,349.33,We recommended **Review** (trained WITH inferred-interval features) because the billing-cycle signal is too uncertain (confidence 5% for “irregular / no clear calendar billing cycle”). Thin or ambiguous history is treated as a data-quality issue — we do not auto Continue or auto No-Go until the cycle is clearer.,Review,0.9912,We recommended **Review** (trained WITH inferred-interval features) because the billing-cycle signal is too uncertain (confidence 5% for “irregular / no clear calendar billing cycle”). Thin or ambiguous history is treated as a data-quality issue — we do not auto Continue or auto No-Go until the cycle is clearer.,Review,0.9697,We recommended **Review** (trained WITHOUT inferred-interval features) because the billing-cycle signal is too uncertain (confidence 5% for “irregular / no clear calendar billing cycle”). Thin or ambiguous history is treated as a data-quality issue — we do not auto Continue or auto No-Go until the cycle is clearer.,true,"Both models agree on **Review**. Adding the inferred interval changed churn probability by +2.2% (with=99%, without=97%).",20260712_032913,13,1.0
ys4vSqgdiaxA105t,2025-03-05,monthly,0.9614,"We inferred **monthly billing (about every month)** because the typical gap between billing days is about 31 days, which matches monthly billing (about every month) across 25 observed cycle(s) (about 100% of gaps fit that pattern) and spacing looks very regular Confidence in this label is **96%**.",Continue,low_churn_risk,"churn_prob 0.35 vs Continue<= 0.45, No-Go>= 0.70.",true,0.3474,155.57,"Using the model **trained WITH inferred-interval features**, predicted chance of dollar churn is **35%** (elevated risk). That sits below the Continue threshold, and interval confidence (96%) is high enough to auto-decide, so the recommendation is **Continue** — proceed with onboarding.",Continue,0.3474,"Using the model **trained WITH inferred-interval features**, predicted chance of dollar churn is **35%** (elevated risk). That sits below the Continue threshold, and interval confidence (96%) is high enough to auto-decide, so the recommendation is **Continue** — proceed with onboarding.",Continue,0.3235,"Using the model **trained WITHOUT inferred-interval features**, predicted chance of dollar churn is **32%** (elevated risk). That sits below the Continue threshold, and interval confidence (96%) is high enough to auto-decide, so the recommendation is **Continue** — proceed with onboarding.",true,"Both models agree on **Continue**. Adding the inferred interval changed churn probability by +2.4% (with=35%, without=32%).",20260712_032913,26,31.0
XBr3HISb3Et67aT0,2025-03-05,monthly,0.771,"We inferred **monthly billing (about every month)** because the typical gap between billing days is about 29 days, which matches monthly billing (about every month) across 4 observed cycle(s) (about 100% of gaps fit that pattern) and spacing looks very regular Confidence in this label is **77%**.",No-Go,high_churn_risk,"churn_prob 0.99 vs Continue<= 0.45, No-Go>= 0.70.",true,0.99,16.86,"Using the model **trained WITH inferred-interval features**, predicted chance of dollar churn is **99%** (high risk). That sits above the No-Go threshold, and interval confidence (77%) is high enough to auto-decide, so the recommendation is **No-Go** — decline or escalate for credit risk.",No-Go,0.99,"Using the model **trained WITH inferred-interval features**, predicted chance of dollar churn is **99%** (high risk). That sits above the No-Go threshold, and interval confidence (77%) is high enough to auto-decide, so the recommendation is **No-Go** — decline or escalate for credit risk.",No-Go,0.9856,"Using the model **trained WITHOUT inferred-interval features**, predicted chance of dollar churn is **99%** (high risk). That sits above the No-Go threshold, and interval confidence (77%) is high enough to auto-decide, so the recommendation is **No-Go** — decline or escalate for credit risk.",true,"Both models agree on **No-Go**. Adding the inferred interval changed churn probability by +0.4% (with=99%, without=99%).",20260712_032913,5,29.0
JUcpBLHqWBhMHEl9,2025-03-05,monthly,0.9582,"We inferred **monthly billing (about every month)** because the typical gap between billing days is about 31 days, which matches monthly billing (about every month) across 22 observed cycle(s) (about 100% of gaps fit that pattern) and spacing looks very regular Confidence in this label is **96%**.",No-Go,high_churn_risk,"churn_prob 0.95 vs Continue<= 0.45, No-Go>= 0.70.",true,0.9494,419.52,"Using the model **trained WITH inferred-interval features**, predicted chance of dollar churn is **95%** (high risk). That sits above the No-Go threshold, and interval confidence (96%) is high enough to auto-decide, so the recommendation is **No-Go** — decline or escalate for credit risk.",No-Go,0.9494,"Using the model **trained WITH inferred-interval features**, predicted chance of dollar churn is **95%** (high risk). That sits above the No-Go threshold, and interval confidence (96%) is high enough to auto-decide, so the recommendation is **No-Go** — decline or escalate for credit risk.",No-Go,0.9667,"Using the model **trained WITHOUT inferred-interval features**, predicted chance of dollar churn is **97%** (high risk). That sits above the No-Go threshold, and interval confidence (96%) is high enough to auto-decide, so the recommendation is **No-Go** — decline or escalate for credit risk.",true,"Both models agree on **No-Go**. Adding the inferred interval changed churn probability by -1.7% (with=95%, without=97%).",20260712_032913,23,31.0
XNZoUxW02QwHrro5,2025-03-05,irregular,0.3,We inferred **irregular / no clear calendar billing cycle** because the gaps between invoices (typical gap ≈ 1 days) do not line up cleanly with monthly / quarterly / semi-annual / annual calendars Confidence in this label is **30%**.,Review,low_interval_confidence,interval_confidence 0.30 < 0.50; insufficient billing history to auto-decide (data-quality guardrail).,false,0.982,191.94,We recommended **Review** (trained WITH inferred-interval features) because the billing-cycle signal is too uncertain (confidence 30% for “irregular / no clear calendar billing cycle”). Thin or ambiguous history is treated as a data-quality issue — we do not auto Continue or auto No-Go until the cycle is clearer.,Review,0.982,We recommended **Review** (trained WITH inferred-interval features) because the billing-cycle signal is too uncertain (confidence 30% for “irregular / no clear calendar billing cycle”). Thin or ambiguous history is treated as a data-quality issue — we do not auto Continue or auto No-Go until the cycle is clearer.,Review,0.9697,We recommended **Review** (trained WITHOUT inferred-interval features) because the billing-cycle signal is too uncertain (confidence 30% for “irregular / no clear calendar billing cycle”). Thin or ambiguous history is treated as a data-quality issue — we do not auto Continue or auto No-Go until the cycle is clearer.,true,"Both models agree on **Review**. Adding the inferred interval changed churn probability by +1.2% (with=98%, without=97%).",20260712_032913,10,1.0
Ibuec8DEY21z66iR,2025-03-05,quarterly,0.4365,"We inferred **quarterly billing (about every 3 months)** because the typical gap between billing days is about 182 days, which matches quarterly billing (about every 3 months) across 2 observed cycle(s) (about 100% of gaps fit that pattern) and spacing looks somewhat uneven Confidence in this label is **44%**.",Review,low_interval_confidence,interval_confidence 0.44 < 0.50; insufficient billing history to auto-decide (data-quality guardrail).,false,0.9033,15.08,We recommended **Review** (trained WITH inferred-interval features) because the billing-cycle signal is too uncertain (confidence 44% for “quarterly billing (about every 3 months)”). Thin or ambiguous history is treated as a data-quality issue — we do not auto Continue or auto No-Go until the cycle is clearer.,Review,0.9033,We recommended **Review** (trained WITH inferred-interval features) because the billing-cycle signal is too uncertain (confidence 44% for “quarterly billing (about every 3 months)”). Thin or ambiguous history is treated as a data-quality issue — we do not auto Continue or auto No-Go until the cycle is clearer.,Review,0.8613,We recommended **Review** (trained WITHOUT inferred-interval features) because the billing-cycle signal is too uncertain (confidence 44% for “quarterly billing (about every 3 months)”). Thin or ambiguous history is treated as a data-quality issue — we do not auto Continue or auto No-Go until the cycle is clearer.,true,"Both models agree on **Review**. Adding the inferred interval changed churn probability by +4.2% (with=90%, without=86%).",20260712_032913,3,181.5
6wADV70wjJfe7Hb6,2025-03-05,irregular,0.3,We inferred **irregular / no clear calendar billing cycle** because the gaps between invoices (typical gap ≈ 1 days) do not line up cleanly with monthly / quarterly / semi-annual / annual calendars Confidence in this label is **30%**.,Review,low_interval_confidence,interval_confidence 0.30 < 0.50; insufficient billing history to auto-decide (data-quality guardrail).,false,0.99,62.28,We recommended **Review** (trained WITH inferred-interval features) because the billing-cycle signal is too uncertain (confidence 30% for “irregular / no clear calendar billing cycle”). Thin or ambiguous history is treated as a data-quality issue — we do not auto Continue or auto No-Go until the cycle is clearer.,Review,0.99,We recommended **Review** (trained WITH inferred-interval features) because the billing-cycle signal is too uncertain (confidence 30% for “irregular / no clear calendar billing cycle”). Thin or ambiguous history is treated as a data-quality issue — we do not auto Continue or auto No-Go until the cycle is clearer.,Review,0.9856,We recommended **Review** (trained WITHOUT inferred-interval features) because the billing-cycle signal is too uncertain (confidence 30% for “irregular / no clear calendar billing cycle”). Thin or ambiguous history is treated as a data-quality issue — we do not auto Continue or auto No-Go until the cycle is clearer.,true,"Both models agree on **Review**. Adding the inferred interval changed churn probability by +0.4% (with=99%, without=99%).",20260712_032913,11,1.0
W5TGrBVZ8Yighojm,2025-03-05,monthly,0.5357,"We inferred **monthly billing (about every month)** because the typical gap between billing days is about 1 days, which matches monthly billing (about every month) across 27 observed cycle(s) (about 100% of gaps fit that pattern) and spacing looks somewhat uneven Confidence in this label is **54%**.",No-Go,high_churn_risk,"churn_prob 0.97 vs Continue<= 0.45, No-Go>= 0.70.",true,0.9685,881.16,"Using the model **trained WITH inferred-interval features**, predicted chance of dollar churn is **97%** (high risk). That sits above the No-Go threshold, and interval confidence (54%) is high enough to auto-decide, so the recommendation is **No-Go** — decline or escalate for credit risk.",No-Go,0.9685,"Using the model **trained WITH inferred-interval features**, predicted chance of dollar churn is **97%** (high risk). That sits above the No-Go threshold, and interval confidence (54%) is high enough to auto-decide, so the recommendation is **No-Go** — decline or escalate for credit risk.",No-Go,0.9856,"Using the model **trained WITHOUT inferred-interval features**, predicted chance of dollar churn is **99%** (high risk). That sits above the No-Go threshold, and interval confidence (54%) is high enough to auto-decide, so the recommendation is **No-Go** — decline or escalate for credit risk.",true,"Both models agree on **No-Go**. Adding the inferred interval changed churn probability by -1.7% (with=97%, without=99%).",20260712_032913,28,1.0
QQVQtYJSHGGNYlip,2025-03-05,one_time_candidate,0.95,We inferred **looks like a one-time / non-recurring charge pattern** because there is essentially a single invoice followed by a long quiet period with no repeat billing Confidence in this label is **95%**.,No-Go,high_churn_risk,"churn_prob 0.99 vs Continue<= 0.45, No-Go>= 0.70.",true,0.99,0.0,"Using the model **trained WITH inferred-interval features**, predicted chance of dollar churn is **99%** (high risk). That sits above the No-Go threshold, and interval confidence (95%) is high enough to auto-decide, so the recommendation is **No-Go** — decline or escalate for credit risk.",No-Go,0.99,"Using the model **trained WITH inferred-interval features**, predicted chance of dollar churn is **99%** (high risk). That sits above the No-Go threshold, and interval confidence (95%) is high enough to auto-decide, so the recommendation is **No-Go** — decline or escalate for credit risk.",No-Go,0.9697,"Using the model **trained WITHOUT inferred-interval features**, predicted chance of dollar churn is **97%** (high risk). That sits above the No-Go threshold, and interval confidence (95%) is high enough to auto-decide, so the recommendation is **No-Go** — decline or escalate for credit risk.",true,"Both models agree on **No-Go**. Adding the inferred interval changed churn probability by +2.0% (with=99%, without=97%).",20260712_032913,1,
DUVuqtkiHFfOCjpN,2025-03-05,monthly,0.7557,"We inferred **monthly billing (about every month)** because the typical gap between billing days is about 30 days, which matches monthly billing (about every month) across 3 observed cycle(s) (about 100% of gaps fit that pattern) and spacing looks very regular Confidence in this label is **76%**.",No-Go,high_churn_risk,"churn_prob 0.97 vs Continue<= 0.45, No-Go>= 0.70.",true,0.9685,16.89,"Using the model **trained WITH inferred-interval features**, predicted chance of dollar churn is **97%** (high risk). That sits above the No-Go threshold, and interval confidence (76%) is high enough to auto-decide, so the recommendation is **No-Go** — decline or escalate for credit risk.",No-Go,0.9685,"Using the model **trained WITH inferred-interval features**, predicted chance of dollar churn is **97%** (high risk). That sits above the No-Go threshold, and interval confidence (76%) is high enough to auto-decide, so the recommendation is **No-Go** — decline or escalate for credit risk.",No-Go,0.9718,"Using the model **trained WITHOUT inferred-interval features**, predicted chance of dollar churn is **97%** (high risk). That sits above the No-Go threshold, and interval confidence (76%) is high enough to auto-decide, so the recommendation is **No-Go** — decline or escalate for credit risk.",true,"Both models agree on **No-Go**. Adding the inferred interval changed churn probability by -0.3% (with=97%, without=97%).",20260712_032913,4,30.0
4kBUJNluVLIf6RZG,2025-03-05,monthly,0.7557,"We inferred **monthly billing (about every month)** because the typical gap between billing days is about 30 days, which matches monthly billing (about every month) across 3 observed cycle(s) (about 100% of gaps fit that pattern) and spacing looks very regular Confidence in this label is **76%**.",No-Go,high_churn_risk,"churn_prob 0.97 vs Continue<= 0.45, No-Go>= 0.70.",true,0.9685,16.89,"Using the model **trained WITH inferred-interval features**, predicted chance of dollar churn is **97%** (high risk). That sits above the No-Go threshold, and interval confidence (76%) is high enough to auto-decide, so the recommendation is **No-Go** — decline or escalate for credit risk.",No-Go,0.9685,"Using the model **trained WITH inferred-interval features**, predicted chance of dollar churn is **97%** (high risk). That sits above the No-Go threshold, and interval confidence (76%) is high enough to auto-decide, so the recommendation is **No-Go** — decline or escalate for credit risk.",No-Go,0.9718,"Using the model **trained WITHOUT inferred-interval features**, predicted chance of dollar churn is **97%** (high risk). That sits above the No-Go threshold, and interval confidence (76%) is high enough to auto-decide, so the recommendation is **No-Go** — decline or escalate for credit risk.",true,"Both models agree on **No-Go**. Adding the inferred interval changed churn probability by -0.3% (with=97%, without=97%).",20260712_032913,4,30.0
rq2WMCaexP2x3Tuz,2025-03-05,irregular,0.05,We inferred **irregular / no clear calendar billing cycle** because the gaps between invoices (typical gap ≈ 1 days) do not line up cleanly with monthly / quarterly / semi-annual / annual calendars Confidence in this label is **5%**.,Review,low_interval_confidence,interval_confidence 0.05 < 0.50; insufficient billing history to auto-decide (data-quality guardrail).,false,0.9861,79.11,We recommended **Review** (trained WITH inferred-interval features) because the billing-cycle signal is too uncertain (confidence 5% for “irregular / no clear calendar billing cycle”). Thin or ambiguous history is treated as a data-quality issue — we do not auto Continue or auto No-Go until the cycle is clearer.,Review,0.9861,We recommended **Review** (trained WITH inferred-interval features) because the billing-cycle signal is too uncertain (confidence 5% for “irregular / no clear calendar billing cycle”). Thin or ambiguous history is treated as a data-quality issue — we do not auto Continue or auto No-Go until the cycle is clearer.,Review,0.9718,We recommended **Review** (trained WITHOUT inferred-interval features) because the billing-cycle signal is too uncertain (confidence 5% for “irregular / no clear calendar billing cycle”). Thin or ambiguous history is treated as a data-quality issue — we do not auto Continue or auto No-Go until the cycle is clearer.,true,"Both models agree on **Review**. Adding the inferred interval changed churn probability by +1.4% (with=99%, without=97%).",20260712_032913,11,1.0
chsdV4b9JWejRQsr,2025-03-05,monthly,0.6615,"We inferred **monthly billing (about every month)** because the typical gap between billing days is about 28 days, which matches monthly billing (about every month) across 1 observed cycle(s) (about 100% of gaps fit that pattern) Confidence in this label is **66%**.",No-Go,high_churn_risk,"churn_prob 0.95 vs Continue<= 0.45, No-Go>= 0.70.",true,0.9494,0.78,"Using the model **trained WITH inferred-interval features**, predicted chance of dollar churn is **95%** (high risk). That sits above the No-Go threshold, and interval confidence (66%) is high enough to auto-decide, so the recommendation is **No-Go** — decline or escalate for credit risk.",No-Go,0.9494,"Using the model **trained WITH inferred-interval features**, predicted chance of dollar churn is **95%** (high risk). That sits above the No-Go threshold, and interval confidence (66%) is high enough to auto-decide, so the recommendation is **No-Go** — decline or escalate for credit risk.",No-Go,0.9295,"Using the model **trained WITHOUT inferred-interval features**, predicted chance of dollar churn is **93%** (high risk). That sits above the No-Go threshold, and interval confidence (66%) is high enough to auto-decide, so the recommendation is **No-Go** — decline or escalate for credit risk.",true,"Both models agree on **No-Go**. Adding the inferred interval changed churn probability by +2.0% (with=95%, without=93%).",20260712_032913,2,28.0
ae9BsALX2c7cBSxG,2025-03-05,irregular,0.1275,We inferred **irregular / no clear calendar billing cycle** because the gaps between invoices (typical gap ≈ 1 days) do not line up cleanly with monthly / quarterly / semi-annual / annual calendars Confidence in this label is **13%**.,Review,low_interval_confidence,interval_confidence 0.13 < 0.50; insufficient billing history to auto-decide (data-quality guardrail).,false,0.99,75.14,We recommended **Review** (trained WITH inferred-interval features) because the billing-cycle signal is too uncertain (confidence 13% for “irregular / no clear calendar billing cycle”). Thin or ambiguous history is treated as a data-quality issue — we do not auto Continue or auto No-Go until the cycle is clearer.,Review,0.99,We recommended **Review** (trained WITH inferred-interval features) because the billing-cycle signal is too uncertain (confidence 13% for “irregular / no clear calendar billing cycle”). Thin or ambiguous history is treated as a data-quality issue — we do not auto Continue or auto No-Go until the cycle is clearer.,Review,0.9914,We recommended **Review** (trained WITHOUT inferred-interval features) because the billing-cycle signal is too uncertain (confidence 13% for “irregular / no clear calendar billing cycle”). Thin or ambiguous history is treated as a data-quality issue — we do not auto Continue or auto No-Go until the cycle is clearer.,true,"Both models agree on **Review**. Adding the inferred interval changed churn probability by -0.1% (with=99%, without=99%).",20260712_032913,11,1.0
MpP2i1O4bsAQ0Vwo,2025-03-05,irregular,0.1275,We inferred **irregular / no clear calendar billing cycle** because the gaps between invoices (typical gap ≈ 1 days) do not line up cleanly with monthly / quarterly / semi-annual / annual calendars Confidence in this label is **13%**.,Review,low_interval_confidence,interval_confidence 0.13 < 0.50; insufficient billing history to auto-decide (data-quality guardrail).,false,0.99,75.14,We recommended **Review** (trained WITH inferred-interval features) because the billing-cycle signal is too uncertain (confidence 13% for “irregular / no clear calendar billing cycle”). Thin or ambiguous history is treated as a data-quality issue — we do not auto Continue or auto No-Go until the cycle is clearer.,Review,0.99,We recommended **Review** (trained WITH inferred-interval features) because the billing-cycle signal is too uncertain (confidence 13% for “irregular / no clear calendar billing cycle”). Thin or ambiguous history is treated as a data-quality issue — we do not auto Continue or auto No-Go until the cycle is clearer.,Review,0.9914,We recommended **Review** (trained WITHOUT inferred-interval features) because the billing-cycle signal is too uncertain (confidence 13% for “irregular / no clear calendar billing cycle”). Thin or ambiguous history is treated as a data-quality issue — we do not auto Continue or auto No-Go until the cycle is clearer.,true,"Both models agree on **Review**. Adding the inferred interval changed churn probability by -0.1% (with=99%, without=99%).",20260712_032913,11,1.0
RLWQ9g586mY6Vzho,2025-03-05,monthly,0.8664,"We inferred **monthly billing (about every month)** because the typical gap between billing days is about 30 days, which matches monthly billing (about every month) across 8 observed cycle(s) (about 100% of gaps fit that pattern) and spacing looks very regular Confidence in this label is **87%**.",No-Go,high_churn_risk,"churn_prob 0.98 vs Continue<= 0.45, No-Go>= 0.70.",true,0.982,1.7,"Using the model **trained WITH inferred-interval features**, predicted chance of dollar churn is **98%** (high risk). That sits above the No-Go threshold, and interval confidence (87%) is high enough to auto-decide, so the recommendation is **No-Go** — decline or escalate for credit risk.",No-Go,0.982,"Using the model **trained WITH inferred-interval features**, predicted chance of dollar churn is **98%** (high risk). That sits above the No-Go threshold, and interval confidence (87%) is high enough to auto-decide, so the recommendation is **No-Go** — decline or escalate for credit risk.",No-Go,0.9856,"Using the model **trained WITHOUT inferred-interval features**, predicted chance of dollar churn is **99%** (high risk). That sits above the No-Go threshold, and interval confidence (87%) is high enough to auto-decide, so the recommendation is **No-Go** — decline or escalate for credit risk.",true,"Both models agree on **No-Go**. Adding the inferred interval changed churn probability by -0.4% (with=98%, without=99%).",20260712_032913,9,30.5
b65FdRjLKce8J3Y7,2025-03-05,monthly,0.6467,"We inferred **monthly billing (about every month)** because the typical gap between billing days is about 31 days, which matches monthly billing (about every month) across 13 observed cycle(s) (about 100% of gaps fit that pattern) and spacing looks fairly regular Confidence in this label is **65%**.",No-Go,high_churn_risk,"churn_prob 0.95 vs Continue<= 0.45, No-Go>= 0.70.",true,0.9494,331.12,"Using the model **trained WITH inferred-interval features**, predicted chance of dollar churn is **95%** (high risk). That sits above the No-Go threshold, and interval confidence (65%) is high enough to auto-decide, so the recommendation is **No-Go** — decline or escalate for credit risk.",No-Go,0.9494,"Using the model **trained WITH inferred-interval features**, predicted chance of dollar churn is **95%** (high risk). That sits above the No-Go threshold, and interval confidence (65%) is high enough to auto-decide, so the recommendation is **No-Go** — decline or escalate for credit risk.",No-Go,0.8052,"Using the model **trained WITHOUT inferred-interval features**, predicted chance of dollar churn is **81%** (high risk). That sits above the No-Go threshold, and interval confidence (65%) is high enough to auto-decide, so the recommendation is **No-Go** — decline or escalate for credit risk.",true,"Both models agree on **No-Go**. Adding the inferred interval changed churn probability by +14.4% (with=95%, without=81%).",20260712_032913,14,31.0
jFwfP7pAwSMwV3yK,2025-03-05,irregular,0.1275,We inferred **irregular / no clear calendar billing cycle** because the gaps between invoices (typical gap ≈ 1 days) do not line up cleanly with monthly / quarterly / semi-annual / annual calendars Confidence in this label is **13%**.,Review,low_interval_confidence,interval_confidence 0.13 < 0.50; insufficient billing history to auto-decide (data-quality guardrail).,false,0.99,75.14,We recommended **Review** (trained WITH inferred-interval features) because the billing-cycle signal is too uncertain (confidence 13% for “irregular / no clear calendar billing cycle”). Thin or ambiguous history is treated as a data-quality issue — we do not auto Continue or auto No-Go until the cycle is clearer.,Review,0.99,We recommended **Review** (trained WITH inferred-interval features) because the billing-cycle signal is too uncertain (confidence 13% for “irregular / no clear calendar billing cycle”). Thin or ambiguous history is treated as a data-quality issue — we do not auto Continue or auto No-Go until the cycle is clearer.,Review,0.9914,We recommended **Review** (trained WITHOUT inferred-interval features) because the billing-cycle signal is too uncertain (confidence 13% for “irregular / no clear calendar billing cycle”). Thin or ambiguous history is treated as a data-quality issue — we do not auto Continue or auto No-Go until the cycle is clearer.,true,"Both models agree on **Review**. Adding the inferred interval changed churn probability by -0.1% (with=99%, without=99%).",20260712_032913,11,1.0
cJER3U0Tsh8rPNsW,2025-03-05,irregular,0.3,We inferred **irregular / no clear calendar billing cycle** because the gaps between invoices (typical gap ≈ 1 days) do not line up cleanly with monthly / quarterly / semi-annual / annual calendars Confidence in this label is **30%**.,Review,low_interval_confidence,interval_confidence 0.30 < 0.50; insufficient billing history to auto-decide (data-quality guardrail).,false,0.99,62.28,We recommended **Review** (trained WITH inferred-interval features) because the billing-cycle signal is too uncertain (confidence 30% for “irregular / no clear calendar billing cycle”). Thin or ambiguous history is treated as a data-quality issue — we do not auto Continue or auto No-Go until the cycle is clearer.,Review,0.99,We recommended **Review** (trained WITH inferred-interval features) because the billing-cycle signal is too uncertain (confidence 30% for “irregular / no clear calendar billing cycle”). Thin or ambiguous history is treated as a data-quality issue — we do not auto Continue or auto No-Go until the cycle is clearer.,Review,0.9856,We recommended **Review** (trained WITHOUT inferred-interval features) because the billing-cycle signal is too uncertain (confidence 30% for “irregular / no clear calendar billing cycle”). Thin or ambiguous history is treated as a data-quality issue — we do not auto Continue or auto No-Go until the cycle is clearer.,true,"Both models agree on **Review**. Adding the inferred interval changed churn probability by +0.4% (with=99%, without=99%).",20260712_032913,11,1.0
vNdCDlRyHo7q3H1N,2025-03-05,monthly,0.7988,"We inferred **monthly billing (about every month)** because the typical gap between billing days is about 30 days, which matches monthly billing (about every month) across 5 observed cycle(s) (about 100% of gaps fit that pattern) and spacing looks very regular Confidence in this label is **80%**.",No-Go,high_churn_risk,"churn_prob 0.99 vs Continue<= 0.45, No-Go>= 0.70.",true,0.99,16.97,"Using the model **trained WITH inferred-interval features**, predicted chance of dollar churn is **99%** (high risk). That sits above the No-Go threshold, and interval confidence (80%) is high enough to auto-decide, so the recommendation is **No-Go** — decline or escalate for credit risk.",No-Go,0.99,"Using the model **trained WITH inferred-interval features**, predicted chance of dollar churn is **99%** (high risk). That sits above the No-Go threshold, and interval confidence (80%) is high enough to auto-decide, so the recommendation is **No-Go** — decline or escalate for credit risk.",No-Go,0.9914,"Using the model **trained WITHOUT inferred-interval features**, predicted chance of dollar churn is **99%** (high risk). That sits above the No-Go threshold, and interval confidence (80%) is high enough to auto-decide, so the recommendation is **No-Go** — decline or escalate for credit risk.",true,"Both models agree on **No-Go**. Adding the inferred interval changed churn probability by -0.1% (with=99%, without=99%).",20260712_032913,6,30.0
etSOXpl3GBfTPp3u,2025-03-05,irregular,0.3,We inferred **irregular / no clear calendar billing cycle** because the gaps between invoices (typical gap ≈ 1 days) do not line up cleanly with monthly / quarterly / semi-annual / annual calendars Confidence in this label is **30%**.,Review,low_interval_confidence,interval_confidence 0.30 < 0.50; insufficient billing history to auto-decide (data-quality guardrail).,false,0.99,62.28,We recommended **Review** (trained WITH inferred-interval features) because the billing-cycle signal is too uncertain (confidence 30% for “irregular / no clear calendar billing cycle”). Thin or ambiguous history is treated as a data-quality issue — we do not auto Continue or auto No-Go until the cycle is clearer.,Review,0.99,We recommended **Review** (trained WITH inferred-interval features) because the billing-cycle signal is too uncertain (confidence 30% for “irregular / no clear calendar billing cycle”). Thin or ambiguous history is treated as a data-quality issue — we do not auto Continue or auto No-Go until the cycle is clearer.,Review,0.9856,We recommended **Review** (trained WITHOUT inferred-interval features) because the billing-cycle signal is too uncertain (confidence 30% for “irregular / no clear calendar billing cycle”). Thin or ambiguous history is treated as a data-quality issue — we do not auto Continue or auto No-Go until the cycle is clearer.,true,"Both models agree on **Review**. Adding the inferred interval changed churn probability by +0.4% (with=99%, without=99%).",20260712_032913,11,1.0
tZaEdrlxIju77pyq,2025-03-05,monthly,0.6332,"We inferred **monthly billing (about every month)** because the typical gap between billing days is about 30 days, which matches monthly billing (about every month) across 13 observed cycle(s) (about 100% of gaps fit that pattern) and spacing looks somewhat uneven Confidence in this label is **63%**.",No-Go,high_churn_risk,"churn_prob 0.99 vs Continue<= 0.45, No-Go>= 0.70.",true,0.9948,2.37,"Using the model **trained WITH inferred-interval features**, predicted chance of dollar churn is **99%** (high risk). That sits above the No-Go threshold, and interval confidence (63%) is high enough to auto-decide, so the recommendation is **No-Go** — decline or escalate for credit risk.",No-Go,0.9948,"Using the model **trained WITH inferred-interval features**, predicted chance of dollar churn is **99%** (high risk). That sits above the No-Go threshold, and interval confidence (63%) is high enough to auto-decide, so the recommendation is **No-Go** — decline or escalate for credit risk.",No-Go,0.9927,"Using the model **trained WITHOUT inferred-interval features**, predicted chance of dollar churn is **99%** (high risk). That sits above the No-Go threshold, and interval confidence (63%) is high enough to auto-decide, so the recommendation is **No-Go** — decline or escalate for credit risk.",true,"Both models agree on **No-Go**. Adding the inferred interval changed churn probability by +0.2% (with=99%, without=99%).",20260712_032913,14,30.0
osJD3ns7kpiMT7xP,2025-03-05,irregular,0.3,We inferred **irregular / no clear calendar billing cycle** because the gaps between invoices (typical gap ≈ 1 days) do not line up cleanly with monthly / quarterly / semi-annual / annual calendars Confidence in this label is **30%**.,Review,low_interval_confidence,interval_confidence 0.30 < 0.50; insufficient billing history to auto-decide (data-quality guardrail).,false,0.982,191.94,We recommended **Review** (trained WITH inferred-interval features) because the billing-cycle signal is too uncertain (confidence 30% for “irregular / no clear calendar billing cycle”). Thin or ambiguous history is treated as a data-quality issue — we do not auto Continue or auto No-Go until the cycle is clearer.,Review,0.982,We recommended **Review** (trained WITH inferred-interval features) because the billing-cycle signal is too uncertain (confidence 30% for “irregular / no clear calendar billing cycle”). Thin or ambiguous history is treated as a data-quality issue — we do not auto Continue or auto No-Go until the cycle is clearer.,Review,0.9697,We recommended **Review** (trained WITHOUT inferred-interval features) because the billing-cycle signal is too uncertain (confidence 30% for “irregular / no clear calendar billing cycle”). Thin or ambiguous history is treated as a data-quality issue — we do not auto Continue or auto No-Go until the cycle is clearer.,true,"Both models agree on **Review**. Adding the inferred interval changed churn probability by +1.2% (with=98%, without=97%).",20260712_032913,10,1.0
kC826Kg6m7EX8tJd,2025-03-05,annual,0.4373,"We inferred **annual billing (about once a year)** because the typical gap between billing days is about 183 days, which matches annual billing (about once a year) across 2 observed cycle(s) (about 100% of gaps fit that pattern) and spacing looks somewhat uneven Confidence in this label is **44%**.",Review,low_interval_confidence,interval_confidence 0.44 < 0.50; insufficient billing history to auto-decide (data-quality guardrail).,false,0.875,26.31,We recommended **Review** (trained WITH inferred-interval features) because the billing-cycle signal is too uncertain (confidence 44% for “annual billing (about once a year)”). Thin or ambiguous history is treated as a data-quality issue — we do not auto Continue or auto No-Go until the cycle is clearer.,Review,0.875,We recommended **Review** (trained WITH inferred-interval features) because the billing-cycle signal is too uncertain (confidence 44% for “annual billing (about once a year)”). Thin or ambiguous history is treated as a data-quality issue — we do not auto Continue or auto No-Go until the cycle is clearer.,Review,0.819,We recommended **Review** (trained WITHOUT inferred-interval features) because the billing-cycle signal is too uncertain (confidence 44% for “annual billing (about once a year)”). Thin or ambiguous history is treated as a data-quality issue — we do not auto Continue or auto No-Go until the cycle is clearer.,true,"Both models agree on **Review**. Adding the inferred interval changed churn probability by +5.6% (with=88%, without=82%).",20260712_032913,3,183.0
X1mWEA24MoRSNFjU,2025-03-05,irregular,0.1275,We inferred **irregular / no clear calendar billing cycle** because the gaps between invoices (typical gap ≈ 1 days) do not line up cleanly with monthly / quarterly / semi-annual / annual calendars Confidence in this label is **13%**.,Review,low_interval_confidence,interval_confidence 0.13 < 0.50; insufficient billing history to auto-decide (data-quality guardrail).,false,0.99,75.14,We recommended **Review** (trained WITH inferred-interval features) because the billing-cycle signal is too uncertain (confidence 13% for “irregular / no clear calendar billing cycle”). Thin or ambiguous history is treated as a data-quality issue — we do not auto Continue or auto No-Go until the cycle is clearer.,Review,0.99,We recommended **Review** (trained WITH inferred-interval features) because the billing-cycle signal is too uncertain (confidence 13% for “irregular / no clear calendar billing cycle”). Thin or ambiguous history is treated as a data-quality issue — we do not auto Continue or auto No-Go until the cycle is clearer.,Review,0.9914,We recommended **Review** (trained WITHOUT inferred-interval features) because the billing-cycle signal is too uncertain (confidence 13% for “irregular / no clear calendar billing cycle”). Thin or ambiguous history is treated as a data-quality issue — we do not auto Continue or auto No-Go until the cycle is clearer.,true,"Both models agree on **Review**. Adding the inferred interval changed churn probability by -0.1% (with=99%, without=99%).",20260712_032913,11,1.0
Bb2tYIQlB2ydyyYD,2025-03-05,irregular,0.3,We inferred **irregular / no clear calendar billing cycle** because the gaps between invoices (typical gap ≈ 1 days) do not line up cleanly with monthly / quarterly / semi-annual / annual calendars Confidence in this label is **30%**.,Review,low_interval_confidence,interval_confidence 0.30 < 0.50; insufficient billing history to auto-decide (data-quality guardrail).,false,0.99,62.28,We recommended **Review** (trained WITH inferred-interval features) because the billing-cycle signal is too uncertain (confidence 30% for “irregular / no clear calendar billing cycle”). Thin or ambiguous history is treated as a data-quality issue — we do not auto Continue or auto No-Go until the cycle is clearer.,Review,0.99,We recommended **Review** (trained WITH inferred-interval features) because the billing-cycle signal is too uncertain (confidence 30% for “irregular / no clear calendar billing cycle”). Thin or ambiguous history is treated as a data-quality issue — we do not auto Continue or auto No-Go until the cycle is clearer.,Review,0.9856,We recommended **Review** (trained WITHOUT inferred-interval features) because the billing-cycle signal is too uncertain (confidence 30% for “irregular / no clear calendar billing cycle”). Thin or ambiguous history is treated as a data-quality issue — we do not auto Continue or auto No-Go until the cycle is clearer.,true,"Both models agree on **Review**. Adding the inferred interval changed churn probability by +0.4% (with=99%, without=99%).",20260712_032913,11,1.0
YFjYLnTU6Pk4Y0Pu,2025-03-05,monthly,0.4167,"We inferred **monthly billing (about every month)** because the typical gap between billing days is about 300 days, which matches monthly billing (about every month) across 2 observed cycle(s) (about 100% of gaps fit that pattern) and spacing looks somewhat uneven Confidence in this label is **42%**.",Review,low_interval_confidence,interval_confidence 0.42 < 0.50; insufficient billing history to auto-decide (data-quality guardrail).,false,0.6331,353.17,We recommended **Review** (trained WITH inferred-interval features) because the billing-cycle signal is too uncertain (confidence 42% for “monthly billing (about every month)”). Thin or ambiguous history is treated as a data-quality issue — we do not auto Continue or auto No-Go until the cycle is clearer.,Review,0.6331,We recommended **Review** (trained WITH inferred-interval features) because the billing-cycle signal is too uncertain (confidence 42% for “monthly billing (about every month)”). Thin or ambiguous history is treated as a data-quality issue — we do not auto Continue or auto No-Go until the cycle is clearer.,Review,0.5812,We recommended **Review** (trained WITHOUT inferred-interval features) because the billing-cycle signal is too uncertain (confidence 42% for “monthly billing (about every month)”). Thin or ambiguous history is treated as a data-quality issue — we do not auto Continue or auto No-Go until the cycle is clearer.,true,"Both models agree on **Review**. Adding the inferred interval changed churn probability by +5.2% (with=63%, without=58%).",20260712_032913,3,300.0
Rotu0Qej3zRq8PRN,2025-03-05,annual,0.5642,"We inferred **annual billing (about once a year)** because the typical gap between billing days is about 185 days, which matches annual billing (about once a year) across 4 observed cycle(s) (about 100% of gaps fit that pattern) and spacing looks somewhat uneven Confidence in this label is **56%**.",No-Go,high_churn_risk,"churn_prob 0.95 vs Continue<= 0.45, No-Go>= 0.70.",true,0.9494,1038.61,"Using the model **trained WITH inferred-interval features**, predicted chance of dollar churn is **95%** (high risk). That sits above the No-Go threshold, and interval confidence (56%) is high enough to auto-decide, so the recommendation is **No-Go** — decline or escalate for credit risk.",No-Go,0.9494,"Using the model **trained WITH inferred-interval features**, predicted chance of dollar churn is **95%** (high risk). That sits above the No-Go threshold, and interval confidence (56%) is high enough to auto-decide, so the recommendation is **No-Go** — decline or escalate for credit risk.",No-Go,0.8889,"Using the model **trained WITHOUT inferred-interval features**, predicted chance of dollar churn is **89%** (high risk). That sits above the No-Go threshold, and interval confidence (56%) is high enough to auto-decide, so the recommendation is **No-Go** — decline or escalate for credit risk.",true,"Both models agree on **No-Go**. Adding the inferred interval changed churn probability by +6.1% (with=95%, without=89%).",20260712_032913,5,185.0
3vYcsnz2DdAoQVdj,2025-03-05,monthly,0.9526,"We inferred **monthly billing (about every month)** because the typical gap between billing days is about 30 days, which matches monthly billing (about every month) across 18 observed cycle(s) (about 100% of gaps fit that pattern) and spacing looks very regular Confidence in this label is **95%**.",No-Go,high_churn_risk,"churn_prob 0.99 vs Continue<= 0.45, No-Go>= 0.70.",true,0.9912,246.03,"Using the model **trained WITH inferred-interval features**, predicted chance of dollar churn is **99%** (high risk). That sits above the No-Go threshold, and interval confidence (95%) is high enough to auto-decide, so the recommendation is **No-Go** — decline or escalate for credit risk.",No-Go,0.9912,"Using the model **trained WITH inferred-interval features**, predicted chance of dollar churn is **99%** (high risk). That sits above the No-Go threshold, and interval confidence (95%) is high enough to auto-decide, so the recommendation is **No-Go** — decline or escalate for credit risk.",No-Go,0.9927,"Using the model **trained WITHOUT inferred-interval features**, predicted chance of dollar churn is **99%** (high risk). That sits above the No-Go threshold, and interval confidence (95%) is high enough to auto-decide, so the recommendation is **No-Go** — decline or escalate for credit risk.",true,"Both models agree on **No-Go**. Adding the inferred interval changed churn probability by -0.1% (with=99%, without=99%).",20260712_032913,19,30.5
x51Ox3OMpzoFdnRR,2025-03-05,irregular,0.3,We inferred **irregular / no clear calendar billing cycle** because the gaps between invoices (typical gap ≈ 1 days) do not line up cleanly with monthly / quarterly / semi-annual / annual calendars Confidence in this label is **30%**.,Review,low_interval_confidence,interval_confidence 0.30 < 0.50; insufficient billing history to auto-decide (data-quality guardrail).,false,0.982,191.94,We recommended **Review** (trained WITH inferred-interval features) because the billing-cycle signal is too uncertain (confidence 30% for “irregular / no clear calendar billing cycle”). Thin or ambiguous history is treated as a data-quality issue — we do not auto Continue or auto No-Go until the cycle is clearer.,Review,0.982,We recommended **Review** (trained WITH inferred-interval features) because the billing-cycle signal is too uncertain (confidence 30% for “irregular / no clear calendar billing cycle”). Thin or ambiguous history is treated as a data-quality issue — we do not auto Continue or auto No-Go until the cycle is clearer.,Review,0.9697,We recommended **Review** (trained WITHOUT inferred-interval features) because the billing-cycle signal is too uncertain (confidence 30% for “irregular / no clear calendar billing cycle”). Thin or ambiguous history is treated as a data-quality issue — we do not auto Continue or auto No-Go until the cycle is clearer.,true,"Both models agree on **Review**. Adding the inferred interval changed churn probability by +1.2% (with=98%, without=97%).",20260712_032913,10,1.0
0AbFGM533FtyG59k,2025-03-05,monthly,0.5541,"We inferred **monthly billing (about every month)** because the typical gap between billing days is about 1 days, which matches monthly billing (about every month) across 11 observed cycle(s) (about 100% of gaps fit that pattern) and spacing looks somewhat uneven Confidence in this label is **55%**.",No-Go,high_churn_risk,"churn_prob 0.99 vs Continue<= 0.45, No-Go>= 0.70.",true,0.9912,177.62,"Using the model **trained WITH inferred-interval features**, predicted chance of dollar churn is **99%** (high risk). That sits above the No-Go threshold, and interval confidence (55%) is high enough to auto-decide, so the recommendation is **No-Go** — decline or escalate for credit risk.",No-Go,0.9912,"Using the model **trained WITH inferred-interval features**, predicted chance of dollar churn is **99%** (high risk). That sits above the No-Go threshold, and interval confidence (55%) is high enough to auto-decide, so the recommendation is **No-Go** — decline or escalate for credit risk.",No-Go,0.9927,"Using the model **trained WITHOUT inferred-interval features**, predicted chance of dollar churn is **99%** (high risk). That sits above the No-Go threshold, and interval confidence (55%) is high enough to auto-decide, so the recommendation is **No-Go** — decline or escalate for credit risk.",true,"Both models agree on **No-Go**. Adding the inferred interval changed churn probability by -0.1% (with=99%, without=99%).",20260712_032913,12,1.0
bY68HFXkQMlAKeUT,2025-03-05,monthly,0.4111,"We inferred **monthly billing (about every month)** because the typical gap between billing days is about 1 days, which matches monthly billing (about every month) across 12 observed cycle(s) (about 100% of gaps fit that pattern) and spacing looks somewhat uneven Confidence in this label is **41%**.",Review,low_interval_confidence,interval_confidence 0.41 < 0.50; insufficient billing history to auto-decide (data-quality guardrail).,false,0.9912,51.8,We recommended **Review** (trained WITH inferred-interval features) because the billing-cycle signal is too uncertain (confidence 41% for “monthly billing (about every month)”). Thin or ambiguous history is treated as a data-quality issue — we do not auto Continue or auto No-Go until the cycle is clearer.,Review,0.9912,We recommended **Review** (trained WITH inferred-interval features) because the billing-cycle signal is too uncertain (confidence 41% for “monthly billing (about every month)”). Thin or ambiguous history is treated as a data-quality issue — we do not auto Continue or auto No-Go until the cycle is clearer.,Review,0.9927,We recommended **Review** (trained WITHOUT inferred-interval features) because the billing-cycle signal is too uncertain (confidence 41% for “monthly billing (about every month)”). Thin or ambiguous history is treated as a data-quality issue — we do not auto Continue or auto No-Go until the cycle is clearer.,true,"Both models agree on **Review**. Adding the inferred interval changed churn probability by -0.1% (with=99%, without=99%).",20260712_032913,13,1.0
rSXHksgIX1XgaPjm,2025-03-05,irregular,0.0892,We inferred **irregular / no clear calendar billing cycle** because the gaps between invoices (typical gap ≈ 1 days) do not line up cleanly with monthly / quarterly / semi-annual / annual calendars Confidence in this label is **9%**.,Review,low_interval_confidence,interval_confidence 0.09 < 0.50; insufficient billing history to auto-decide (data-quality guardrail).,false,0.99,75.13,We recommended **Review** (trained WITH inferred-interval features) because the billing-cycle signal is too uncertain (confidence 9% for “irregular / no clear calendar billing cycle”). Thin or ambiguous history is treated as a data-quality issue — we do not auto Continue or auto No-Go until the cycle is clearer.,Review,0.99,We recommended **Review** (trained WITH inferred-interval features) because the billing-cycle signal is too uncertain (confidence 9% for “irregular / no clear calendar billing cycle”). Thin or ambiguous history is treated as a data-quality issue — we do not auto Continue or auto No-Go until the cycle is clearer.,Review,0.9914,We recommended **Review** (trained WITHOUT inferred-interval features) because the billing-cycle signal is too uncertain (confidence 9% for “irregular / no clear calendar billing cycle”). Thin or ambiguous history is treated as a data-quality issue — we do not auto Continue or auto No-Go until the cycle is clearer.,true,"Both models agree on **Review**. Adding the inferred interval changed churn probability by -0.1% (with=99%, without=99%).",20260712_032913,11,1.0
0YIfJhPz1e2sgIUg,2025-03-05,monthly,0.9364,"We inferred **monthly billing (about every month)** because the typical gap between billing days is about 30 days, which matches monthly billing (about every month) across 12 observed cycle(s) (about 100% of gaps fit that pattern) and spacing looks very regular Confidence in this label is **94%**.",No-Go,high_churn_risk,"churn_prob 0.99 vs Continue<= 0.45, No-Go>= 0.70.",true,0.99,1.87,"Using the model **trained WITH inferred-interval features**, predicted chance of dollar churn is **99%** (high risk). That sits above the No-Go threshold, and interval confidence (94%) is high enough to auto-decide, so the recommendation is **No-Go** — decline or escalate for credit risk.",No-Go,0.99,"Using the model **trained WITH inferred-interval features**, predicted chance of dollar churn is **99%** (high risk). That sits above the No-Go threshold, and interval confidence (94%) is high enough to auto-decide, so the recommendation is **No-Go** — decline or escalate for credit risk.",No-Go,0.9914,"Using the model **trained WITHOUT inferred-interval features**, predicted chance of dollar churn is **99%** (high risk). That sits above the No-Go threshold, and interval confidence (94%) is high enough to auto-decide, so the recommendation is **No-Go** — decline or escalate for credit risk.",true,"Both models agree on **No-Go**. Adding the inferred interval changed churn probability by -0.1% (with=99%, without=99%).",20260712_032913,13,30.5
GSlf8cTC80SGHEPC,2025-03-05,irregular,0.0892,We inferred **irregular / no clear calendar billing cycle** because the gaps between invoices (typical gap ≈ 1 days) do not line up cleanly with monthly / quarterly / semi-annual / annual calendars Confidence in this label is **9%**.,Review,low_interval_confidence,interval_confidence 0.09 < 0.50; insufficient billing history to auto-decide (data-quality guardrail).,false,0.99,75.13,We recommended **Review** (trained WITH inferred-interval features) because the billing-cycle signal is too uncertain (confidence 9% for “irregular / no clear calendar billing cycle”). Thin or ambiguous history is treated as a data-quality issue — we do not auto Continue or auto No-Go until the cycle is clearer.,Review,0.99,We recommended **Review** (trained WITH inferred-interval features) because the billing-cycle signal is too uncertain (confidence 9% for “irregular / no clear calendar billing cycle”). Thin or ambiguous history is treated as a data-quality issue — we do not auto Continue or auto No-Go until the cycle is clearer.,Review,0.9914,We recommended **Review** (trained WITHOUT inferred-interval features) because the billing-cycle signal is too uncertain (confidence 9% for “irregular / no clear calendar billing cycle”). Thin or ambiguous history is treated as a data-quality issue — we do not auto Continue or auto No-Go until the cycle is clearer.,true,"Both models agree on **Review**. Adding the inferred interval changed churn probability by -0.1% (with=99%, without=99%).",20260712_032913,11,1.0
wUSZhYFnwHIWlfP1,2025-03-05,monthly,0.9555,"We inferred **monthly billing (about every month)** because the typical gap between billing days is about 31 days, which matches monthly billing (about every month) across 20 observed cycle(s) (about 100% of gaps fit that pattern) and spacing looks very regular Confidence in this label is **96%**.",No-Go,high_churn_risk,"churn_prob 0.97 vs Continue<= 0.45, No-Go>= 0.70.",true,0.9685,353.16,"Using the model **trained WITH inferred-interval features**, predicted chance of dollar churn is **97%** (high risk). That sits above the No-Go threshold, and interval confidence (96%) is high enough to auto-decide, so the recommendation is **No-Go** — decline or escalate for credit risk.",No-Go,0.9685,"Using the model **trained WITH inferred-interval features**, predicted chance of dollar churn is **97%** (high risk). That sits above the No-Go threshold, and interval confidence (96%) is high enough to auto-decide, so the recommendation is **No-Go** — decline or escalate for credit risk.",No-Go,0.9697,"Using the model **trained WITHOUT inferred-interval features**, predicted chance of dollar churn is **97%** (high risk). That sits above the No-Go threshold, and interval confidence (96%) is high enough to auto-decide, so the recommendation is **No-Go** — decline or escalate for credit risk.",true,"Both models agree on **No-Go**. Adding the inferred interval changed churn probability by -0.1% (with=97%, without=97%).",20260712_032913,21,31.0
gvqiHsqXUmvN5nvN,2025-03-05,monthly,0.45,"We inferred **monthly billing (about every month)** because the typical gap between billing days is about 28 days, which matches monthly billing (about every month) across 3 observed cycle(s) (about 100% of gaps fit that pattern) and spacing looks somewhat uneven Confidence in this label is **45%**.",Review,low_interval_confidence,interval_confidence 0.45 < 0.50; insufficient billing history to auto-decide (data-quality guardrail).,false,0.9211,521.69,We recommended **Review** (trained WITH inferred-interval features) because the billing-cycle signal is too uncertain (confidence 45% for “monthly billing (about every month)”). Thin or ambiguous history is treated as a data-quality issue — we do not auto Continue or auto No-Go until the cycle is clearer.,Review,0.9211,We recommended **Review** (trained WITH inferred-interval features) because the billing-cycle signal is too uncertain (confidence 45% for “monthly billing (about every month)”). Thin or ambiguous history is treated as a data-quality issue — we do not auto Continue or auto No-Go until the cycle is clearer.,Review,0.9697,We recommended **Review** (trained WITHOUT inferred-interval features) because the billing-cycle signal is too uncertain (confidence 45% for “monthly billing (about every month)”). Thin or ambiguous history is treated as a data-quality issue — we do not auto Continue or auto No-Go until the cycle is clearer.,true,"Both models agree on **Review**. Adding the inferred interval changed churn probability by -4.9% (with=92%, without=97%).",20260712_032913,4,28.0
LVrjvdwUgKtuZcW7,2025-03-05,irregular,0.05,We inferred **irregular / no clear calendar billing cycle** because the gaps between invoices (typical gap ≈ 1 days) do not line up cleanly with monthly / quarterly / semi-annual / annual calendars Confidence in this label is **5%**.,Review,low_interval_confidence,interval_confidence 0.05 < 0.50; insufficient billing history to auto-decide (data-quality guardrail).,false,0.9833,338.58,We recommended **Review** (trained WITH inferred-interval features) because the billing-cycle signal is too uncertain (confidence 5% for “irregular / no clear calendar billing cycle”). Thin or ambiguous history is treated as a data-quality issue — we do not auto Continue or auto No-Go until the cycle is clearer.,Review,0.9833,We recommended **Review** (trained WITH inferred-interval features) because the billing-cycle signal is too uncertain (confidence 5% for “irregular / no clear calendar billing cycle”). Thin or ambiguous history is treated as a data-quality issue — we do not auto Continue or auto No-Go until the cycle is clearer.,Review,0.9697,We recommended **Review** (trained WITHOUT inferred-interval features) because the billing-cycle signal is too uncertain (confidence 5% for “irregular / no clear calendar billing cycle”). Thin or ambiguous history is treated as a data-quality issue — we do not auto Continue or auto No-Go until the cycle is clearer.,true,"Both models agree on **Review**. Adding the inferred interval changed churn probability by +1.4% (with=98%, without=97%).",20260712_032913,11,1.0
dOxQkDVIfC2ySFyE,2025-03-05,monthly,0.528,"We inferred **monthly billing (about every month)** because the typical gap between billing days is about 1 days, which matches monthly billing (about every month) across 10 observed cycle(s) (about 100% of gaps fit that pattern) and spacing looks somewhat uneven Confidence in this label is **53%**.",No-Go,high_churn_risk,"churn_prob 0.99 vs Continue<= 0.45, No-Go>= 0.70.",true,0.99,95.7,"Using the model **trained WITH inferred-interval features**, predicted chance of dollar churn is **99%** (high risk). That sits above the No-Go threshold, and interval confidence (53%) is high enough to auto-decide, so the recommendation is **No-Go** — decline or escalate for credit risk.",No-Go,0.99,"Using the model **trained WITH inferred-interval features**, predicted chance of dollar churn is **99%** (high risk). That sits above the No-Go threshold, and interval confidence (53%) is high enough to auto-decide, so the recommendation is **No-Go** — decline or escalate for credit risk.",No-Go,0.9927,"Using the model **trained WITHOUT inferred-interval features**, predicted chance of dollar churn is **99%** (high risk). That sits above the No-Go threshold, and interval confidence (53%) is high enough to auto-decide, so the recommendation is **No-Go** — decline or escalate for credit risk.",true,"Both models agree on **No-Go**. Adding the inferred interval changed churn probability by -0.3% (with=99%, without=99%).",20260712_032913,11,1.0
56iwD0LNEetFghcj,2025-03-05,irregular,0.3,We inferred **irregular / no clear calendar billing cycle** because the gaps between invoices (typical gap ≈ 2 days) do not line up cleanly with monthly / quarterly / semi-annual / annual calendars Confidence in this label is **30%**.,Review,low_interval_confidence,interval_confidence 0.30 < 0.50; insufficient billing history to auto-decide (data-quality guardrail).,false,0.99,0.0,We recommended **Review** (trained WITH inferred-interval features) because the billing-cycle signal is too uncertain (confidence 30% for “irregular / no clear calendar billing cycle”). Thin or ambiguous history is treated as a data-quality issue — we do not auto Continue or auto No-Go until the cycle is clearer.,Review,0.99,We recommended **Review** (trained WITH inferred-interval features) because the billing-cycle signal is too uncertain (confidence 30% for “irregular / no clear calendar billing cycle”). Thin or ambiguous history is treated as a data-quality issue — we do not auto Continue or auto No-Go until the cycle is clearer.,Review,0.9914,We recommended **Review** (trained WITHOUT inferred-interval features) because the billing-cycle signal is too uncertain (confidence 30% for “irregular / no clear calendar billing cycle”). Thin or ambiguous history is treated as a data-quality issue — we do not auto Continue or auto No-Go until the cycle is clearer.,true,"Both models agree on **Review**. Adding the inferred interval changed churn probability by -0.1% (with=99%, without=99%).",20260712_032913,2,2.0
mx8rFC5EdhS5PDU7,2025-03-05,monthly,0.528,"We inferred **monthly billing (about every month)** because the typical gap between billing days is about 1 days, which matches monthly billing (about every month) across 10 observed cycle(s) (about 100% of gaps fit that pattern) and spacing looks somewhat uneven Confidence in this label is **53%**.",No-Go,high_churn_risk,"churn_prob 0.99 vs Continue<= 0.45, No-Go>= 0.70.",true,0.99,95.7,"Using the model **trained WITH inferred-interval features**, predicted chance of dollar churn is **99%** (high risk). That sits above the No-Go threshold, and interval confidence (53%) is high enough to auto-decide, so the recommendation is **No-Go** — decline or escalate for credit risk.",No-Go,0.99,"Using the model **trained WITH inferred-interval features**, predicted chance of dollar churn is **99%** (high risk). That sits above the No-Go threshold, and interval confidence (53%) is high enough to auto-decide, so the recommendation is **No-Go** — decline or escalate for credit risk.",No-Go,0.9927,"Using the model **trained WITHOUT inferred-interval features**, predicted chance of dollar churn is **99%** (high risk). That sits above the No-Go threshold, and interval confidence (53%) is high enough to auto-decide, so the recommendation is **No-Go** — decline or escalate for credit risk.",true,"Both models agree on **No-Go**. Adding the inferred interval changed churn probability by -0.3% (with=99%, without=99%).",20260712_032913,11,1.0
SLRsixrONDeDxHl7,2025-03-05,irregular,0.3,We inferred **irregular / no clear calendar billing cycle** because the gaps between invoices (typical gap ≈ 1 days) do not line up cleanly with monthly / quarterly / semi-annual / annual calendars Confidence in this label is **30%**.,Review,low_interval_confidence,interval_confidence 0.30 < 0.50; insufficient billing history to auto-decide (data-quality guardrail).,false,0.982,191.94,We recommended **Review** (trained WITH inferred-interval features) because the billing-cycle signal is too uncertain (confidence 30% for “irregular / no clear calendar billing cycle”). Thin or ambiguous history is treated as a data-quality issue — we do not auto Continue or auto No-Go until the cycle is clearer.,Review,0.982,We recommended **Review** (trained WITH inferred-interval features) because the billing-cycle signal is too uncertain (confidence 30% for “irregular / no clear calendar billing cycle”). Thin or ambiguous history is treated as a data-quality issue — we do not auto Continue or auto No-Go until the cycle is clearer.,Review,0.9697,We recommended **Review** (trained WITHOUT inferred-interval features) because the billing-cycle signal is too uncertain (confidence 30% for “irregular / no clear calendar billing cycle”). Thin or ambiguous history is treated as a data-quality issue — we do not auto Continue or auto No-Go until the cycle is clearer.,true,"Both models agree on **Review**. Adding the inferred interval changed churn probability by +1.2% (with=98%, without=97%).",20260712_032913,10,1.0
ANa2kReIiFl89RVr,2025-03-05,irregular,0.0892,We inferred **irregular / no clear calendar billing cycle** because the gaps between invoices (typical gap ≈ 1 days) do not line up cleanly with monthly / quarterly / semi-annual / annual calendars Confidence in this label is **9%**.,Review,low_interval_confidence,interval_confidence 0.09 < 0.50; insufficient billing history to auto-decide (data-quality guardrail).,false,0.99,75.13,We recommended **Review** (trained WITH inferred-interval features) because the billing-cycle signal is too uncertain (confidence 9% for “irregular / no clear calendar billing cycle”). Thin or ambiguous history is treated as a data-quality issue — we do not auto Continue or auto No-Go until the cycle is clearer.,Review,0.99,We recommended **Review** (trained WITH inferred-interval features) because the billing-cycle signal is too uncertain (confidence 9% for “irregular / no clear calendar billing cycle”). Thin or ambiguous history is treated as a data-quality issue — we do not auto Continue or auto No-Go until the cycle is clearer.,Review,0.9914,We recommended **Review** (trained WITHOUT inferred-interval features) because the billing-cycle signal is too uncertain (confidence 9% for “irregular / no clear calendar billing cycle”). Thin or ambiguous history is treated as a data-quality issue — we do not auto Continue or auto No-Go until the cycle is clearer.,true,"Both models agree on **Review**. Adding the inferred interval changed churn probability by -0.1% (with=99%, without=99%).",20260712_032913,11,1.0
VgpdQWV49Zf67PHj,2025-03-05,monthly,0.6978,"We inferred **monthly billing (about every month)** because the typical gap between billing days is about 30 days, which matches monthly billing (about every month) across 2 observed cycle(s) (about 100% of gaps fit that pattern) and spacing looks very regular Confidence in this label is **70%**.",No-Go,high_churn_risk,"churn_prob 0.96 vs Continue<= 0.45, No-Go>= 0.70.",true,0.963,0.0,"Using the model **trained WITH inferred-interval features**, predicted chance of dollar churn is **96%** (high risk). That sits above the No-Go threshold, and interval confidence (70%) is high enough to auto-decide, so the recommendation is **No-Go** — decline or escalate for credit risk.",No-Go,0.963,"Using the model **trained WITH inferred-interval features**, predicted chance of dollar churn is **96%** (high risk). That sits above the No-Go threshold, and interval confidence (70%) is high enough to auto-decide, so the recommendation is **No-Go** — decline or escalate for credit risk.",No-Go,0.9697,"Using the model **trained WITHOUT inferred-interval features**, predicted chance of dollar churn is **97%** (high risk). That sits above the No-Go threshold, and interval confidence (70%) is high enough to auto-decide, so the recommendation is **No-Go** — decline or escalate for credit risk.",true,"Both models agree on **No-Go**. Adding the inferred interval changed churn probability by -0.7% (with=96%, without=97%).",20260712_032913,3,29.5
ebWtgD744eB4TouG,2025-03-05,monthly,0.6615,"We inferred **monthly billing (about every month)** because the typical gap between billing days is about 28 days, which matches monthly billing (about every month) across 1 observed cycle(s) (about 100% of gaps fit that pattern) Confidence in this label is **66%**.",No-Go,high_churn_risk,"churn_prob 0.95 vs Continue<= 0.45, No-Go>= 0.70.",true,0.9494,0.78,"Using the model **trained WITH inferred-interval features**, predicted chance of dollar churn is **95%** (high risk). That sits above the No-Go threshold, and interval confidence (66%) is high enough to auto-decide, so the recommendation is **No-Go** — decline or escalate for credit risk.",No-Go,0.9494,"Using the model **trained WITH inferred-interval features**, predicted chance of dollar churn is **95%** (high risk). That sits above the No-Go threshold, and interval confidence (66%) is high enough to auto-decide, so the recommendation is **No-Go** — decline or escalate for credit risk.",No-Go,0.9295,"Using the model **trained WITHOUT inferred-interval features**, predicted chance of dollar churn is **93%** (high risk). That sits above the No-Go threshold, and interval confidence (66%) is high enough to auto-decide, so the recommendation is **No-Go** — decline or escalate for credit risk.",true,"Both models agree on **No-Go**. Adding the inferred interval changed churn probability by +2.0% (with=95%, without=93%).",20260712_032913,2,28.0
oxyUi9ffg5Xw5QoN,2025-03-05,irregular,0.1275,We inferred **irregular / no clear calendar billing cycle** because the gaps between invoices (typical gap ≈ 1 days) do not line up cleanly with monthly / quarterly / semi-annual / annual calendars Confidence in this label is **13%**.,Review,low_interval_confidence,interval_confidence 0.13 < 0.50; insufficient billing history to auto-decide (data-quality guardrail).,false,0.99,75.14,We recommended **Review** (trained WITH inferred-interval features) because the billing-cycle signal is too uncertain (confidence 13% for “irregular / no clear calendar billing cycle”). Thin or ambiguous history is treated as a data-quality issue — we do not auto Continue or auto No-Go until the cycle is clearer.,Review,0.99,We recommended **Review** (trained WITH inferred-interval features) because the billing-cycle signal is too uncertain (confidence 13% for “irregular / no clear calendar billing cycle”). Thin or ambiguous history is treated as a data-quality issue — we do not auto Continue or auto No-Go until the cycle is clearer.,Review,0.9914,We recommended **Review** (trained WITHOUT inferred-interval features) because the billing-cycle signal is too uncertain (confidence 13% for “irregular / no clear calendar billing cycle”). Thin or ambiguous history is treated as a data-quality issue — we do not auto Continue or auto No-Go until the cycle is clearer.,true,"Both models agree on **Review**. Adding the inferred interval changed churn probability by -0.1% (with=99%, without=99%).",20260712_032913,11,1.0
vJio6Bht4CQzGR9N,2025-03-05,quarterly,0.6,"We inferred **quarterly billing (about every 3 months)** because the typical gap between billing days is about 1 days, which matches quarterly billing (about every 3 months) across 3 observed cycle(s) (about 100% of gaps fit that pattern) and spacing looks somewhat uneven Confidence in this label is **60%**.",No-Go,high_churn_risk,"churn_prob 0.90 vs Continue<= 0.45, No-Go>= 0.70.",true,0.9033,131.44,"Using the model **trained WITH inferred-interval features**, predicted chance of dollar churn is **90%** (high risk). That sits above the No-Go threshold, and interval confidence (60%) is high enough to auto-decide, so the recommendation is **No-Go** — decline or escalate for credit risk.",No-Go,0.9033,"Using the model **trained WITH inferred-interval features**, predicted chance of dollar churn is **90%** (high risk). That sits above the No-Go threshold, and interval confidence (60%) is high enough to auto-decide, so the recommendation is **No-Go** — decline or escalate for credit risk.",No-Go,0.9022,"Using the model **trained WITHOUT inferred-interval features**, predicted chance of dollar churn is **90%** (high risk). That sits above the No-Go threshold, and interval confidence (60%) is high enough to auto-decide, so the recommendation is **No-Go** — decline or escalate for credit risk.",true,"Both models agree on **No-Go**. Adding the inferred interval changed churn probability by +0.1% (with=90%, without=90%).",20260712_032913,4,1.0
vYGAaR4s0nTDFraj,2025-03-05,annual,0.7997,"We inferred **annual billing (about once a year)** because the typical gap between billing days is about 365 days, which matches annual billing (about once a year) across 1 observed cycle(s) (about 100% of gaps fit that pattern) Confidence in this label is **80%**.",No-Go,high_churn_risk,"churn_prob 0.83 vs Continue<= 0.45, No-Go>= 0.70.",true,0.8318,32.25,"Using the model **trained WITH inferred-interval features**, predicted chance of dollar churn is **83%** (high risk). That sits above the No-Go threshold, and interval confidence (80%) is high enough to auto-decide, so the recommendation is **No-Go** — decline or escalate for credit risk.",No-Go,0.8318,"Using the model **trained WITH inferred-interval features**, predicted chance of dollar churn is **83%** (high risk). That sits above the No-Go threshold, and interval confidence (80%) is high enough to auto-decide, so the recommendation is **No-Go** — decline or escalate for credit risk.",No-Go,0.819,"Using the model **trained WITHOUT inferred-interval features**, predicted chance of dollar churn is **82%** (high risk). That sits above the No-Go threshold, and interval confidence (80%) is high enough to auto-decide, so the recommendation is **No-Go** — decline or escalate for credit risk.",true,"Both models agree on **No-Go**. Adding the inferred interval changed churn probability by +1.3% (with=83%, without=82%).",20260712_032913,2,365.0
GxQkaoKTvyP9bMyy,2025-03-05,monthly,0.9515,"We inferred **monthly billing (about every month)** because the typical gap between billing days is about 31 days, which matches monthly billing (about every month) across 12 observed cycle(s) (about 100% of gaps fit that pattern) and spacing looks very regular Confidence in this label is **95%**.",No-Go,high_churn_risk,"churn_prob 0.99 vs Continue<= 0.45, No-Go>= 0.70.",true,0.99,1.99,"Using the model **trained WITH inferred-interval features**, predicted chance of dollar churn is **99%** (high risk). That sits above the No-Go threshold, and interval confidence (95%) is high enough to auto-decide, so the recommendation is **No-Go** — decline or escalate for credit risk.",No-Go,0.99,"Using the model **trained WITH inferred-interval features**, predicted chance of dollar churn is **99%** (high risk). That sits above the No-Go threshold, and interval confidence (95%) is high enough to auto-decide, so the recommendation is **No-Go** — decline or escalate for credit risk.",No-Go,0.9927,"Using the model **trained WITHOUT inferred-interval features**, predicted chance of dollar churn is **99%** (high risk). That sits above the No-Go threshold, and interval confidence (95%) is high enough to auto-decide, so the recommendation is **No-Go** — decline or escalate for credit risk.",true,"Both models agree on **No-Go**. Adding the inferred interval changed churn probability by -0.3% (with=99%, without=99%).",20260712_032913,13,31.0
SPLRv4zQqmXQLJji,2025-03-05,irregular,0.3,We inferred **irregular / no clear calendar billing cycle** because the gaps between invoices (typical gap ≈ 1 days) do not line up cleanly with monthly / quarterly / semi-annual / annual calendars Confidence in this label is **30%**.,Review,low_interval_confidence,interval_confidence 0.30 < 0.50; insufficient billing history to auto-decide (data-quality guardrail).,false,0.982,191.94,We recommended **Review** (trained WITH inferred-interval features) because the billing-cycle signal is too uncertain (confidence 30% for “irregular / no clear calendar billing cycle”). Thin or ambiguous history is treated as a data-quality issue — we do not auto Continue or auto No-Go until the cycle is clearer.,Review,0.982,We recommended **Review** (trained WITH inferred-interval features) because the billing-cycle signal is too uncertain (confidence 30% for “irregular / no clear calendar billing cycle”). Thin or ambiguous history is treated as a data-quality issue — we do not auto Continue or auto No-Go until the cycle is clearer.,Review,0.9697,We recommended **Review** (trained WITHOUT inferred-interval features) because the billing-cycle signal is too uncertain (confidence 30% for “irregular / no clear calendar billing cycle”). Thin or ambiguous history is treated as a data-quality issue — we do not auto Continue or auto No-Go until the cycle is clearer.,true,"Both models agree on **Review**. Adding the inferred interval changed churn probability by +1.2% (with=98%, without=97%).",20260712_032913,10,1.0
k4mbLB9rsuI6oI1G,2025-03-05,irregular,0.3,We inferred **irregular / no clear calendar billing cycle** because the gaps between invoices (typical gap ≈ 1 days) do not line up cleanly with monthly / quarterly / semi-annual / annual calendars Confidence in this label is **30%**.,Review,low_interval_confidence,interval_confidence 0.30 < 0.50; insufficient billing history to auto-decide (data-quality guardrail).,false,0.875,7.53,We recommended **Review** (trained WITH inferred-interval features) because the billing-cycle signal is too uncertain (confidence 30% for “irregular / no clear calendar billing cycle”). Thin or ambiguous history is treated as a data-quality issue — we do not auto Continue or auto No-Go until the cycle is clearer.,Review,0.875,We recommended **Review** (trained WITH inferred-interval features) because the billing-cycle signal is too uncertain (confidence 30% for “irregular / no clear calendar billing cycle”). Thin or ambiguous history is treated as a data-quality issue — we do not auto Continue or auto No-Go until the cycle is clearer.,Review,0.8613,We recommended **Review** (trained WITHOUT inferred-interval features) because the billing-cycle signal is too uncertain (confidence 30% for “irregular / no clear calendar billing cycle”). Thin or ambiguous history is treated as a data-quality issue — we do not auto Continue or auto No-Go until the cycle is clearer.,true,"Both models agree on **Review**. Adding the inferred interval changed churn probability by +1.4% (with=88%, without=86%).",20260712_032913,3,1.0
bTi0zLbxt4N9eM0u,2025-03-05,irregular,0.05,We inferred **irregular / no clear calendar billing cycle** because the gaps between invoices (typical gap ≈ 1 days) do not line up cleanly with monthly / quarterly / semi-annual / annual calendars Confidence in this label is **5%**.,Review,low_interval_confidence,interval_confidence 0.05 < 0.50; insufficient billing history to auto-decide (data-quality guardrail).,false,0.99,214.46,We recommended **Review** (trained WITH inferred-interval features) because the billing-cycle signal is too uncertain (confidence 5% for “irregular / no clear calendar billing cycle”). Thin or ambiguous history is treated as a data-quality issue — we do not auto Continue or auto No-Go until the cycle is clearer.,Review,0.99,We recommended **Review** (trained WITH inferred-interval features) because the billing-cycle signal is too uncertain (confidence 5% for “irregular / no clear calendar billing cycle”). Thin or ambiguous history is treated as a data-quality issue — we do not auto Continue or auto No-Go until the cycle is clearer.,Review,0.9927,We recommended **Review** (trained WITHOUT inferred-interval features) because the billing-cycle signal is too uncertain (confidence 5% for “irregular / no clear calendar billing cycle”). Thin or ambiguous history is treated as a data-quality issue — we do not auto Continue or auto No-Go until the cycle is clearer.,true,"Both models agree on **Review**. Adding the inferred interval changed churn probability by -0.3% (with=99%, without=99%).",20260712_032913,11,1.0
VEm82KMe7zC7rQ5i,2025-03-05,monthly,0.7316,"We inferred **monthly billing (about every month)** because the typical gap between billing days is about 28 days, which matches monthly billing (about every month) across 3 observed cycle(s) (about 100% of gaps fit that pattern) and spacing looks very regular Confidence in this label is **73%**.",No-Go,high_churn_risk,"churn_prob 0.99 vs Continue<= 0.45, No-Go>= 0.70.",true,0.99,17.25,"Using the model **trained WITH inferred-interval features**, predicted chance of dollar churn is **99%** (high risk). That sits above the No-Go threshold, and interval confidence (73%) is high enough to auto-decide, so the recommendation is **No-Go** — decline or escalate for credit risk.",No-Go,0.99,"Using the model **trained WITH inferred-interval features**, predicted chance of dollar churn is **99%** (high risk). That sits above the No-Go threshold, and interval confidence (73%) is high enough to auto-decide, so the recommendation is **No-Go** — decline or escalate for credit risk.",No-Go,0.9914,"Using the model **trained WITHOUT inferred-interval features**, predicted chance of dollar churn is **99%** (high risk). That sits above the No-Go threshold, and interval confidence (73%) is high enough to auto-decide, so the recommendation is **No-Go** — decline or escalate for credit risk.",true,"Both models agree on **No-Go**. Adding the inferred interval changed churn probability by -0.1% (with=99%, without=99%).",20260712_032913,4,28.0
vuliAFWc83jJsnW3,2025-03-05,irregular,0.1275,We inferred **irregular / no clear calendar billing cycle** because the gaps between invoices (typical gap ≈ 1 days) do not line up cleanly with monthly / quarterly / semi-annual / annual calendars Confidence in this label is **13%**.,Review,low_interval_confidence,interval_confidence 0.13 < 0.50; insufficient billing history to auto-decide (data-quality guardrail).,false,0.99,340.88,We recommended **Review** (trained WITH inferred-interval features) because the billing-cycle signal is too uncertain (confidence 13% for “irregular / no clear calendar billing cycle”). Thin or ambiguous history is treated as a data-quality issue — we do not auto Continue or auto No-Go until the cycle is clearer.,Review,0.99,We recommended **Review** (trained WITH inferred-interval features) because the billing-cycle signal is too uncertain (confidence 13% for “irregular / no clear calendar billing cycle”). Thin or ambiguous history is treated as a data-quality issue — we do not auto Continue or auto No-Go until the cycle is clearer.,Review,0.9697,We recommended **Review** (trained WITHOUT inferred-interval features) because the billing-cycle signal is too uncertain (confidence 13% for “irregular / no clear calendar billing cycle”). Thin or ambiguous history is treated as a data-quality issue — we do not auto Continue or auto No-Go until the cycle is clearer.,true,"Both models agree on **Review**. Adding the inferred interval changed churn probability by +2.0% (with=99%, without=97%).",20260712_032913,11,1.0
cGL7bLBOC7iqm5Yr,2025-03-05,mixed,0.1974,We inferred **mixed cadence (more than one regular billing pattern)** because invoice gaps cluster around more than one calendar period (for example a monthly subscription plus an annual fee) — the strongest pattern is quarterly (about 50% of matched gaps) Confidence in this label is **20%**.,Review,low_interval_confidence,interval_confidence 0.20 < 0.50; insufficient billing history to auto-decide (data-quality guardrail).,false,0.4952,259.44,We recommended **Review** (trained WITH inferred-interval features) because the billing-cycle signal is too uncertain (confidence 20% for “mixed cadence (more than one regular billing pattern)”). Thin or ambiguous history is treated as a data-quality issue — we do not auto Continue or auto No-Go until the cycle is clearer.,Review,0.4952,We recommended **Review** (trained WITH inferred-interval features) because the billing-cycle signal is too uncertain (confidence 20% for “mixed cadence (more than one regular billing pattern)”). Thin or ambiguous history is treated as a data-quality issue — we do not auto Continue or auto No-Go until the cycle is clearer.,Review,0.6571,We recommended **Review** (trained WITHOUT inferred-interval features) because the billing-cycle signal is too uncertain (confidence 20% for “mixed cadence (more than one regular billing pattern)”). Thin or ambiguous history is treated as a data-quality issue — we do not auto Continue or auto No-Go until the cycle is clearer.,true,"Both models agree on **Review**. Adding the inferred interval changed churn probability by -16.2% (with=50%, without=66%).",20260712_032913,5,182.5
OuthweoNjJw6LChP,2025-03-05,monthly,0.8465,"We inferred **monthly billing (about every month)** because the typical gap between billing days is about 30 days, which matches monthly billing (about every month) across 7 observed cycle(s) (about 100% of gaps fit that pattern) and spacing looks very regular Confidence in this label is **85%**.",No-Go,high_churn_risk,"churn_prob 0.99 vs Continue<= 0.45, No-Go>= 0.70.",true,0.9861,0.86,"Using the model **trained WITH inferred-interval features**, predicted chance of dollar churn is **99%** (high risk). That sits above the No-Go threshold, and interval confidence (85%) is high enough to auto-decide, so the recommendation is **No-Go** — decline or escalate for credit risk.",No-Go,0.9861,"Using the model **trained WITH inferred-interval features**, predicted chance of dollar churn is **99%** (high risk). That sits above the No-Go threshold, and interval confidence (85%) is high enough to auto-decide, so the recommendation is **No-Go** — decline or escalate for credit risk.",No-Go,0.9914,"Using the model **trained WITHOUT inferred-interval features**, predicted chance of dollar churn is **99%** (high risk). That sits above the No-Go threshold, and interval confidence (85%) is high enough to auto-decide, so the recommendation is **No-Go** — decline or escalate for credit risk.",true,"Both models agree on **No-Go**. Adding the inferred interval changed churn probability by -0.5% (with=99%, without=99%).",20260712_032913,8,30.0
6tHSGUu1Y7GepyBg,2025-03-05,irregular,0.3,We inferred **irregular / no clear calendar billing cycle** because the gaps between invoices (typical gap ≈ 1 days) do not line up cleanly with monthly / quarterly / semi-annual / annual calendars Confidence in this label is **30%**.,Review,low_interval_confidence,interval_confidence 0.30 < 0.50; insufficient billing history to auto-decide (data-quality guardrail).,false,0.99,62.28,We recommended **Review** (trained WITH inferred-interval features) because the billing-cycle signal is too uncertain (confidence 30% for “irregular / no clear calendar billing cycle”). Thin or ambiguous history is treated as a data-quality issue — we do not auto Continue or auto No-Go until the cycle is clearer.,Review,0.99,We recommended **Review** (trained WITH inferred-interval features) because the billing-cycle signal is too uncertain (confidence 30% for “irregular / no clear calendar billing cycle”). Thin or ambiguous history is treated as a data-quality issue — we do not auto Continue or auto No-Go until the cycle is clearer.,Review,0.9856,We recommended **Review** (trained WITHOUT inferred-interval features) because the billing-cycle signal is too uncertain (confidence 30% for “irregular / no clear calendar billing cycle”). Thin or ambiguous history is treated as a data-quality issue — we do not auto Continue or auto No-Go until the cycle is clearer.,true,"Both models agree on **Review**. Adding the inferred interval changed churn probability by +0.4% (with=99%, without=99%).",20260712_032913,11,1.0
8uBXd2puAOS7kfM5,2025-03-05,irregular,0.3,We inferred **irregular / no clear calendar billing cycle** because the gaps between invoices (typical gap ≈ 1 days) do not line up cleanly with monthly / quarterly / semi-annual / annual calendars Confidence in this label is **30%**.,Review,low_interval_confidence,interval_confidence 0.30 < 0.50; insufficient billing history to auto-decide (data-quality guardrail).,false,0.9861,175.15,We recommended **Review** (trained WITH inferred-interval features) because the billing-cycle signal is too uncertain (confidence 30% for “irregular / no clear calendar billing cycle”). Thin or ambiguous history is treated as a data-quality issue — we do not auto Continue or auto No-Go until the cycle is clearer.,Review,0.9861,We recommended **Review** (trained WITH inferred-interval features) because the billing-cycle signal is too uncertain (confidence 30% for “irregular / no clear calendar billing cycle”). Thin or ambiguous history is treated as a data-quality issue — we do not auto Continue or auto No-Go until the cycle is clearer.,Review,0.9697,We recommended **Review** (trained WITHOUT inferred-interval features) because the billing-cycle signal is too uncertain (confidence 30% for “irregular / no clear calendar billing cycle”). Thin or ambiguous history is treated as a data-quality issue — we do not auto Continue or auto No-Go until the cycle is clearer.,true,"Both models agree on **Review**. Adding the inferred interval changed churn probability by +1.6% (with=99%, without=97%).",20260712_032913,11,1.0
rUP3OojpNCZzxktv,2025-03-05,one_time_candidate,0.9338,We inferred **looks like a one-time / non-recurring charge pattern** because there is essentially a single invoice followed by a long quiet period with no repeat billing Confidence in this label is **93%**.,No-Go,high_churn_risk,"churn_prob 0.99 vs Continue<= 0.45, No-Go>= 0.70.",true,0.9861,0.0,"Using the model **trained WITH inferred-interval features**, predicted chance of dollar churn is **99%** (high risk). That sits above the No-Go threshold, and interval confidence (93%) is high enough to auto-decide, so the recommendation is **No-Go** — decline or escalate for credit risk.",No-Go,0.9861,"Using the model **trained WITH inferred-interval features**, predicted chance of dollar churn is **99%** (high risk). That sits above the No-Go threshold, and interval confidence (93%) is high enough to auto-decide, so the recommendation is **No-Go** — decline or escalate for credit risk.",No-Go,0.9697,"Using the model **trained WITHOUT inferred-interval features**, predicted chance of dollar churn is **97%** (high risk). That sits above the No-Go threshold, and interval confidence (93%) is high enough to auto-decide, so the recommendation is **No-Go** — decline or escalate for credit risk.",true,"Both models agree on **No-Go**. Adding the inferred interval changed churn probability by +1.6% (with=99%, without=97%).",20260712_032913,1,
Z0ROEStNkna65cxX,2025-03-05,irregular,0.0892,We inferred **irregular / no clear calendar billing cycle** because the gaps between invoices (typical gap ≈ 1 days) do not line up cleanly with monthly / quarterly / semi-annual / annual calendars Confidence in this label is **9%**.,Review,low_interval_confidence,interval_confidence 0.09 < 0.50; insufficient billing history to auto-decide (data-quality guardrail).,false,0.99,75.13,We recommended **Review** (trained WITH inferred-interval features) because the billing-cycle signal is too uncertain (confidence 9% for “irregular / no clear calendar billing cycle”). Thin or ambiguous history is treated as a data-quality issue — we do not auto Continue or auto No-Go until the cycle is clearer.,Review,0.99,We recommended **Review** (trained WITH inferred-interval features) because the billing-cycle signal is too uncertain (confidence 9% for “irregular / no clear calendar billing cycle”). Thin or ambiguous history is treated as a data-quality issue — we do not auto Continue or auto No-Go until the cycle is clearer.,Review,0.9914,We recommended **Review** (trained WITHOUT inferred-interval features) because the billing-cycle signal is too uncertain (confidence 9% for “irregular / no clear calendar billing cycle”). Thin or ambiguous history is treated as a data-quality issue — we do not auto Continue or auto No-Go until the cycle is clearer.,true,"Both models agree on **Review**. Adding the inferred interval changed churn probability by -0.1% (with=99%, without=99%).",20260712_032913,11,1.0
v2Q6j5cGuHQ6nYSg,2025-03-05,irregular,0.0892,We inferred **irregular / no clear calendar billing cycle** because the gaps between invoices (typical gap ≈ 1 days) do not line up cleanly with monthly / quarterly / semi-annual / annual calendars Confidence in this label is **9%**.,Review,low_interval_confidence,interval_confidence 0.09 < 0.50; insufficient billing history to auto-decide (data-quality guardrail).,false,0.99,340.88,We recommended **Review** (trained WITH inferred-interval features) because the billing-cycle signal is too uncertain (confidence 9% for “irregular / no clear calendar billing cycle”). Thin or ambiguous history is treated as a data-quality issue — we do not auto Continue or auto No-Go until the cycle is clearer.,Review,0.99,We recommended **Review** (trained WITH inferred-interval features) because the billing-cycle signal is too uncertain (confidence 9% for “irregular / no clear calendar billing cycle”). Thin or ambiguous history is treated as a data-quality issue — we do not auto Continue or auto No-Go until the cycle is clearer.,Review,0.9697,We recommended **Review** (trained WITHOUT inferred-interval features) because the billing-cycle signal is too uncertain (confidence 9% for “irregular / no clear calendar billing cycle”). Thin or ambiguous history is treated as a data-quality issue — we do not auto Continue or auto No-Go until the cycle is clearer.,true,"Both models agree on **Review**. Adding the inferred interval changed churn probability by +2.0% (with=99%, without=97%).",20260712_032913,11,1.0
obNFwr8W6oFdQ9N6,2025-03-05,monthly,0.83,"We inferred **monthly billing (about every month)** because the typical gap between billing days is about 30 days, which matches monthly billing (about every month) across 20 observed cycle(s) (about 100% of gaps fit that pattern) and spacing looks very regular Confidence in this label is **83%**.",No-Go,high_churn_risk,"churn_prob 0.99 vs Continue<= 0.45, No-Go>= 0.70.",true,0.99,376.85,"Using the model **trained WITH inferred-interval features**, predicted chance of dollar churn is **99%** (high risk). That sits above the No-Go threshold, and interval confidence (83%) is high enough to auto-decide, so the recommendation is **No-Go** — decline or escalate for credit risk.",No-Go,0.99,"Using the model **trained WITH inferred-interval features**, predicted chance of dollar churn is **99%** (high risk). That sits above the No-Go threshold, and interval confidence (83%) is high enough to auto-decide, so the recommendation is **No-Go** — decline or escalate for credit risk.",No-Go,0.9697,"Using the model **trained WITHOUT inferred-interval features**, predicted chance of dollar churn is **97%** (high risk). That sits above the No-Go threshold, and interval confidence (83%) is high enough to auto-decide, so the recommendation is **No-Go** — decline or escalate for credit risk.",true,"Both models agree on **No-Go**. Adding the inferred interval changed churn probability by +2.0% (with=99%, without=97%).",20260712_032913,21,30.5
NzOKUfWyYafS4gsR,2025-03-05,monthly,0.6833,"We inferred **monthly billing (about every month)** because the typical gap between billing days is about 26 days, which matches monthly billing (about every month) across 23 observed cycle(s) (about 100% of gaps fit that pattern) and spacing looks somewhat uneven Confidence in this label is **68%**.",No-Go,high_churn_risk,"churn_prob 0.99 vs Continue<= 0.45, No-Go>= 0.70.",true,0.9912,25.37,"Using the model **trained WITH inferred-interval features**, predicted chance of dollar churn is **99%** (high risk). That sits above the No-Go threshold, and interval confidence (68%) is high enough to auto-decide, so the recommendation is **No-Go** — decline or escalate for credit risk.",No-Go,0.9912,"Using the model **trained WITH inferred-interval features**, predicted chance of dollar churn is **99%** (high risk). That sits above the No-Go threshold, and interval confidence (68%) is high enough to auto-decide, so the recommendation is **No-Go** — decline or escalate for credit risk.",No-Go,0.9927,"Using the model **trained WITHOUT inferred-interval features**, predicted chance of dollar churn is **99%** (high risk). That sits above the No-Go threshold, and interval confidence (68%) is high enough to auto-decide, so the recommendation is **No-Go** — decline or escalate for credit risk.",true,"Both models agree on **No-Go**. Adding the inferred interval changed churn probability by -0.1% (with=99%, without=99%).",20260712_032913,24,26.0
T9ayWOR3jAcdoMX3,2025-03-05,monthly,0.5134,"We inferred **monthly billing (about every month)** because the typical gap between billing days is about 1 days, which matches monthly billing (about every month) across 11 observed cycle(s) (about 100% of gaps fit that pattern) and spacing looks somewhat uneven Confidence in this label is **51%**.",No-Go,high_churn_risk,"churn_prob 0.99 vs Continue<= 0.45, No-Go>= 0.70.",true,0.9861,36.76,"Using the model **trained WITH inferred-interval features**, predicted chance of dollar churn is **99%** (high risk). That sits above the No-Go threshold, and interval confidence (51%) is high enough to auto-decide, so the recommendation is **No-Go** — decline or escalate for credit risk.",No-Go,0.9861,"Using the model **trained WITH inferred-interval features**, predicted chance of dollar churn is **99%** (high risk). That sits above the No-Go threshold, and interval confidence (51%) is high enough to auto-decide, so the recommendation is **No-Go** — decline or escalate for credit risk.",No-Go,0.9914,"Using the model **trained WITHOUT inferred-interval features**, predicted chance of dollar churn is **99%** (high risk). That sits above the No-Go threshold, and interval confidence (51%) is high enough to auto-decide, so the recommendation is **No-Go** — decline or escalate for credit risk.",true,"Both models agree on **No-Go**. Adding the inferred interval changed churn probability by -0.5% (with=99%, without=99%).",20260712_032913,12,1.0
tmkUWJOvZmgRfGAN,2025-03-05,monthly,0.5636,"We inferred **monthly billing (about every month)** because the typical gap between billing days is about 1 days, which matches monthly billing (about every month) across 15 observed cycle(s) (about 100% of gaps fit that pattern) and spacing looks somewhat uneven Confidence in this label is **56%**.",No-Go,high_churn_risk,"churn_prob 0.99 vs Continue<= 0.45, No-Go>= 0.70.",true,0.9912,11.25,"Using the model **trained WITH inferred-interval features**, predicted chance of dollar churn is **99%** (high risk). That sits above the No-Go threshold, and interval confidence (56%) is high enough to auto-decide, so the recommendation is **No-Go** — decline or escalate for credit risk.",No-Go,0.9912,"Using the model **trained WITH inferred-interval features**, predicted chance of dollar churn is **99%** (high risk). That sits above the No-Go threshold, and interval confidence (56%) is high enough to auto-decide, so the recommendation is **No-Go** — decline or escalate for credit risk.",No-Go,0.9927,"Using the model **trained WITHOUT inferred-interval features**, predicted chance of dollar churn is **99%** (high risk). That sits above the No-Go threshold, and interval confidence (56%) is high enough to auto-decide, so the recommendation is **No-Go** — decline or escalate for credit risk.",true,"Both models agree on **No-Go**. Adding the inferred interval changed churn probability by -0.1% (with=99%, without=99%).",20260712_032913,16,1.0
8h5y3tT7znlg88J4,2025-03-05,annual,0.8653,"We inferred **annual billing (about once a year)** because the typical gap between billing days is about 366 days, which matches annual billing (about once a year) across 2 observed cycle(s) (about 100% of gaps fit that pattern) and spacing looks very regular Confidence in this label is **87%**.",Review,borderline_churn_risk,"churn_prob 0.50 vs Continue<= 0.45, No-Go>= 0.70.",false,0.4952,299.12,"Using the model **trained WITH inferred-interval features**, predicted chance of dollar churn is **50%** (elevated risk). That sits between the Continue and No-Go bands (or still needs analyst judgment), so the recommendation is **Review**.",Review,0.4952,"Using the model **trained WITH inferred-interval features**, predicted chance of dollar churn is **50%** (elevated risk). That sits between the Continue and No-Go bands (or still needs analyst judgment), so the recommendation is **Review**.",Review,0.5812,"Using the model **trained WITHOUT inferred-interval features**, predicted chance of dollar churn is **58%** (elevated risk). That sits between the Continue and No-Go bands (or still needs analyst judgment), so the recommendation is **Review**.",true,"Both models agree on **Review**. Adding the inferred interval changed churn probability by -8.6% (with=50%, without=58%).",20260712_032913,3,365.5
QiagCj37gyGxRxoi,2025-03-05,irregular,0.0892,We inferred **irregular / no clear calendar billing cycle** because the gaps between invoices (typical gap ≈ 1 days) do not line up cleanly with monthly / quarterly / semi-annual / annual calendars Confidence in this label is **9%**.,Review,low_interval_confidence,interval_confidence 0.09 < 0.50; insufficient billing history to auto-decide (data-quality guardrail).,false,0.99,340.88,We recommended **Review** (trained WITH inferred-interval features) because the billing-cycle signal is too uncertain (confidence 9% for “irregular / no clear calendar billing cycle”). Thin or ambiguous history is treated as a data-quality issue — we do not auto Continue or auto No-Go until the cycle is clearer.,Review,0.99,We recommended **Review** (trained WITH inferred-interval features) because the billing-cycle signal is too uncertain (confidence 9% for “irregular / no clear calendar billing cycle”). Thin or ambiguous history is treated as a data-quality issue — we do not auto Continue or auto No-Go until the cycle is clearer.,Review,0.9697,We recommended **Review** (trained WITHOUT inferred-interval features) because the billing-cycle signal is too uncertain (confidence 9% for “irregular / no clear calendar billing cycle”). Thin or ambiguous history is treated as a data-quality issue — we do not auto Continue or auto No-Go until the cycle is clearer.,true,"Both models agree on **Review**. Adding the inferred interval changed churn probability by +2.0% (with=99%, without=97%).",20260712_032913,11,1.0
NAmCQkbRuDiB9zNR,2025-03-05,monthly,0.8845,"We inferred **monthly billing (about every month)** because the typical gap between billing days is about 30 days, which matches monthly billing (about every month) across 8 observed cycle(s) (about 100% of gaps fit that pattern) and spacing looks very regular Confidence in this label is **88%**.",No-Go,high_churn_risk,"churn_prob 0.98 vs Continue<= 0.45, No-Go>= 0.70.",true,0.9847,1.87,"Using the model **trained WITH inferred-interval features**, predicted chance of dollar churn is **98%** (high risk). That sits above the No-Go threshold, and interval confidence (88%) is high enough to auto-decide, so the recommendation is **No-Go** — decline or escalate for credit risk.",No-Go,0.9847,"Using the model **trained WITH inferred-interval features**, predicted chance of dollar churn is **98%** (high risk). That sits above the No-Go threshold, and interval confidence (88%) is high enough to auto-decide, so the recommendation is **No-Go** — decline or escalate for credit risk.",No-Go,0.9914,"Using the model **trained WITHOUT inferred-interval features**, predicted chance of dollar churn is **99%** (high risk). That sits above the No-Go threshold, and interval confidence (88%) is high enough to auto-decide, so the recommendation is **No-Go** — decline or escalate for credit risk.",true,"Both models agree on **No-Go**. Adding the inferred interval changed churn probability by -0.7% (with=98%, without=99%).",20260712_032913,9,30.5
eQ4LqgFR9lImw8Bg,2025-03-05,monthly,0.6615,"We inferred **monthly billing (about every month)** because the typical gap between billing days is about 28 days, which matches monthly billing (about every month) across 1 observed cycle(s) (about 100% of gaps fit that pattern) Confidence in this label is **66%**.",No-Go,high_churn_risk,"churn_prob 0.95 vs Continue<= 0.45, No-Go>= 0.70.",true,0.9494,0.78,"Using the model **trained WITH inferred-interval features**, predicted chance of dollar churn is **95%** (high risk). That sits above the No-Go threshold, and interval confidence (66%) is high enough to auto-decide, so the recommendation is **No-Go** — decline or escalate for credit risk.",No-Go,0.9494,"Using the model **trained WITH inferred-interval features**, predicted chance of dollar churn is **95%** (high risk). That sits above the No-Go threshold, and interval confidence (66%) is high enough to auto-decide, so the recommendation is **No-Go** — decline or escalate for credit risk.",No-Go,0.9295,"Using the model **trained WITHOUT inferred-interval features**, predicted chance of dollar churn is **93%** (high risk). That sits above the No-Go threshold, and interval confidence (66%) is high enough to auto-decide, so the recommendation is **No-Go** — decline or escalate for credit risk.",true,"Both models agree on **No-Go**. Adding the inferred interval changed churn probability by +2.0% (with=95%, without=93%).",20260712_032913,2,28.0
syGpI3boSFY6AFgn,2025-03-05,mixed,0.2294,We inferred **mixed cadence (more than one regular billing pattern)** because invoice gaps cluster around more than one calendar period (for example a monthly subscription plus an annual fee) — the strongest pattern is annual (about 50% of matched gaps) Confidence in this label is **23%**.,Review,low_interval_confidence,interval_confidence 0.23 < 0.50; insufficient billing history to auto-decide (data-quality guardrail).,false,0.9429,633.49,We recommended **Review** (trained WITH inferred-interval features) because the billing-cycle signal is too uncertain (confidence 23% for “mixed cadence (more than one regular billing pattern)”). Thin or ambiguous history is treated as a data-quality issue — we do not auto Continue or auto No-Go until the cycle is clearer.,Review,0.9429,We recommended **Review** (trained WITH inferred-interval features) because the billing-cycle signal is too uncertain (confidence 23% for “mixed cadence (more than one regular billing pattern)”). Thin or ambiguous history is treated as a data-quality issue — we do not auto Continue or auto No-Go until the cycle is clearer.,Review,0.5812,We recommended **Review** (trained WITHOUT inferred-interval features) because the billing-cycle signal is too uncertain (confidence 23% for “mixed cadence (more than one regular billing pattern)”). Thin or ambiguous history is treated as a data-quality issue — we do not auto Continue or auto No-Go until the cycle is clearer.,true,"Both models agree on **Review**. Adding the inferred interval changed churn probability by +36.2% (with=94%, without=58%).",20260712_032913,9,1.0
rimtFzpc5lrk2Qdc,2025-03-05,irregular,0.3,We inferred **irregular / no clear calendar billing cycle** because the gaps between invoices (typical gap ≈ 1 days) do not line up cleanly with monthly / quarterly / semi-annual / annual calendars Confidence in this label is **30%**.,Review,low_interval_confidence,interval_confidence 0.30 < 0.50; insufficient billing history to auto-decide (data-quality guardrail).,false,0.9861,62.35,We recommended **Review** (trained WITH inferred-interval features) because the billing-cycle signal is too uncertain (confidence 30% for “irregular / no clear calendar billing cycle”). Thin or ambiguous history is treated as a data-quality issue — we do not auto Continue or auto No-Go until the cycle is clearer.,Review,0.9861,We recommended **Review** (trained WITH inferred-interval features) because the billing-cycle signal is too uncertain (confidence 30% for “irregular / no clear calendar billing cycle”). Thin or ambiguous history is treated as a data-quality issue — we do not auto Continue or auto No-Go until the cycle is clearer.,Review,0.9856,We recommended **Review** (trained WITHOUT inferred-interval features) because the billing-cycle signal is too uncertain (confidence 30% for “irregular / no clear calendar billing cycle”). Thin or ambiguous history is treated as a data-quality issue — we do not auto Continue or auto No-Go until the cycle is clearer.,true,"Both models agree on **Review**. Adding the inferred interval changed churn probability by +0.1% (with=99%, without=99%).",20260712_032913,10,1.0
HBJLL7zUKTsN5ngD,2025-03-05,irregular,0.1275,We inferred **irregular / no clear calendar billing cycle** because the gaps between invoices (typical gap ≈ 1 days) do not line up cleanly with monthly / quarterly / semi-annual / annual calendars Confidence in this label is **13%**.,Review,low_interval_confidence,interval_confidence 0.13 < 0.50; insufficient billing history to auto-decide (data-quality guardrail).,false,0.99,75.14,We recommended **Review** (trained WITH inferred-interval features) because the billing-cycle signal is too uncertain (confidence 13% for “irregular / no clear calendar billing cycle”). Thin or ambiguous history is treated as a data-quality issue — we do not auto Continue or auto No-Go until the cycle is clearer.,Review,0.99,We recommended **Review** (trained WITH inferred-interval features) because the billing-cycle signal is too uncertain (confidence 13% for “irregular / no clear calendar billing cycle”). Thin or ambiguous history is treated as a data-quality issue — we do not auto Continue or auto No-Go until the cycle is clearer.,Review,0.9914,We recommended **Review** (trained WITHOUT inferred-interval features) because the billing-cycle signal is too uncertain (confidence 13% for “irregular / no clear calendar billing cycle”). Thin or ambiguous history is treated as a data-quality issue — we do not auto Continue or auto No-Go until the cycle is clearer.,true,"Both models agree on **Review**. Adding the inferred interval changed churn probability by -0.1% (with=99%, without=99%).",20260712_032913,11,1.0
WHNTS85OLljy12Tq,2025-03-05,irregular,0.3,We inferred **irregular / no clear calendar billing cycle** because the gaps between invoices (typical gap ≈ 1 days) do not line up cleanly with monthly / quarterly / semi-annual / annual calendars Confidence in this label is **30%**.,Review,low_interval_confidence,interval_confidence 0.30 < 0.50; insufficient billing history to auto-decide (data-quality guardrail).,false,0.982,191.94,We recommended **Review** (trained WITH inferred-interval features) because the billing-cycle signal is too uncertain (confidence 30% for “irregular / no clear calendar billing cycle”). Thin or ambiguous history is treated as a data-quality issue — we do not auto Continue or auto No-Go until the cycle is clearer.,Review,0.982,We recommended **Review** (trained WITH inferred-interval features) because the billing-cycle signal is too uncertain (confidence 30% for “irregular / no clear calendar billing cycle”). Thin or ambiguous history is treated as a data-quality issue — we do not auto Continue or auto No-Go until the cycle is clearer.,Review,0.9697,We recommended **Review** (trained WITHOUT inferred-interval features) because the billing-cycle signal is too uncertain (confidence 30% for “irregular / no clear calendar billing cycle”). Thin or ambiguous history is treated as a data-quality issue — we do not auto Continue or auto No-Go until the cycle is clearer.,true,"Both models agree on **Review**. Adding the inferred interval changed churn probability by +1.2% (with=98%, without=97%).",20260712_032913,10,1.0
ERUHVgyoRbu0J4Fg,2025-03-05,monthly,0.7074,"We inferred **monthly billing (about every month)** because the typical gap between billing days is about 27 days, which matches monthly billing (about every month) across 2 observed cycle(s) (about 100% of gaps fit that pattern) and spacing looks very regular Confidence in this label is **71%**.",No-Go,high_churn_risk,"churn_prob 0.97 vs Continue<= 0.45, No-Go>= 0.70.",true,0.9656,0.0,"Using the model **trained WITH inferred-interval features**, predicted chance of dollar churn is **97%** (high risk). That sits above the No-Go threshold, and interval confidence (71%) is high enough to auto-decide, so the recommendation is **No-Go** — decline or escalate for credit risk.",No-Go,0.9656,"Using the model **trained WITH inferred-interval features**, predicted chance of dollar churn is **97%** (high risk). That sits above the No-Go threshold, and interval confidence (71%) is high enough to auto-decide, so the recommendation is **No-Go** — decline or escalate for credit risk.",No-Go,0.9697,"Using the model **trained WITHOUT inferred-interval features**, predicted chance of dollar churn is **97%** (high risk). That sits above the No-Go threshold, and interval confidence (71%) is high enough to auto-decide, so the recommendation is **No-Go** — decline or escalate for credit risk.",true,"Both models agree on **No-Go**. Adding the inferred interval changed churn probability by -0.4% (with=97%, without=97%).",20260712_032913,3,27.0
6cjyKdMv3wmuOkBc,2025-03-05,monthly,0.4652,"We inferred **monthly billing (about every month)** because the typical gap between billing days is about 33 days, which matches monthly billing (about every month) across 2 observed cycle(s) (about 100% of gaps fit that pattern) and spacing looks fairly regular Confidence in this label is **47%**.",Review,low_interval_confidence,interval_confidence 0.47 < 0.50; insufficient billing history to auto-decide (data-quality guardrail).,false,0.9015,24.88,We recommended **Review** (trained WITH inferred-interval features) because the billing-cycle signal is too uncertain (confidence 47% for “monthly billing (about every month)”). Thin or ambiguous history is treated as a data-quality issue — we do not auto Continue or auto No-Go until the cycle is clearer.,Review,0.9015,We recommended **Review** (trained WITH inferred-interval features) because the billing-cycle signal is too uncertain (confidence 47% for “monthly billing (about every month)”). Thin or ambiguous history is treated as a data-quality issue — we do not auto Continue or auto No-Go until the cycle is clearer.,Review,0.9159,We recommended **Review** (trained WITHOUT inferred-interval features) because the billing-cycle signal is too uncertain (confidence 47% for “monthly billing (about every month)”). Thin or ambiguous history is treated as a data-quality issue — we do not auto Continue or auto No-Go until the cycle is clearer.,true,"Both models agree on **Review**. Adding the inferred interval changed churn probability by -1.4% (with=90%, without=92%).",20260712_032913,3,33.0
go05lJwyzXRksao3,2025-03-05,monthly,0.9555,"We inferred **monthly billing (about every month)** because the typical gap between billing days is about 31 days, which matches monthly billing (about every month) across 20 observed cycle(s) (about 100% of gaps fit that pattern) and spacing looks very regular Confidence in this label is **96%**.",No-Go,high_churn_risk,"churn_prob 0.97 vs Continue<= 0.45, No-Go>= 0.70.",true,0.9685,353.16,"Using the model **trained WITH inferred-interval features**, predicted chance of dollar churn is **97%** (high risk). That sits above the No-Go threshold, and interval confidence (96%) is high enough to auto-decide, so the recommendation is **No-Go** — decline or escalate for credit risk.",No-Go,0.9685,"Using the model **trained WITH inferred-interval features**, predicted chance of dollar churn is **97%** (high risk). That sits above the No-Go threshold, and interval confidence (96%) is high enough to auto-decide, so the recommendation is **No-Go** — decline or escalate for credit risk.",No-Go,0.9697,"Using the model **trained WITHOUT inferred-interval features**, predicted chance of dollar churn is **97%** (high risk). That sits above the No-Go threshold, and interval confidence (96%) is high enough to auto-decide, so the recommendation is **No-Go** — decline or escalate for credit risk.",true,"Both models agree on **No-Go**. Adding the inferred interval changed churn probability by -0.1% (with=97%, without=97%).",20260712_032913,21,31.0
IQtlW4HfnKh9XskV,2025-03-05,monthly,0.9512,"We inferred **monthly billing (about every month)** because the typical gap between billing days is about 31 days, which matches monthly billing (about every month) across 24 observed cycle(s) (about 100% of gaps fit that pattern) and spacing looks very regular Confidence in this label is **95%**.",Review,borderline_churn_risk,"churn_prob 0.63 vs Continue<= 0.45, No-Go>= 0.70.",false,0.6331,430.47,"Using the model **trained WITH inferred-interval features**, predicted chance of dollar churn is **63%** (elevated risk). That sits between the Continue and No-Go bands (or still needs analyst judgment), so the recommendation is **Review**.",Review,0.6331,"Using the model **trained WITH inferred-interval features**, predicted chance of dollar churn is **63%** (elevated risk). That sits between the Continue and No-Go bands (or still needs analyst judgment), so the recommendation is **Review**.",Review,0.6091,"Using the model **trained WITHOUT inferred-interval features**, predicted chance of dollar churn is **61%** (elevated risk). That sits between the Continue and No-Go bands (or still needs analyst judgment), so the recommendation is **Review**.",true,"Both models agree on **Review**. Adding the inferred interval changed churn probability by +2.4% (with=63%, without=61%).",20260712_032913,25,31.0
lHXwI5hk91sYFkvZ,2025-03-05,one_time_candidate,0.9475,We inferred **looks like a one-time / non-recurring charge pattern** because there is essentially a single invoice followed by a long quiet period with no repeat billing Confidence in this label is **95%**.,No-Go,high_churn_risk,"churn_prob 0.99 vs Continue<= 0.45, No-Go>= 0.70.",true,0.9861,0.0,"Using the model **trained WITH inferred-interval features**, predicted chance of dollar churn is **99%** (high risk). That sits above the No-Go threshold, and interval confidence (95%) is high enough to auto-decide, so the recommendation is **No-Go** — decline or escalate for credit risk.",No-Go,0.9861,"Using the model **trained WITH inferred-interval features**, predicted chance of dollar churn is **99%** (high risk). That sits above the No-Go threshold, and interval confidence (95%) is high enough to auto-decide, so the recommendation is **No-Go** — decline or escalate for credit risk.",No-Go,0.9697,"Using the model **trained WITHOUT inferred-interval features**, predicted chance of dollar churn is **97%** (high risk). That sits above the No-Go threshold, and interval confidence (95%) is high enough to auto-decide, so the recommendation is **No-Go** — decline or escalate for credit risk.",true,"Both models agree on **No-Go**. Adding the inferred interval changed churn probability by +1.6% (with=99%, without=97%).",20260712_032913,1,
gQpEa6o4LoyyP13G,2025-03-05,monthly,0.6857,"We inferred **monthly billing (about every month)** because the typical gap between billing days is about 1 days, which matches monthly billing (about every month) across 27 observed cycle(s) (about 100% of gaps fit that pattern) and spacing looks somewhat uneven Confidence in this label is **69%**.",No-Go,high_churn_risk,"churn_prob 0.99 vs Continue<= 0.45, No-Go>= 0.70.",true,0.9948,29.8,"Using the model **trained WITH inferred-interval features**, predicted chance of dollar churn is **99%** (high risk). That sits above the No-Go threshold, and interval confidence (69%) is high enough to auto-decide, so the recommendation is **No-Go** — decline or escalate for credit risk.",No-Go,0.9948,"Using the model **trained WITH inferred-interval features**, predicted chance of dollar churn is **99%** (high risk). That sits above the No-Go threshold, and interval confidence (69%) is high enough to auto-decide, so the recommendation is **No-Go** — decline or escalate for credit risk.",No-Go,0.9956,"Using the model **trained WITHOUT inferred-interval features**, predicted chance of dollar churn is **100%** (high risk). That sits above the No-Go threshold, and interval confidence (69%) is high enough to auto-decide, so the recommendation is **No-Go** — decline or escalate for credit risk.",true,"Both models agree on **No-Go**. Adding the inferred interval changed churn probability by -0.1% (with=99%, without=100%).",20260712_032913,28,1.0
WWA7Bq4piqHK67cg,2025-03-05,monthly,0.528,"We inferred **monthly billing (about every month)** because the typical gap between billing days is about 1 days, which matches monthly billing (about every month) across 10 observed cycle(s) (about 100% of gaps fit that pattern) and spacing looks somewhat uneven Confidence in this label is **53%**.",No-Go,high_churn_risk,"churn_prob 0.99 vs Continue<= 0.45, No-Go>= 0.70.",true,0.99,95.7,"Using the model **trained WITH inferred-interval features**, predicted chance of dollar churn is **99%** (high risk). That sits above the No-Go threshold, and interval confidence (53%) is high enough to auto-decide, so the recommendation is **No-Go** — decline or escalate for credit risk.",No-Go,0.99,"Using the model **trained WITH inferred-interval features**, predicted chance of dollar churn is **99%** (high risk). That sits above the No-Go threshold, and interval confidence (53%) is high enough to auto-decide, so the recommendation is **No-Go** — decline or escalate for credit risk.",No-Go,0.9927,"Using the model **trained WITHOUT inferred-interval features**, predicted chance of dollar churn is **99%** (high risk). That sits above the No-Go threshold, and interval confidence (53%) is high enough to auto-decide, so the recommendation is **No-Go** — decline or escalate for credit risk.",true,"Both models agree on **No-Go**. Adding the inferred interval changed churn probability by -0.3% (with=99%, without=99%).",20260712_032913,11,1.0
f4r5fdmOJTz6CmTf,2025-03-05,monthly,0.6607,"We inferred **monthly billing (about every month)** because the typical gap between billing days is about 26 days, which matches monthly billing (about every month) across 1 observed cycle(s) (about 100% of gaps fit that pattern) Confidence in this label is **66%**.",No-Go,high_churn_risk,"churn_prob 0.80 vs Continue<= 0.45, No-Go>= 0.70.",true,0.8031,8.12,"Using the model **trained WITH inferred-interval features**, predicted chance of dollar churn is **80%** (high risk). That sits above the No-Go threshold, and interval confidence (66%) is high enough to auto-decide, so the recommendation is **No-Go** — decline or escalate for credit risk.",No-Go,0.8031,"Using the model **trained WITH inferred-interval features**, predicted chance of dollar churn is **80%** (high risk). That sits above the No-Go threshold, and interval confidence (66%) is high enough to auto-decide, so the recommendation is **No-Go** — decline or escalate for credit risk.",No-Go,0.7134,"Using the model **trained WITHOUT inferred-interval features**, predicted chance of dollar churn is **71%** (high risk). That sits above the No-Go threshold, and interval confidence (66%) is high enough to auto-decide, so the recommendation is **No-Go** — decline or escalate for credit risk.",true,"Both models agree on **No-Go**. Adding the inferred interval changed churn probability by +9.0% (with=80%, without=71%).",20260712_032913,2,26.0
Srd5qsB6lJ8iTuUe,2025-03-05,irregular,0.3,We inferred **irregular / no clear calendar billing cycle** because the gaps between invoices (typical gap ≈ 1 days) do not line up cleanly with monthly / quarterly / semi-annual / annual calendars Confidence in this label is **30%**.,Review,low_interval_confidence,interval_confidence 0.30 < 0.50; insufficient billing history to auto-decide (data-quality guardrail).,false,0.982,191.94,We recommended **Review** (trained WITH inferred-interval features) because the billing-cycle signal is too uncertain (confidence 30% for “irregular / no clear calendar billing cycle”). Thin or ambiguous history is treated as a data-quality issue — we do not auto Continue or auto No-Go until the cycle is clearer.,Review,0.982,We recommended **Review** (trained WITH inferred-interval features) because the billing-cycle signal is too uncertain (confidence 30% for “irregular / no clear calendar billing cycle”). Thin or ambiguous history is treated as a data-quality issue — we do not auto Continue or auto No-Go until the cycle is clearer.,Review,0.9697,We recommended **Review** (trained WITHOUT inferred-interval features) because the billing-cycle signal is too uncertain (confidence 30% for “irregular / no clear calendar billing cycle”). Thin or ambiguous history is treated as a data-quality issue — we do not auto Continue or auto No-Go until the cycle is clearer.,true,"Both models agree on **Review**. Adding the inferred interval changed churn probability by +1.2% (with=98%, without=97%).",20260712_032913,10,1.0
T85fK3sQuFuCpNIQ,2025-03-05,annual,0.6635,"We inferred **annual billing (about once a year)** because the typical gap between billing days is about 1 days, which matches annual billing (about once a year) across 10 observed cycle(s) (about 100% of gaps fit that pattern) and spacing looks somewhat uneven Confidence in this label is **66%**.",No-Go,high_churn_risk,"churn_prob 0.99 vs Continue<= 0.45, No-Go>= 0.70.",true,0.9861,273.51,"Using the model **trained WITH inferred-interval features**, predicted chance of dollar churn is **99%** (high risk). That sits above the No-Go threshold, and interval confidence (66%) is high enough to auto-decide, so the recommendation is **No-Go** — decline or escalate for credit risk.",No-Go,0.9861,"Using the model **trained WITH inferred-interval features**, predicted chance of dollar churn is **99%** (high risk). That sits above the No-Go threshold, and interval confidence (66%) is high enough to auto-decide, so the recommendation is **No-Go** — decline or escalate for credit risk.",No-Go,0.9697,"Using the model **trained WITHOUT inferred-interval features**, predicted chance of dollar churn is **97%** (high risk). That sits above the No-Go threshold, and interval confidence (66%) is high enough to auto-decide, so the recommendation is **No-Go** — decline or escalate for credit risk.",true,"Both models agree on **No-Go**. Adding the inferred interval changed churn probability by +1.6% (with=99%, without=97%).",20260712_032913,11,1.0
5slSH4PxFp0AUhoB,2025-03-05,annual,0.6635,"We inferred **annual billing (about once a year)** because the typical gap between billing days is about 1 days, which matches annual billing (about once a year) across 10 observed cycle(s) (about 100% of gaps fit that pattern) and spacing looks somewhat uneven Confidence in this label is **66%**.",No-Go,high_churn_risk,"churn_prob 0.99 vs Continue<= 0.45, No-Go>= 0.70.",true,0.9861,273.51,"Using the model **trained WITH inferred-interval features**, predicted chance of dollar churn is **99%** (high risk). That sits above the No-Go threshold, and interval confidence (66%) is high enough to auto-decide, so the recommendation is **No-Go** — decline or escalate for credit risk.",No-Go,0.9861,"Using the model **trained WITH inferred-interval features**, predicted chance of dollar churn is **99%** (high risk). That sits above the No-Go threshold, and interval confidence (66%) is high enough to auto-decide, so the recommendation is **No-Go** — decline or escalate for credit risk.",No-Go,0.9697,"Using the model **trained WITHOUT inferred-interval features**, predicted chance of dollar churn is **97%** (high risk). That sits above the No-Go threshold, and interval confidence (66%) is high enough to auto-decide, so the recommendation is **No-Go** — decline or escalate for credit risk.",true,"Both models agree on **No-Go**. Adding the inferred interval changed churn probability by +1.6% (with=99%, without=97%).",20260712_032913,11,1.0
45cI3ybtrk563xDs,2025-03-05,monthly,0.9614,"We inferred **monthly billing (about every month)** because the typical gap between billing days is about 31 days, which matches monthly billing (about every month) across 25 observed cycle(s) (about 100% of gaps fit that pattern) and spacing looks very regular Confidence in this label is **96%**.",Review,borderline_churn_risk,"churn_prob 0.45 vs Continue<= 0.45, No-Go>= 0.70.",false,0.4503,208.78,"Using the model **trained WITH inferred-interval features**, predicted chance of dollar churn is **45%** (elevated risk). That sits between the Continue and No-Go bands (or still needs analyst judgment), so the recommendation is **Review**.",Review,0.4503,"Using the model **trained WITH inferred-interval features**, predicted chance of dollar churn is **45%** (elevated risk). That sits between the Continue and No-Go bands (or still needs analyst judgment), so the recommendation is **Review**.",Review,0.5812,"Using the model **trained WITHOUT inferred-interval features**, predicted chance of dollar churn is **58%** (elevated risk). That sits between the Continue and No-Go bands (or still needs analyst judgment), so the recommendation is **Review**.",true,"Both models agree on **Review**. Adding the inferred interval changed churn probability by -13.1% (with=45%, without=58%).",20260712_032913,26,31.0
vtjRYvM3TuxFCckH,2025-03-05,irregular,0.3,We inferred **irregular / no clear calendar billing cycle** because the gaps between invoices (typical gap ≈ 1 days) do not line up cleanly with monthly / quarterly / semi-annual / annual calendars Confidence in this label is **30%**.,Review,low_interval_confidence,interval_confidence 0.30 < 0.50; insufficient billing history to auto-decide (data-quality guardrail).,false,0.6181,96.22,We recommended **Review** (trained WITH inferred-interval features) because the billing-cycle signal is too uncertain (confidence 30% for “irregular / no clear calendar billing cycle”). Thin or ambiguous history is treated as a data-quality issue — we do not auto Continue or auto No-Go until the cycle is clearer.,Review,0.6181,We recommended **Review** (trained WITH inferred-interval features) because the billing-cycle signal is too uncertain (confidence 30% for “irregular / no clear calendar billing cycle”). Thin or ambiguous history is treated as a data-quality issue — we do not auto Continue or auto No-Go until the cycle is clearer.,Review,0.6091,We recommended **Review** (trained WITHOUT inferred-interval features) because the billing-cycle signal is too uncertain (confidence 30% for “irregular / no clear calendar billing cycle”). Thin or ambiguous history is treated as a data-quality issue — we do not auto Continue or auto No-Go until the cycle is clearer.,true,"Both models agree on **Review**. Adding the inferred interval changed churn probability by +0.9% (with=62%, without=61%).",20260712_032913,2,1.0
8siB1UQp9AyW6ffr,2025-03-05,monthly,0.6152,"We inferred **monthly billing (about every month)** because the typical gap between billing days is about 1 days, which matches monthly billing (about every month) across 16 observed cycle(s) (about 100% of gaps fit that pattern) and spacing looks somewhat uneven Confidence in this label is **62%**.",No-Go,high_churn_risk,"churn_prob 0.99 vs Continue<= 0.45, No-Go>= 0.70.",true,0.9948,5.29,"Using the model **trained WITH inferred-interval features**, predicted chance of dollar churn is **99%** (high risk). That sits above the No-Go threshold, and interval confidence (62%) is high enough to auto-decide, so the recommendation is **No-Go** — decline or escalate for credit risk.",No-Go,0.9948,"Using the model **trained WITH inferred-interval features**, predicted chance of dollar churn is **99%** (high risk). That sits above the No-Go threshold, and interval confidence (62%) is high enough to auto-decide, so the recommendation is **No-Go** — decline or escalate for credit risk.",No-Go,0.9927,"Using the model **trained WITHOUT inferred-interval features**, predicted chance of dollar churn is **99%** (high risk). That sits above the No-Go threshold, and interval confidence (62%) is high enough to auto-decide, so the recommendation is **No-Go** — decline or escalate for credit risk.",true,"Both models agree on **No-Go**. Adding the inferred interval changed churn probability by +0.2% (with=99%, without=99%).",20260712_032913,17,1.0
aw0MWNXcDlwLrTGY,2025-03-05,irregular,0.3,We inferred **irregular / no clear calendar billing cycle** because the gaps between invoices (typical gap ≈ 1 days) do not line up cleanly with monthly / quarterly / semi-annual / annual calendars Confidence in this label is **30%**.,Review,low_interval_confidence,interval_confidence 0.30 < 0.50; insufficient billing history to auto-decide (data-quality guardrail).,false,0.982,191.94,We recommended **Review** (trained WITH inferred-interval features) because the billing-cycle signal is too uncertain (confidence 30% for “irregular / no clear calendar billing cycle”). Thin or ambiguous history is treated as a data-quality issue — we do not auto Continue or auto No-Go until the cycle is clearer.,Review,0.982,We recommended **Review** (trained WITH inferred-interval features) because the billing-cycle signal is too uncertain (confidence 30% for “irregular / no clear calendar billing cycle”). Thin or ambiguous history is treated as a data-quality issue — we do not auto Continue or auto No-Go until the cycle is clearer.,Review,0.9697,We recommended **Review** (trained WITHOUT inferred-interval features) because the billing-cycle signal is too uncertain (confidence 30% for “irregular / no clear calendar billing cycle”). Thin or ambiguous history is treated as a data-quality issue — we do not auto Continue or auto No-Go until the cycle is clearer.,true,"Both models agree on **Review**. Adding the inferred interval changed churn probability by +1.2% (with=98%, without=97%).",20260712_032913,10,1.0
5hDyiNN62AiVEBjw,2025-03-05,monthly,0.4577,"We inferred **monthly billing (about every month)** because the typical gap between billing days is about 1 days, which matches monthly billing (about every month) across 32 observed cycle(s) (about 100% of gaps fit that pattern) and spacing looks somewhat uneven Confidence in this label is **46%**.",Review,low_interval_confidence,interval_confidence 0.46 < 0.50; insufficient billing history to auto-decide (data-quality guardrail).,false,0.9912,59.43,We recommended **Review** (trained WITH inferred-interval features) because the billing-cycle signal is too uncertain (confidence 46% for “monthly billing (about every month)”). Thin or ambiguous history is treated as a data-quality issue — we do not auto Continue or auto No-Go until the cycle is clearer.,Review,0.9912,We recommended **Review** (trained WITH inferred-interval features) because the billing-cycle signal is too uncertain (confidence 46% for “monthly billing (about every month)”). Thin or ambiguous history is treated as a data-quality issue — we do not auto Continue or auto No-Go until the cycle is clearer.,Review,0.9856,We recommended **Review** (trained WITHOUT inferred-interval features) because the billing-cycle signal is too uncertain (confidence 46% for “monthly billing (about every month)”). Thin or ambiguous history is treated as a data-quality issue — we do not auto Continue or auto No-Go until the cycle is clearer.,true,"Both models agree on **Review**. Adding the inferred interval changed churn probability by +0.6% (with=99%, without=99%).",20260712_032913,33,1.0
k0Rsvj2XvXuFfvrK,2025-03-05,irregular,0.3,We inferred **irregular / no clear calendar billing cycle** because the gaps between invoices (typical gap ≈ 1 days) do not line up cleanly with monthly / quarterly / semi-annual / annual calendars Confidence in this label is **30%**.,Review,low_interval_confidence,interval_confidence 0.30 < 0.50; insufficient billing history to auto-decide (data-quality guardrail).,false,0.9861,62.35,We recommended **Review** (trained WITH inferred-interval features) because the billing-cycle signal is too uncertain (confidence 30% for “irregular / no clear calendar billing cycle”). Thin or ambiguous history is treated as a data-quality issue — we do not auto Continue or auto No-Go until the cycle is clearer.,Review,0.9861,We recommended **Review** (trained WITH inferred-interval features) because the billing-cycle signal is too uncertain (confidence 30% for “irregular / no clear calendar billing cycle”). Thin or ambiguous history is treated as a data-quality issue — we do not auto Continue or auto No-Go until the cycle is clearer.,Review,0.9856,We recommended **Review** (trained WITHOUT inferred-interval features) because the billing-cycle signal is too uncertain (confidence 30% for “irregular / no clear calendar billing cycle”). Thin or ambiguous history is treated as a data-quality issue — we do not auto Continue or auto No-Go until the cycle is clearer.,true,"Both models agree on **Review**. Adding the inferred interval changed churn probability by +0.1% (with=99%, without=99%).",20260712_032913,10,1.0
DsPZ37zVbPrDiTzY,2025-03-05,one_time_candidate,0.95,We inferred **looks like a one-time / non-recurring charge pattern** because there is essentially a single invoice followed by a long quiet period with no repeat billing Confidence in this label is **95%**.,No-Go,high_churn_risk,"churn_prob 0.98 vs Continue<= 0.45, No-Go>= 0.70.",true,0.982,1.12,"Using the model **trained WITH inferred-interval features**, predicted chance of dollar churn is **98%** (high risk). That sits above the No-Go threshold, and interval confidence (95%) is high enough to auto-decide, so the recommendation is **No-Go** — decline or escalate for credit risk.",No-Go,0.982,"Using the model **trained WITH inferred-interval features**, predicted chance of dollar churn is **98%** (high risk). That sits above the No-Go threshold, and interval confidence (95%) is high enough to auto-decide, so the recommendation is **No-Go** — decline or escalate for credit risk.",No-Go,0.9667,"Using the model **trained WITHOUT inferred-interval features**, predicted chance of dollar churn is **97%** (high risk). That sits above the No-Go threshold, and interval confidence (95%) is high enough to auto-decide, so the recommendation is **No-Go** — decline or escalate for credit risk.",true,"Both models agree on **No-Go**. Adding the inferred interval changed churn probability by +1.5% (with=98%, without=97%).",20260712_032913,1,
r8fI4J1tgyh6T4LU,2025-03-05,irregular,0.0892,We inferred **irregular / no clear calendar billing cycle** because the gaps between invoices (typical gap ≈ 1 days) do not line up cleanly with monthly / quarterly / semi-annual / annual calendars Confidence in this label is **9%**.,Review,low_interval_confidence,interval_confidence 0.09 < 0.50; insufficient billing history to auto-decide (data-quality guardrail).,false,0.99,340.88,We recommended **Review** (trained WITH inferred-interval features) because the billing-cycle signal is too uncertain (confidence 9% for “irregular / no clear calendar billing cycle”). Thin or ambiguous history is treated as a data-quality issue — we do not auto Continue or auto No-Go until the cycle is clearer.,Review,0.99,We recommended **Review** (trained WITH inferred-interval features) because the billing-cycle signal is too uncertain (confidence 9% for “irregular / no clear calendar billing cycle”). Thin or ambiguous history is treated as a data-quality issue — we do not auto Continue or auto No-Go until the cycle is clearer.,Review,0.9697,We recommended **Review** (trained WITHOUT inferred-interval features) because the billing-cycle signal is too uncertain (confidence 9% for “irregular / no clear calendar billing cycle”). Thin or ambiguous history is treated as a data-quality issue — we do not auto Continue or auto No-Go until the cycle is clearer.,true,"Both models agree on **Review**. Adding the inferred interval changed churn probability by +2.0% (with=99%, without=97%).",20260712_032913,11,1.0
yyx79oInf5NR8LM0,2025-03-05,irregular,0.3,We inferred **irregular / no clear calendar billing cycle** because the gaps between invoices (typical gap ≈ 1 days) do not line up cleanly with monthly / quarterly / semi-annual / annual calendars Confidence in this label is **30%**.,Review,low_interval_confidence,interval_confidence 0.30 < 0.50; insufficient billing history to auto-decide (data-quality guardrail).,false,0.982,191.94,We recommended **Review** (trained WITH inferred-interval features) because the billing-cycle signal is too uncertain (confidence 30% for “irregular / no clear calendar billing cycle”). Thin or ambiguous history is treated as a data-quality issue — we do not auto Continue or auto No-Go until the cycle is clearer.,Review,0.982,We recommended **Review** (trained WITH inferred-interval features) because the billing-cycle signal is too uncertain (confidence 30% for “irregular / no clear calendar billing cycle”). Thin or ambiguous history is treated as a data-quality issue — we do not auto Continue or auto No-Go until the cycle is clearer.,Review,0.9697,We recommended **Review** (trained WITHOUT inferred-interval features) because the billing-cycle signal is too uncertain (confidence 30% for “irregular / no clear calendar billing cycle”). Thin or ambiguous history is treated as a data-quality issue — we do not auto Continue or auto No-Go until the cycle is clearer.,true,"Both models agree on **Review**. Adding the inferred interval changed churn probability by +1.2% (with=98%, without=97%).",20260712_032913,10,1.0
20qlXAXfTl0oMzqm,2025-03-05,annual,0.5167,"We inferred **annual billing (about once a year)** because the typical gap between billing days is about 1 days, which matches annual billing (about once a year) across 11 observed cycle(s) (about 100% of gaps fit that pattern) and spacing looks somewhat uneven Confidence in this label is **52%**.",No-Go,high_churn_risk,"churn_prob 0.98 vs Continue<= 0.45, No-Go>= 0.70.",true,0.982,146.27,"Using the model **trained WITH inferred-interval features**, predicted chance of dollar churn is **98%** (high risk). That sits above the No-Go threshold, and interval confidence (52%) is high enough to auto-decide, so the recommendation is **No-Go** — decline or escalate for credit risk.",No-Go,0.982,"Using the model **trained WITH inferred-interval features**, predicted chance of dollar churn is **98%** (high risk). That sits above the No-Go threshold, and interval confidence (52%) is high enough to auto-decide, so the recommendation is **No-Go** — decline or escalate for credit risk.",No-Go,0.9856,"Using the model **trained WITHOUT inferred-interval features**, predicted chance of dollar churn is **99%** (high risk). That sits above the No-Go threshold, and interval confidence (52%) is high enough to auto-decide, so the recommendation is **No-Go** — decline or escalate for credit risk.",true,"Both models agree on **No-Go**. Adding the inferred interval changed churn probability by -0.4% (with=98%, without=99%).",20260712_032913,12,1.0
nsKtaxw63nZE5NNm,2025-03-05,annual,0.8653,"We inferred **annual billing (about once a year)** because the typical gap between billing days is about 366 days, which matches annual billing (about once a year) across 2 observed cycle(s) (about 100% of gaps fit that pattern) and spacing looks very regular Confidence in this label is **87%**.",Review,borderline_churn_risk,"churn_prob 0.50 vs Continue<= 0.45, No-Go>= 0.70.",false,0.4952,299.12,"Using the model **trained WITH inferred-interval features**, predicted chance of dollar churn is **50%** (elevated risk). That sits between the Continue and No-Go bands (or still needs analyst judgment), so the recommendation is **Review**.",Review,0.4952,"Using the model **trained WITH inferred-interval features**, predicted chance of dollar churn is **50%** (elevated risk). That sits between the Continue and No-Go bands (or still needs analyst judgment), so the recommendation is **Review**.",Review,0.5812,"Using the model **trained WITHOUT inferred-interval features**, predicted chance of dollar churn is **58%** (elevated risk). That sits between the Continue and No-Go bands (or still needs analyst judgment), so the recommendation is **Review**.",true,"Both models agree on **Review**. Adding the inferred interval changed churn probability by -8.6% (with=50%, without=58%).",20260712_032913,3,365.5
bDKRQLNGRzWj2PlZ,2025-03-05,monthly,0.6607,"We inferred **monthly billing (about every month)** because the typical gap between billing days is about 26 days, which matches monthly billing (about every month) across 1 observed cycle(s) (about 100% of gaps fit that pattern) Confidence in this label is **66%**.",No-Go,high_churn_risk,"churn_prob 0.80 vs Continue<= 0.45, No-Go>= 0.70.",true,0.8031,8.12,"Using the model **trained WITH inferred-interval features**, predicted chance of dollar churn is **80%** (high risk). That sits above the No-Go threshold, and interval confidence (66%) is high enough to auto-decide, so the recommendation is **No-Go** — decline or escalate for credit risk.",No-Go,0.8031,"Using the model **trained WITH inferred-interval features**, predicted chance of dollar churn is **80%** (high risk). That sits above the No-Go threshold, and interval confidence (66%) is high enough to auto-decide, so the recommendation is **No-Go** — decline or escalate for credit risk.",No-Go,0.7134,"Using the model **trained WITHOUT inferred-interval features**, predicted chance of dollar churn is **71%** (high risk). That sits above the No-Go threshold, and interval confidence (66%) is high enough to auto-decide, so the recommendation is **No-Go** — decline or escalate for credit risk.",true,"Both models agree on **No-Go**. Adding the inferred interval changed churn probability by +9.0% (with=80%, without=71%).",20260712_032913,2,26.0
SkVJ1hU7n69WDhKS,2025-03-05,monthly,0.8422,"We inferred **monthly billing (about every month)** because the typical gap between billing days is about 30 days, which matches monthly billing (about every month) across 20 observed cycle(s) (about 100% of gaps fit that pattern) and spacing looks fairly regular Confidence in this label is **84%**.",No-Go,high_churn_risk,"churn_prob 0.98 vs Continue<= 0.45, No-Go>= 0.70.",true,0.982,302.74,"Using the model **trained WITH inferred-interval features**, predicted chance of dollar churn is **98%** (high risk). That sits above the No-Go threshold, and interval confidence (84%) is high enough to auto-decide, so the recommendation is **No-Go** — decline or escalate for credit risk.",No-Go,0.982,"Using the model **trained WITH inferred-interval features**, predicted chance of dollar churn is **98%** (high risk). That sits above the No-Go threshold, and interval confidence (84%) is high enough to auto-decide, so the recommendation is **No-Go** — decline or escalate for credit risk.",No-Go,0.9132,"Using the model **trained WITHOUT inferred-interval features**, predicted chance of dollar churn is **91%** (high risk). That sits above the No-Go threshold, and interval confidence (84%) is high enough to auto-decide, so the recommendation is **No-Go** — decline or escalate for credit risk.",true,"Both models agree on **No-Go**. Adding the inferred interval changed churn probability by +6.9% (with=98%, without=91%).",20260712_032913,21,30.0
Q2f2VkFpiXGNJFtG,2025-03-05,irregular,0.3,We inferred **irregular / no clear calendar billing cycle** because the gaps between invoices (typical gap ≈ 1 days) do not line up cleanly with monthly / quarterly / semi-annual / annual calendars Confidence in this label is **30%**.,Review,low_interval_confidence,interval_confidence 0.30 < 0.50; insufficient billing history to auto-decide (data-quality guardrail).,false,0.9861,62.35,We recommended **Review** (trained WITH inferred-interval features) because the billing-cycle signal is too uncertain (confidence 30% for “irregular / no clear calendar billing cycle”). Thin or ambiguous history is treated as a data-quality issue — we do not auto Continue or auto No-Go until the cycle is clearer.,Review,0.9861,We recommended **Review** (trained WITH inferred-interval features) because the billing-cycle signal is too uncertain (confidence 30% for “irregular / no clear calendar billing cycle”). Thin or ambiguous history is treated as a data-quality issue — we do not auto Continue or auto No-Go until the cycle is clearer.,Review,0.9856,We recommended **Review** (trained WITHOUT inferred-interval features) because the billing-cycle signal is too uncertain (confidence 30% for “irregular / no clear calendar billing cycle”). Thin or ambiguous history is treated as a data-quality issue — we do not auto Continue or auto No-Go until the cycle is clearer.,true,"Both models agree on **Review**. Adding the inferred interval changed churn probability by +0.1% (with=99%, without=99%).",20260712_032913,10,1.0
B4Rz69sytcQym6ki,2025-03-05,monthly,0.7074,"We inferred **monthly billing (about every month)** because the typical gap between billing days is about 27 days, which matches monthly billing (about every month) across 2 observed cycle(s) (about 100% of gaps fit that pattern) and spacing looks very regular Confidence in this label is **71%**.",No-Go,high_churn_risk,"churn_prob 0.97 vs Continue<= 0.45, No-Go>= 0.70.",true,0.9656,0.0,"Using the model **trained WITH inferred-interval features**, predicted chance of dollar churn is **97%** (high risk). That sits above the No-Go threshold, and interval confidence (71%) is high enough to auto-decide, so the recommendation is **No-Go** — decline or escalate for credit risk.",No-Go,0.9656,"Using the model **trained WITH inferred-interval features**, predicted chance of dollar churn is **97%** (high risk). That sits above the No-Go threshold, and interval confidence (71%) is high enough to auto-decide, so the recommendation is **No-Go** — decline or escalate for credit risk.",No-Go,0.9697,"Using the model **trained WITHOUT inferred-interval features**, predicted chance of dollar churn is **97%** (high risk). That sits above the No-Go threshold, and interval confidence (71%) is high enough to auto-decide, so the recommendation is **No-Go** — decline or escalate for credit risk.",true,"Both models agree on **No-Go**. Adding the inferred interval changed churn probability by -0.4% (with=97%, without=97%).",20260712_032913,3,27.0
AEEhHOq5jo19GzQF,2025-03-05,monthly,0.9364,"We inferred **monthly billing (about every month)** because the typical gap between billing days is about 30 days, which matches monthly billing (about every month) across 12 observed cycle(s) (about 100% of gaps fit that pattern) and spacing looks very regular Confidence in this label is **94%**.",No-Go,high_churn_risk,"churn_prob 0.99 vs Continue<= 0.45, No-Go>= 0.70.",true,0.99,1.87,"Using the model **trained WITH inferred-interval features**, predicted chance of dollar churn is **99%** (high risk). That sits above the No-Go threshold, and interval confidence (94%) is high enough to auto-decide, so the recommendation is **No-Go** — decline or escalate for credit risk.",No-Go,0.99,"Using the model **trained WITH inferred-interval features**, predicted chance of dollar churn is **99%** (high risk). That sits above the No-Go threshold, and interval confidence (94%) is high enough to auto-decide, so the recommendation is **No-Go** — decline or escalate for credit risk.",No-Go,0.9914,"Using the model **trained WITHOUT inferred-interval features**, predicted chance of dollar churn is **99%** (high risk). That sits above the No-Go threshold, and interval confidence (94%) is high enough to auto-decide, so the recommendation is **No-Go** — decline or escalate for credit risk.",true,"Both models agree on **No-Go**. Adding the inferred interval changed churn probability by -0.1% (with=99%, without=99%).",20260712_032913,13,30.5
jEQaZV7OclV6aAyr,2025-03-05,monthly,0.5743,"We inferred **monthly billing (about every month)** because the typical gap between billing days is about 1 days, which matches monthly billing (about every month) across 15 observed cycle(s) (about 100% of gaps fit that pattern) and spacing looks somewhat uneven Confidence in this label is **57%**.",No-Go,high_churn_risk,"churn_prob 0.99 vs Continue<= 0.45, No-Go>= 0.70.",true,0.9948,4.39,"Using the model **trained WITH inferred-interval features**, predicted chance of dollar churn is **99%** (high risk). That sits above the No-Go threshold, and interval confidence (57%) is high enough to auto-decide, so the recommendation is **No-Go** — decline or escalate for credit risk.",No-Go,0.9948,"Using the model **trained WITH inferred-interval features**, predicted chance of dollar churn is **99%** (high risk). That sits above the No-Go threshold, and interval confidence (57%) is high enough to auto-decide, so the recommendation is **No-Go** — decline or escalate for credit risk.",No-Go,0.9927,"Using the model **trained WITHOUT inferred-interval features**, predicted chance of dollar churn is **99%** (high risk). That sits above the No-Go threshold, and interval confidence (57%) is high enough to auto-decide, so the recommendation is **No-Go** — decline or escalate for credit risk.",true,"Both models agree on **No-Go**. Adding the inferred interval changed churn probability by +0.2% (with=99%, without=99%).",20260712_032913,16,1.0
bgAg16iGtrb7duHn,2025-03-05,monthly,0.5989,"We inferred **monthly billing (about every month)** because the typical gap between billing days is about 1 days, which matches monthly billing (about every month) across 14 observed cycle(s) (about 100% of gaps fit that pattern) and spacing looks somewhat uneven Confidence in this label is **60%**.",No-Go,high_churn_risk,"churn_prob 0.99 vs Continue<= 0.45, No-Go>= 0.70.",true,0.9948,4.92,"Using the model **trained WITH inferred-interval features**, predicted chance of dollar churn is **99%** (high risk). That sits above the No-Go threshold, and interval confidence (60%) is high enough to auto-decide, so the recommendation is **No-Go** — decline or escalate for credit risk.",No-Go,0.9948,"Using the model **trained WITH inferred-interval features**, predicted chance of dollar churn is **99%** (high risk). That sits above the No-Go threshold, and interval confidence (60%) is high enough to auto-decide, so the recommendation is **No-Go** — decline or escalate for credit risk.",No-Go,0.9927,"Using the model **trained WITHOUT inferred-interval features**, predicted chance of dollar churn is **99%** (high risk). That sits above the No-Go threshold, and interval confidence (60%) is high enough to auto-decide, so the recommendation is **No-Go** — decline or escalate for credit risk.",true,"Both models agree on **No-Go**. Adding the inferred interval changed churn probability by +0.2% (with=99%, without=99%).",20260712_032913,15,1.0
Qv1eKBT5ejRFASH7,2025-03-05,monthly,0.7074,"We inferred **monthly billing (about every month)** because the typical gap between billing days is about 27 days, which matches monthly billing (about every month) across 2 observed cycle(s) (about 100% of gaps fit that pattern) and spacing looks very regular Confidence in this label is **71%**.",No-Go,high_churn_risk,"churn_prob 0.97 vs Continue<= 0.45, No-Go>= 0.70.",true,0.9656,0.0,"Using the model **trained WITH inferred-interval features**, predicted chance of dollar churn is **97%** (high risk). That sits above the No-Go threshold, and interval confidence (71%) is high enough to auto-decide, so the recommendation is **No-Go** — decline or escalate for credit risk.",No-Go,0.9656,"Using the model **trained WITH inferred-interval features**, predicted chance of dollar churn is **97%** (high risk). That sits above the No-Go threshold, and interval confidence (71%) is high enough to auto-decide, so the recommendation is **No-Go** — decline or escalate for credit risk.",No-Go,0.9697,"Using the model **trained WITHOUT inferred-interval features**, predicted chance of dollar churn is **97%** (high risk). That sits above the No-Go threshold, and interval confidence (71%) is high enough to auto-decide, so the recommendation is **No-Go** — decline or escalate for credit risk.",true,"Both models agree on **No-Go**. Adding the inferred interval changed churn probability by -0.4% (with=97%, without=97%).",20260712_032913,3,27.0
kygfx1AO5u6OleFR,2025-03-05,irregular,0.1275,We inferred **irregular / no clear calendar billing cycle** because the gaps between invoices (typical gap ≈ 1 days) do not line up cleanly with monthly / quarterly / semi-annual / annual calendars Confidence in this label is **13%**.,Review,low_interval_confidence,interval_confidence 0.13 < 0.50; insufficient billing history to auto-decide (data-quality guardrail).,false,0.99,340.88,We recommended **Review** (trained WITH inferred-interval features) because the billing-cycle signal is too uncertain (confidence 13% for “irregular / no clear calendar billing cycle”). Thin or ambiguous history is treated as a data-quality issue — we do not auto Continue or auto No-Go until the cycle is clearer.,Review,0.99,We recommended **Review** (trained WITH inferred-interval features) because the billing-cycle signal is too uncertain (confidence 13% for “irregular / no clear calendar billing cycle”). Thin or ambiguous history is treated as a data-quality issue — we do not auto Continue or auto No-Go until the cycle is clearer.,Review,0.9697,We recommended **Review** (trained WITHOUT inferred-interval features) because the billing-cycle signal is too uncertain (confidence 13% for “irregular / no clear calendar billing cycle”). Thin or ambiguous history is treated as a data-quality issue — we do not auto Continue or auto No-Go until the cycle is clearer.,true,"Both models agree on **Review**. Adding the inferred interval changed churn probability by +2.0% (with=99%, without=97%).",20260712_032913,11,1.0
9hTTptB25b9EIHVG,2025-03-05,irregular,0.3,We inferred **irregular / no clear calendar billing cycle** because the gaps between invoices (typical gap ≈ 1 days) do not line up cleanly with monthly / quarterly / semi-annual / annual calendars Confidence in this label is **30%**.,Review,low_interval_confidence,interval_confidence 0.30 < 0.50; insufficient billing history to auto-decide (data-quality guardrail).,false,0.9861,62.35,We recommended **Review** (trained WITH inferred-interval features) because the billing-cycle signal is too uncertain (confidence 30% for “irregular / no clear calendar billing cycle”). Thin or ambiguous history is treated as a data-quality issue — we do not auto Continue or auto No-Go until the cycle is clearer.,Review,0.9861,We recommended **Review** (trained WITH inferred-interval features) because the billing-cycle signal is too uncertain (confidence 30% for “irregular / no clear calendar billing cycle”). Thin or ambiguous history is treated as a data-quality issue — we do not auto Continue or auto No-Go until the cycle is clearer.,Review,0.9856,We recommended **Review** (trained WITHOUT inferred-interval features) because the billing-cycle signal is too uncertain (confidence 30% for “irregular / no clear calendar billing cycle”). Thin or ambiguous history is treated as a data-quality issue — we do not auto Continue or auto No-Go until the cycle is clearer.,true,"Both models agree on **Review**. Adding the inferred interval changed churn probability by +0.1% (with=99%, without=99%).",20260712_032913,10,1.0
Q9UrpnRkJh33Dmxt,2025-03-05,one_time_candidate,0.95,We inferred **looks like a one-time / non-recurring charge pattern** because there is essentially a single invoice followed by a long quiet period with no repeat billing Confidence in this label is **95%**.,No-Go,high_churn_risk,"churn_prob 0.98 vs Continue<= 0.45, No-Go>= 0.70.",true,0.982,1.12,"Using the model **trained WITH inferred-interval features**, predicted chance of dollar churn is **98%** (high risk). That sits above the No-Go threshold, and interval confidence (95%) is high enough to auto-decide, so the recommendation is **No-Go** — decline or escalate for credit risk.",No-Go,0.982,"Using the model **trained WITH inferred-interval features**, predicted chance of dollar churn is **98%** (high risk). That sits above the No-Go threshold, and interval confidence (95%) is high enough to auto-decide, so the recommendation is **No-Go** — decline or escalate for credit risk.",No-Go,0.9667,"Using the model **trained WITHOUT inferred-interval features**, predicted chance of dollar churn is **97%** (high risk). That sits above the No-Go threshold, and interval confidence (95%) is high enough to auto-decide, so the recommendation is **No-Go** — decline or escalate for credit risk.",true,"Both models agree on **No-Go**. Adding the inferred interval changed churn probability by +1.5% (with=98%, without=97%).",20260712_032913,1,
rcU5EOl8JDwJZBUc,2025-03-05,monthly,0.5192,"We inferred **monthly billing (about every month)** because the typical gap between billing days is about 31 days, which matches monthly billing (about every month) across 12 observed cycle(s) (about 100% of gaps fit that pattern) and spacing looks somewhat uneven Confidence in this label is **52%**.",No-Go,high_churn_risk,"churn_prob 0.75 vs Continue<= 0.45, No-Go>= 0.70.",true,0.7471,353.86,"Using the model **trained WITH inferred-interval features**, predicted chance of dollar churn is **75%** (high risk). That sits above the No-Go threshold, and interval confidence (52%) is high enough to auto-decide, so the recommendation is **No-Go** — decline or escalate for credit risk.",No-Go,0.7471,"Using the model **trained WITH inferred-interval features**, predicted chance of dollar churn is **75%** (high risk). That sits above the No-Go threshold, and interval confidence (52%) is high enough to auto-decide, so the recommendation is **No-Go** — decline or escalate for credit risk.",No-Go,0.7134,"Using the model **trained WITHOUT inferred-interval features**, predicted chance of dollar churn is **71%** (high risk). That sits above the No-Go threshold, and interval confidence (52%) is high enough to auto-decide, so the recommendation is **No-Go** — decline or escalate for credit risk.",true,"Both models agree on **No-Go**. Adding the inferred interval changed churn probability by +3.4% (with=75%, without=71%).",20260712_032913,13,31.0
PyNVx51sNDzRTmnd,2025-03-05,irregular,0.3,We inferred **irregular / no clear calendar billing cycle** because the gaps between invoices (typical gap ≈ 1 days) do not line up cleanly with monthly / quarterly / semi-annual / annual calendars Confidence in this label is **30%**.,Review,low_interval_confidence,interval_confidence 0.30 < 0.50; insufficient billing history to auto-decide (data-quality guardrail).,false,0.982,191.94,We recommended **Review** (trained WITH inferred-interval features) because the billing-cycle signal is too uncertain (confidence 30% for “irregular / no clear calendar billing cycle”). Thin or ambiguous history is treated as a data-quality issue — we do not auto Continue or auto No-Go until the cycle is clearer.,Review,0.982,We recommended **Review** (trained WITH inferred-interval features) because the billing-cycle signal is too uncertain (confidence 30% for “irregular / no clear calendar billing cycle”). Thin or ambiguous history is treated as a data-quality issue — we do not auto Continue or auto No-Go until the cycle is clearer.,Review,0.9697,We recommended **Review** (trained WITHOUT inferred-interval features) because the billing-cycle signal is too uncertain (confidence 30% for “irregular / no clear calendar billing cycle”). Thin or ambiguous history is treated as a data-quality issue — we do not auto Continue or auto No-Go until the cycle is clearer.,true,"Both models agree on **Review**. Adding the inferred interval changed churn probability by +1.2% (with=98%, without=97%).",20260712_032913,10,1.0
BuJeJQa0jqPAwu3I,2025-03-05,monthly,0.9559,"We inferred **monthly billing (about every month)** because the typical gap between billing days is about 31 days, which matches monthly billing (about every month) across 23 observed cycle(s) (about 100% of gaps fit that pattern) and spacing looks very regular Confidence in this label is **96%**.",No-Go,high_churn_risk,"churn_prob 0.83 vs Continue<= 0.45, No-Go>= 0.70.",true,0.8318,420.33,"Using the model **trained WITH inferred-interval features**, predicted chance of dollar churn is **83%** (high risk). That sits above the No-Go threshold, and interval confidence (96%) is high enough to auto-decide, so the recommendation is **No-Go** — decline or escalate for credit risk.",No-Go,0.8318,"Using the model **trained WITH inferred-interval features**, predicted chance of dollar churn is **83%** (high risk). That sits above the No-Go threshold, and interval confidence (96%) is high enough to auto-decide, so the recommendation is **No-Go** — decline or escalate for credit risk.",No-Go,0.819,"Using the model **trained WITHOUT inferred-interval features**, predicted chance of dollar churn is **82%** (high risk). That sits above the No-Go threshold, and interval confidence (96%) is high enough to auto-decide, so the recommendation is **No-Go** — decline or escalate for credit risk.",true,"Both models agree on **No-Go**. Adding the inferred interval changed churn probability by +1.3% (with=83%, without=82%).",20260712_032913,24,31.0
TTRo025BC9AUY7Oo,2025-03-05,annual,0.7997,"We inferred **annual billing (about once a year)** because the typical gap between billing days is about 365 days, which matches annual billing (about once a year) across 1 observed cycle(s) (about 100% of gaps fit that pattern) Confidence in this label is **80%**.",No-Go,high_churn_risk,"churn_prob 0.83 vs Continue<= 0.45, No-Go>= 0.70.",true,0.8318,32.25,"Using the model **trained WITH inferred-interval features**, predicted chance of dollar churn is **83%** (high risk). That sits above the No-Go threshold, and interval confidence (80%) is high enough to auto-decide, so the recommendation is **No-Go** — decline or escalate for credit risk.",No-Go,0.8318,"Using the model **trained WITH inferred-interval features**, predicted chance of dollar churn is **83%** (high risk). That sits above the No-Go threshold, and interval confidence (80%) is high enough to auto-decide, so the recommendation is **No-Go** — decline or escalate for credit risk.",No-Go,0.819,"Using the model **trained WITHOUT inferred-interval features**, predicted chance of dollar churn is **82%** (high risk). That sits above the No-Go threshold, and interval confidence (80%) is high enough to auto-decide, so the recommendation is **No-Go** — decline or escalate for credit risk.",true,"Both models agree on **No-Go**. Adding the inferred interval changed churn probability by +1.3% (with=83%, without=82%).",20260712_032913,2,365.0
RWTMV3UZcRfxGyA9,2025-03-05,irregular,0.1275,We inferred **irregular / no clear calendar billing cycle** because the gaps between invoices (typical gap ≈ 1 days) do not line up cleanly with monthly / quarterly / semi-annual / annual calendars Confidence in this label is **13%**.,Review,low_interval_confidence,interval_confidence 0.13 < 0.50; insufficient billing history to auto-decide (data-quality guardrail).,false,0.99,75.14,We recommended **Review** (trained WITH inferred-interval features) because the billing-cycle signal is too uncertain (confidence 13% for “irregular / no clear calendar billing cycle”). Thin or ambiguous history is treated as a data-quality issue — we do not auto Continue or auto No-Go until the cycle is clearer.,Review,0.99,We recommended **Review** (trained WITH inferred-interval features) because the billing-cycle signal is too uncertain (confidence 13% for “irregular / no clear calendar billing cycle”). Thin or ambiguous history is treated as a data-quality issue — we do not auto Continue or auto No-Go until the cycle is clearer.,Review,0.9914,We recommended **Review** (trained WITHOUT inferred-interval features) because the billing-cycle signal is too uncertain (confidence 13% for “irregular / no clear calendar billing cycle”). Thin or ambiguous history is treated as a data-quality issue — we do not auto Continue or auto No-Go until the cycle is clearer.,true,"Both models agree on **Review**. Adding the inferred interval changed churn probability by -0.1% (with=99%, without=99%).",20260712_032913,11,1.0
yzGOTrJtt3y7hNqQ,2025-03-05,monthly,0.6253,"We inferred **monthly billing (about every month)** because the typical gap between billing days is about 198 days, which matches monthly billing (about every month) across 1 observed cycle(s) (about 100% of gaps fit that pattern) Confidence in this label is **63%**.",No-Go,high_churn_risk,"churn_prob 0.99 vs Continue<= 0.45, No-Go>= 0.70.",true,0.9861,0.0,"Using the model **trained WITH inferred-interval features**, predicted chance of dollar churn is **99%** (high risk). That sits above the No-Go threshold, and interval confidence (63%) is high enough to auto-decide, so the recommendation is **No-Go** — decline or escalate for credit risk.",No-Go,0.9861,"Using the model **trained WITH inferred-interval features**, predicted chance of dollar churn is **99%** (high risk). That sits above the No-Go threshold, and interval confidence (63%) is high enough to auto-decide, so the recommendation is **No-Go** — decline or escalate for credit risk.",No-Go,0.9914,"Using the model **trained WITHOUT inferred-interval features**, predicted chance of dollar churn is **99%** (high risk). That sits above the No-Go threshold, and interval confidence (63%) is high enough to auto-decide, so the recommendation is **No-Go** — decline or escalate for credit risk.",true,"Both models agree on **No-Go**. Adding the inferred interval changed churn probability by -0.5% (with=99%, without=99%).",20260712_032913,2,198.0
f5it9aAP5BqhqapE,2025-03-05,quarterly,0.4365,"We inferred **quarterly billing (about every 3 months)** because the typical gap between billing days is about 182 days, which matches quarterly billing (about every 3 months) across 2 observed cycle(s) (about 100% of gaps fit that pattern) and spacing looks somewhat uneven Confidence in this label is **44%**.",Review,low_interval_confidence,interval_confidence 0.44 < 0.50; insufficient billing history to auto-decide (data-quality guardrail).,false,0.9033,15.08,We recommended **Review** (trained WITH inferred-interval features) because the billing-cycle signal is too uncertain (confidence 44% for “quarterly billing (about every 3 months)”). Thin or ambiguous history is treated as a data-quality issue — we do not auto Continue or auto No-Go until the cycle is clearer.,Review,0.9033,We recommended **Review** (trained WITH inferred-interval features) because the billing-cycle signal is too uncertain (confidence 44% for “quarterly billing (about every 3 months)”). Thin or ambiguous history is treated as a data-quality issue — we do not auto Continue or auto No-Go until the cycle is clearer.,Review,0.8613,We recommended **Review** (trained WITHOUT inferred-interval features) because the billing-cycle signal is too uncertain (confidence 44% for “quarterly billing (about every 3 months)”). Thin or ambiguous history is treated as a data-quality issue — we do not auto Continue or auto No-Go until the cycle is clearer.,true,"Both models agree on **Review**. Adding the inferred interval changed churn probability by +4.2% (with=90%, without=86%).",20260712_032913,3,181.5
OolD7DSWbuaztllC,2025-03-05,annual,0.6636,"We inferred **annual billing (about once a year)** because the typical gap between billing days is about 1 days, which matches annual billing (about once a year) across 10 observed cycle(s) (about 100% of gaps fit that pattern) and spacing looks somewhat uneven Confidence in this label is **66%**.",No-Go,high_churn_risk,"churn_prob 0.99 vs Continue<= 0.45, No-Go>= 0.70.",true,0.99,272.18,"Using the model **trained WITH inferred-interval features**, predicted chance of dollar churn is **99%** (high risk). That sits above the No-Go threshold, and interval confidence (66%) is high enough to auto-decide, so the recommendation is **No-Go** — decline or escalate for credit risk.",No-Go,0.99,"Using the model **trained WITH inferred-interval features**, predicted chance of dollar churn is **99%** (high risk). That sits above the No-Go threshold, and interval confidence (66%) is high enough to auto-decide, so the recommendation is **No-Go** — decline or escalate for credit risk.",No-Go,0.9856,"Using the model **trained WITHOUT inferred-interval features**, predicted chance of dollar churn is **99%** (high risk). That sits above the No-Go threshold, and interval confidence (66%) is high enough to auto-decide, so the recommendation is **No-Go** — decline or escalate for credit risk.",true,"Both models agree on **No-Go**. Adding the inferred interval changed churn probability by +0.4% (with=99%, without=99%).",20260712_032913,11,1.0
VJA7ovVz35ULh3As,2025-03-05,monthly,0.7074,"We inferred **monthly billing (about every month)** because the typical gap between billing days is about 27 days, which matches monthly billing (about every month) across 2 observed cycle(s) (about 100% of gaps fit that pattern) and spacing looks very regular Confidence in this label is **71%**.",No-Go,high_churn_risk,"churn_prob 0.97 vs Continue<= 0.45, No-Go>= 0.70.",true,0.9656,0.0,"Using the model **trained WITH inferred-interval features**, predicted chance of dollar churn is **97%** (high risk). That sits above the No-Go threshold, and interval confidence (71%) is high enough to auto-decide, so the recommendation is **No-Go** — decline or escalate for credit risk.",No-Go,0.9656,"Using the model **trained WITH inferred-interval features**, predicted chance of dollar churn is **97%** (high risk). That sits above the No-Go threshold, and interval confidence (71%) is high enough to auto-decide, so the recommendation is **No-Go** — decline or escalate for credit risk.",No-Go,0.9697,"Using the model **trained WITHOUT inferred-interval features**, predicted chance of dollar churn is **97%** (high risk). That sits above the No-Go threshold, and interval confidence (71%) is high enough to auto-decide, so the recommendation is **No-Go** — decline or escalate for credit risk.",true,"Both models agree on **No-Go**. Adding the inferred interval changed churn probability by -0.4% (with=97%, without=97%).",20260712_032913,3,27.0
CEeeqnG1DPw6DkdS,2025-03-05,annual,0.8655,"We inferred **annual billing (about once a year)** because the typical gap between billing days is about 366 days, which matches annual billing (about once a year) across 2 observed cycle(s) (about 100% of gaps fit that pattern) and spacing looks very regular Confidence in this label is **87%**.",Review,borderline_churn_risk,"churn_prob 0.57 vs Continue<= 0.45, No-Go>= 0.70.",false,0.5736,329.77,"Using the model **trained WITH inferred-interval features**, predicted chance of dollar churn is **57%** (elevated risk). That sits between the Continue and No-Go bands (or still needs analyst judgment), so the recommendation is **Review**.",Review,0.5736,"Using the model **trained WITH inferred-interval features**, predicted chance of dollar churn is **57%** (elevated risk). That sits between the Continue and No-Go bands (or still needs analyst judgment), so the recommendation is **Review**.",Review,0.6571,"Using the model **trained WITHOUT inferred-interval features**, predicted chance of dollar churn is **66%** (elevated risk). That sits between the Continue and No-Go bands (or still needs analyst judgment), so the recommendation is **Review**.",true,"Both models agree on **Review**. Adding the inferred interval changed churn probability by -8.4% (with=57%, without=66%).",20260712_032913,3,365.5
jQBRLDsOQMyyRdIi,2025-03-05,quarterly,0.5167,"We inferred **quarterly billing (about every 3 months)** because the typical gap between billing days is about 1 days, which matches quarterly billing (about every 3 months) across 11 observed cycle(s) (about 100% of gaps fit that pattern) and spacing looks somewhat uneven Confidence in this label is **52%**.",No-Go,high_churn_risk,"churn_prob 0.98 vs Continue<= 0.45, No-Go>= 0.70.",true,0.9847,502.84,"Using the model **trained WITH inferred-interval features**, predicted chance of dollar churn is **98%** (high risk). That sits above the No-Go threshold, and interval confidence (52%) is high enough to auto-decide, so the recommendation is **No-Go** — decline or escalate for credit risk.",No-Go,0.9847,"Using the model **trained WITH inferred-interval features**, predicted chance of dollar churn is **98%** (high risk). That sits above the No-Go threshold, and interval confidence (52%) is high enough to auto-decide, so the recommendation is **No-Go** — decline or escalate for credit risk.",No-Go,0.9718,"Using the model **trained WITHOUT inferred-interval features**, predicted chance of dollar churn is **97%** (high risk). That sits above the No-Go threshold, and interval confidence (52%) is high enough to auto-decide, so the recommendation is **No-Go** — decline or escalate for credit risk.",true,"Both models agree on **No-Go**. Adding the inferred interval changed churn probability by +1.3% (with=98%, without=97%).",20260712_032913,12,1.0
FqHwRGjGmQpJGc6z,2025-03-05,one_time_candidate,0.9475,We inferred **looks like a one-time / non-recurring charge pattern** because there is essentially a single invoice followed by a long quiet period with no repeat billing Confidence in this label is **95%**.,Review,borderline_churn_risk,"churn_prob 0.57 vs Continue<= 0.45, No-Go>= 0.70.",false,0.5736,44.69,"Using the model **trained WITH inferred-interval features**, predicted chance of dollar churn is **57%** (elevated risk). That sits between the Continue and No-Go bands (or still needs analyst judgment), so the recommendation is **Review**.",Review,0.5736,"Using the model **trained WITH inferred-interval features**, predicted chance of dollar churn is **57%** (elevated risk). That sits between the Continue and No-Go bands (or still needs analyst judgment), so the recommendation is **Review**.",Review,0.4908,"Using the model **trained WITHOUT inferred-interval features**, predicted chance of dollar churn is **49%** (elevated risk). That sits between the Continue and No-Go bands (or still needs analyst judgment), so the recommendation is **Review**.",true,"Both models agree on **Review**. Adding the inferred interval changed churn probability by +8.3% (with=57%, without=49%).",20260712_032913,1,
Y5vxg6Osx6hX5Zev,2025-03-05,irregular,0.1275,We inferred **irregular / no clear calendar billing cycle** because the gaps between invoices (typical gap ≈ 1 days) do not line up cleanly with monthly / quarterly / semi-annual / annual calendars Confidence in this label is **13%**.,Review,low_interval_confidence,interval_confidence 0.13 < 0.50; insufficient billing history to auto-decide (data-quality guardrail).,false,0.99,75.14,We recommended **Review** (trained WITH inferred-interval features) because the billing-cycle signal is too uncertain (confidence 13% for “irregular / no clear calendar billing cycle”). Thin or ambiguous history is treated as a data-quality issue — we do not auto Continue or auto No-Go until the cycle is clearer.,Review,0.99,We recommended **Review** (trained WITH inferred-interval features) because the billing-cycle signal is too uncertain (confidence 13% for “irregular / no clear calendar billing cycle”). Thin or ambiguous history is treated as a data-quality issue — we do not auto Continue or auto No-Go until the cycle is clearer.,Review,0.9914,We recommended **Review** (trained WITHOUT inferred-interval features) because the billing-cycle signal is too uncertain (confidence 13% for “irregular / no clear calendar billing cycle”). Thin or ambiguous history is treated as a data-quality issue — we do not auto Continue or auto No-Go until the cycle is clearer.,true,"Both models agree on **Review**. Adding the inferred interval changed churn probability by -0.1% (with=99%, without=99%).",20260712_032913,11,1.0
A2zmnOREPVtBmYMV,2025-03-05,monthly,0.6173,"We inferred **monthly billing (about every month)** because the typical gap between billing days is about 1 days, which matches monthly billing (about every month) across 16 observed cycle(s) (about 100% of gaps fit that pattern) and spacing looks somewhat uneven Confidence in this label is **62%**.",No-Go,high_churn_risk,"churn_prob 0.99 vs Continue<= 0.45, No-Go>= 0.70.",true,0.9948,5.29,"Using the model **trained WITH inferred-interval features**, predicted chance of dollar churn is **99%** (high risk). That sits above the No-Go threshold, and interval confidence (62%) is high enough to auto-decide, so the recommendation is **No-Go** — decline or escalate for credit risk.",No-Go,0.9948,"Using the model **trained WITH inferred-interval features**, predicted chance of dollar churn is **99%** (high risk). That sits above the No-Go threshold, and interval confidence (62%) is high enough to auto-decide, so the recommendation is **No-Go** — decline or escalate for credit risk.",No-Go,0.9927,"Using the model **trained WITHOUT inferred-interval features**, predicted chance of dollar churn is **99%** (high risk). That sits above the No-Go threshold, and interval confidence (62%) is high enough to auto-decide, so the recommendation is **No-Go** — decline or escalate for credit risk.",true,"Both models agree on **No-Go**. Adding the inferred interval changed churn probability by +0.2% (with=99%, without=99%).",20260712_032913,17,1.0
08ePzgXhHAboQpI3,2025-03-05,monthly,0.4833,"We inferred **monthly billing (about every month)** because the typical gap between billing days is about 30 days, which matches monthly billing (about every month) across 5 observed cycle(s) (about 100% of gaps fit that pattern) and spacing looks somewhat uneven Confidence in this label is **48%**.",Review,low_interval_confidence,interval_confidence 0.48 < 0.50; insufficient billing history to auto-decide (data-quality guardrail).,false,0.8318,289.79,We recommended **Review** (trained WITH inferred-interval features) because the billing-cycle signal is too uncertain (confidence 48% for “monthly billing (about every month)”). Thin or ambiguous history is treated as a data-quality issue — we do not auto Continue or auto No-Go until the cycle is clearer.,Review,0.8318,We recommended **Review** (trained WITH inferred-interval features) because the billing-cycle signal is too uncertain (confidence 48% for “monthly billing (about every month)”). Thin or ambiguous history is treated as a data-quality issue — we do not auto Continue or auto No-Go until the cycle is clearer.,Review,0.9159,We recommended **Review** (trained WITHOUT inferred-interval features) because the billing-cycle signal is too uncertain (confidence 48% for “monthly billing (about every month)”). Thin or ambiguous history is treated as a data-quality issue — we do not auto Continue or auto No-Go until the cycle is clearer.,true,"Both models agree on **Review**. Adding the inferred interval changed churn probability by -8.4% (with=83%, without=92%).",20260712_032913,6,30.0
PNztGSix2Qt8Xzt7,2025-03-05,irregular,0.3,We inferred **irregular / no clear calendar billing cycle** because the gaps between invoices (typical gap ≈ 1 days) do not line up cleanly with monthly / quarterly / semi-annual / annual calendars Confidence in this label is **30%**.,Review,low_interval_confidence,interval_confidence 0.30 < 0.50; insufficient billing history to auto-decide (data-quality guardrail).,false,0.99,62.28,We recommended **Review** (trained WITH inferred-interval features) because the billing-cycle signal is too uncertain (confidence 30% for “irregular / no clear calendar billing cycle”). Thin or ambiguous history is treated as a data-quality issue — we do not auto Continue or auto No-Go until the cycle is clearer.,Review,0.99,We recommended **Review** (trained WITH inferred-interval features) because the billing-cycle signal is too uncertain (confidence 30% for “irregular / no clear calendar billing cycle”). Thin or ambiguous history is treated as a data-quality issue — we do not auto Continue or auto No-Go until the cycle is clearer.,Review,0.9856,We recommended **Review** (trained WITHOUT inferred-interval features) because the billing-cycle signal is too uncertain (confidence 30% for “irregular / no clear calendar billing cycle”). Thin or ambiguous history is treated as a data-quality issue — we do not auto Continue or auto No-Go until the cycle is clearer.,true,"Both models agree on **Review**. Adding the inferred interval changed churn probability by +0.4% (with=99%, without=99%).",20260712_032913,11,1.0
MN4UbdAeMSo0BmNj,2025-03-05,mixed,0.2217,We inferred **mixed cadence (more than one regular billing pattern)** because invoice gaps cluster around more than one calendar period (for example a monthly subscription plus an annual fee) — the strongest pattern is annual (about 50% of matched gaps) Confidence in this label is **22%**.,Review,low_interval_confidence,interval_confidence 0.22 < 0.50; insufficient billing history to auto-decide (data-quality guardrail).,false,0.7761,423.88,We recommended **Review** (trained WITH inferred-interval features) because the billing-cycle signal is too uncertain (confidence 22% for “mixed cadence (more than one regular billing pattern)”). Thin or ambiguous history is treated as a data-quality issue — we do not auto Continue or auto No-Go until the cycle is clearer.,Review,0.7761,We recommended **Review** (trained WITH inferred-interval features) because the billing-cycle signal is too uncertain (confidence 22% for “mixed cadence (more than one regular billing pattern)”). Thin or ambiguous history is treated as a data-quality issue — we do not auto Continue or auto No-Go until the cycle is clearer.,Review,0.819,We recommended **Review** (trained WITHOUT inferred-interval features) because the billing-cycle signal is too uncertain (confidence 22% for “mixed cadence (more than one regular billing pattern)”). Thin or ambiguous history is treated as a data-quality issue — we do not auto Continue or auto No-Go until the cycle is clearer.,true,"Both models agree on **Review**. Adding the inferred interval changed churn probability by -4.3% (with=78%, without=82%).",20260712_032913,6,1.0
zuHFqClh0gg0mFB1,2025-03-05,monthly,0.8694,"We inferred **monthly billing (about every month)** because the typical gap between billing days is about 31 days, which matches monthly billing (about every month) across 25 observed cycle(s) (about 100% of gaps fit that pattern) and spacing looks very regular Confidence in this label is **87%**.",Continue,low_churn_risk,"churn_prob 0.31 vs Continue<= 0.45, No-Go>= 0.70.",true,0.3087,147.53,"Using the model **trained WITH inferred-interval features**, predicted chance of dollar churn is **31%** (elevated risk). That sits below the Continue threshold, and interval confidence (87%) is high enough to auto-decide, so the recommendation is **Continue** — proceed with onboarding.",Continue,0.3087,"Using the model **trained WITH inferred-interval features**, predicted chance of dollar churn is **31%** (elevated risk). That sits below the Continue threshold, and interval confidence (87%) is high enough to auto-decide, so the recommendation is **Continue** — proceed with onboarding.",Continue,0.4082,"Using the model **trained WITHOUT inferred-interval features**, predicted chance of dollar churn is **41%** (elevated risk). That sits below the Continue threshold, and interval confidence (87%) is high enough to auto-decide, so the recommendation is **Continue** — proceed with onboarding.",true,"Both models agree on **Continue**. Adding the inferred interval changed churn probability by -9.9% (with=31%, without=41%).",20260712_032913,26,31.0
gaAJmhiPmuYw0Pxg,2025-03-05,irregular,0.05,We inferred **irregular / no clear calendar billing cycle** because the gaps between invoices (typical gap ≈ 8 days) do not line up cleanly with monthly / quarterly / semi-annual / annual calendars Confidence in this label is **5%**.,Review,low_interval_confidence,interval_confidence 0.05 < 0.50; insufficient billing history to auto-decide (data-quality guardrail).,false,0.9948,1304.46,We recommended **Review** (trained WITH inferred-interval features) because the billing-cycle signal is too uncertain (confidence 5% for “irregular / no clear calendar billing cycle”). Thin or ambiguous history is treated as a data-quality issue — we do not auto Continue or auto No-Go until the cycle is clearer.,Review,0.9948,We recommended **Review** (trained WITH inferred-interval features) because the billing-cycle signal is too uncertain (confidence 5% for “irregular / no clear calendar billing cycle”). Thin or ambiguous history is treated as a data-quality issue — we do not auto Continue or auto No-Go until the cycle is clearer.,Review,0.9927,We recommended **Review** (trained WITHOUT inferred-interval features) because the billing-cycle signal is too uncertain (confidence 5% for “irregular / no clear calendar billing cycle”). Thin or ambiguous history is treated as a data-quality issue — we do not auto Continue or auto No-Go until the cycle is clearer.,true,"Both models agree on **Review**. Adding the inferred interval changed churn probability by +0.2% (with=99%, without=99%).",20260712_032913,17,7.5
ySwaTpnO5sQox2cg,2025-03-05,irregular,0.3,We inferred **irregular / no clear calendar billing cycle** because the gaps between invoices (typical gap ≈ 1 days) do not line up cleanly with monthly / quarterly / semi-annual / annual calendars Confidence in this label is **30%**.,Review,low_interval_confidence,interval_confidence 0.30 < 0.50; insufficient billing history to auto-decide (data-quality guardrail).,false,0.9861,62.35,We recommended **Review** (trained WITH inferred-interval features) because the billing-cycle signal is too uncertain (confidence 30% for “irregular / no clear calendar billing cycle”). Thin or ambiguous history is treated as a data-quality issue — we do not auto Continue or auto No-Go until the cycle is clearer.,Review,0.9861,We recommended **Review** (trained WITH inferred-interval features) because the billing-cycle signal is too uncertain (confidence 30% for “irregular / no clear calendar billing cycle”). Thin or ambiguous history is treated as a data-quality issue — we do not auto Continue or auto No-Go until the cycle is clearer.,Review,0.9856,We recommended **Review** (trained WITHOUT inferred-interval features) because the billing-cycle signal is too uncertain (confidence 30% for “irregular / no clear calendar billing cycle”). Thin or ambiguous history is treated as a data-quality issue — we do not auto Continue or auto No-Go until the cycle is clearer.,true,"Both models agree on **Review**. Adding the inferred interval changed churn probability by +0.1% (with=99%, without=99%).",20260712_032913,10,1.0
cQ6GuiCRudIad6UD,2025-03-05,annual,0.6635,"We inferred **annual billing (about once a year)** because the typical gap between billing days is about 1 days, which matches annual billing (about once a year) across 10 observed cycle(s) (about 100% of gaps fit that pattern) and spacing looks somewhat uneven Confidence in this label is **66%**.",No-Go,high_churn_risk,"churn_prob 0.99 vs Continue<= 0.45, No-Go>= 0.70.",true,0.9861,273.51,"Using the model **trained WITH inferred-interval features**, predicted chance of dollar churn is **99%** (high risk). That sits above the No-Go threshold, and interval confidence (66%) is high enough to auto-decide, so the recommendation is **No-Go** — decline or escalate for credit risk.",No-Go,0.9861,"Using the model **trained WITH inferred-interval features**, predicted chance of dollar churn is **99%** (high risk). That sits above the No-Go threshold, and interval confidence (66%) is high enough to auto-decide, so the recommendation is **No-Go** — decline or escalate for credit risk.",No-Go,0.9697,"Using the model **trained WITHOUT inferred-interval features**, predicted chance of dollar churn is **97%** (high risk). That sits above the No-Go threshold, and interval confidence (66%) is high enough to auto-decide, so the recommendation is **No-Go** — decline or escalate for credit risk.",true,"Both models agree on **No-Go**. Adding the inferred interval changed churn probability by +1.6% (with=99%, without=97%).",20260712_032913,11,1.0
AlfOcoECgADyEyS4,2025-03-05,irregular,0.3,We inferred **irregular / no clear calendar billing cycle** because the gaps between invoices (typical gap ≈ 1 days) do not line up cleanly with monthly / quarterly / semi-annual / annual calendars Confidence in this label is **30%**.,Review,low_interval_confidence,interval_confidence 0.30 < 0.50; insufficient billing history to auto-decide (data-quality guardrail).,false,0.982,191.94,We recommended **Review** (trained WITH inferred-interval features) because the billing-cycle signal is too uncertain (confidence 30% for “irregular / no clear calendar billing cycle”). Thin or ambiguous history is treated as a data-quality issue — we do not auto Continue or auto No-Go until the cycle is clearer.,Review,0.982,We recommended **Review** (trained WITH inferred-interval features) because the billing-cycle signal is too uncertain (confidence 30% for “irregular / no clear calendar billing cycle”). Thin or ambiguous history is treated as a data-quality issue — we do not auto Continue or auto No-Go until the cycle is clearer.,Review,0.9697,We recommended **Review** (trained WITHOUT inferred-interval features) because the billing-cycle signal is too uncertain (confidence 30% for “irregular / no clear calendar billing cycle”). Thin or ambiguous history is treated as a data-quality issue — we do not auto Continue or auto No-Go until the cycle is clearer.,true,"Both models agree on **Review**. Adding the inferred interval changed churn probability by +1.2% (with=98%, without=97%).",20260712_032913,10,1.0
eDxpIR8xJqLRJ0Um,2025-03-05,monthly,0.6615,"We inferred **monthly billing (about every month)** because the typical gap between billing days is about 28 days, which matches monthly billing (about every month) across 1 observed cycle(s) (about 100% of gaps fit that pattern) Confidence in this label is **66%**.",No-Go,high_churn_risk,"churn_prob 0.95 vs Continue<= 0.45, No-Go>= 0.70.",true,0.9494,0.78,"Using the model **trained WITH inferred-interval features**, predicted chance of dollar churn is **95%** (high risk). That sits above the No-Go threshold, and interval confidence (66%) is high enough to auto-decide, so the recommendation is **No-Go** — decline or escalate for credit risk.",No-Go,0.9494,"Using the model **trained WITH inferred-interval features**, predicted chance of dollar churn is **95%** (high risk). That sits above the No-Go threshold, and interval confidence (66%) is high enough to auto-decide, so the recommendation is **No-Go** — decline or escalate for credit risk.",No-Go,0.9295,"Using the model **trained WITHOUT inferred-interval features**, predicted chance of dollar churn is **93%** (high risk). That sits above the No-Go threshold, and interval confidence (66%) is high enough to auto-decide, so the recommendation is **No-Go** — decline or escalate for credit risk.",true,"Both models agree on **No-Go**. Adding the inferred interval changed churn probability by +2.0% (with=95%, without=93%).",20260712_032913,2,28.0
hLde8j1hrAQXnVKL,2025-03-05,one_time_candidate,0.9475,We inferred **looks like a one-time / non-recurring charge pattern** because there is essentially a single invoice followed by a long quiet period with no repeat billing Confidence in this label is **95%**.,Review,borderline_churn_risk,"churn_prob 0.57 vs Continue<= 0.45, No-Go>= 0.70.",false,0.5736,44.69,"Using the model **trained WITH inferred-interval features**, predicted chance of dollar churn is **57%** (elevated risk). That sits between the Continue and No-Go bands (or still needs analyst judgment), so the recommendation is **Review**.",Review,0.5736,"Using the model **trained WITH inferred-interval features**, predicted chance of dollar churn is **57%** (elevated risk). That sits between the Continue and No-Go bands (or still needs analyst judgment), so the recommendation is **Review**.",Review,0.4908,"Using the model **trained WITHOUT inferred-interval features**, predicted chance of dollar churn is **49%** (elevated risk). That sits between the Continue and No-Go bands (or still needs analyst judgment), so the recommendation is **Review**.",true,"Both models agree on **Review**. Adding the inferred interval changed churn probability by +8.3% (with=57%, without=49%).",20260712_032913,1,
XZahgfBWM1N6YI4H,2025-03-05,monthly,0.528,"We inferred **monthly billing (about every month)** because the typical gap between billing days is about 1 days, which matches monthly billing (about every month) across 10 observed cycle(s) (about 100% of gaps fit that pattern) and spacing looks somewhat uneven Confidence in this label is **53%**.",No-Go,high_churn_risk,"churn_prob 0.99 vs Continue<= 0.45, No-Go>= 0.70.",true,0.99,95.7,"Using the model **trained WITH inferred-interval features**, predicted chance of dollar churn is **99%** (high risk). That sits above the No-Go threshold, and interval confidence (53%) is high enough to auto-decide, so the recommendation is **No-Go** — decline or escalate for credit risk.",No-Go,0.99,"Using the model **trained WITH inferred-interval features**, predicted chance of dollar churn is **99%** (high risk). That sits above the No-Go threshold, and interval confidence (53%) is high enough to auto-decide, so the recommendation is **No-Go** — decline or escalate for credit risk.",No-Go,0.9927,"Using the model **trained WITHOUT inferred-interval features**, predicted chance of dollar churn is **99%** (high risk). That sits above the No-Go threshold, and interval confidence (53%) is high enough to auto-decide, so the recommendation is **No-Go** — decline or escalate for credit risk.",true,"Both models agree on **No-Go**. Adding the inferred interval changed churn probability by -0.3% (with=99%, without=99%).",20260712_032913,11,1.0
VwwjsRpBjzpemQkD,2025-03-05,mixed,0.2913,We inferred **mixed cadence (more than one regular billing pattern)** because invoice gaps cluster around more than one calendar period (for example a monthly subscription plus an annual fee) — the strongest pattern is monthly (about 67% of matched gaps) Confidence in this label is **29%**.,Review,low_interval_confidence,interval_confidence 0.29 < 0.50; insufficient billing history to auto-decide (data-quality guardrail).,false,1.0,3591.93,We recommended **Review** (trained WITH inferred-interval features) because the billing-cycle signal is too uncertain (confidence 29% for “mixed cadence (more than one regular billing pattern)”). Thin or ambiguous history is treated as a data-quality issue — we do not auto Continue or auto No-Go until the cycle is clearer.,Review,1.0,We recommended **Review** (trained WITH inferred-interval features) because the billing-cycle signal is too uncertain (confidence 29% for “mixed cadence (more than one regular billing pattern)”). Thin or ambiguous history is treated as a data-quality issue — we do not auto Continue or auto No-Go until the cycle is clearer.,Review,1.0,We recommended **Review** (trained WITHOUT inferred-interval features) because the billing-cycle signal is too uncertain (confidence 29% for “mixed cadence (more than one regular billing pattern)”). Thin or ambiguous history is treated as a data-quality issue — we do not auto Continue or auto No-Go until the cycle is clearer.,true,"Both models agree on **Review**. Adding the inferred interval changed churn probability by +0.0% (with=100%, without=100%).",20260712_032913,13,1.0
U47CqBeaURr5NjQz,2025-03-05,irregular,0.1275,We inferred **irregular / no clear calendar billing cycle** because the gaps between invoices (typical gap ≈ 1 days) do not line up cleanly with monthly / quarterly / semi-annual / annual calendars Confidence in this label is **13%**.,Review,low_interval_confidence,interval_confidence 0.13 < 0.50; insufficient billing history to auto-decide (data-quality guardrail).,false,0.99,75.14,We recommended **Review** (trained WITH inferred-interval features) because the billing-cycle signal is too uncertain (confidence 13% for “irregular / no clear calendar billing cycle”). Thin or ambiguous history is treated as a data-quality issue — we do not auto Continue or auto No-Go until the cycle is clearer.,Review,0.99,We recommended **Review** (trained WITH inferred-interval features) because the billing-cycle signal is too uncertain (confidence 13% for “irregular / no clear calendar billing cycle”). Thin or ambiguous history is treated as a data-quality issue — we do not auto Continue or auto No-Go until the cycle is clearer.,Review,0.9914,We recommended **Review** (trained WITHOUT inferred-interval features) because the billing-cycle signal is too uncertain (confidence 13% for “irregular / no clear calendar billing cycle”). Thin or ambiguous history is treated as a data-quality issue — we do not auto Continue or auto No-Go until the cycle is clearer.,true,"Both models agree on **Review**. Adding the inferred interval changed churn probability by -0.1% (with=99%, without=99%).",20260712_032913,11,1.0
QT8zbBG2hzWukcnw,2025-03-05,irregular,0.0892,We inferred **irregular / no clear calendar billing cycle** because the gaps between invoices (typical gap ≈ 1 days) do not line up cleanly with monthly / quarterly / semi-annual / annual calendars Confidence in this label is **9%**.,Review,low_interval_confidence,interval_confidence 0.09 < 0.50; insufficient billing history to auto-decide (data-quality guardrail).,false,0.99,75.13,We recommended **Review** (trained WITH inferred-interval features) because the billing-cycle signal is too uncertain (confidence 9% for “irregular / no clear calendar billing cycle”). Thin or ambiguous history is treated as a data-quality issue — we do not auto Continue or auto No-Go until the cycle is clearer.,Review,0.99,We recommended **Review** (trained WITH inferred-interval features) because the billing-cycle signal is too uncertain (confidence 9% for “irregular / no clear calendar billing cycle”). Thin or ambiguous history is treated as a data-quality issue — we do not auto Continue or auto No-Go until the cycle is clearer.,Review,0.9914,We recommended **Review** (trained WITHOUT inferred-interval features) because the billing-cycle signal is too uncertain (confidence 9% for “irregular / no clear calendar billing cycle”). Thin or ambiguous history is treated as a data-quality issue — we do not auto Continue or auto No-Go until the cycle is clearer.,true,"Both models agree on **Review**. Adding the inferred interval changed churn probability by -0.1% (with=99%, without=99%).",20260712_032913,11,1.0
wwIhSRhOYGmwRj39,2025-03-05,monthly,0.7557,"We inferred **monthly billing (about every month)** because the typical gap between billing days is about 30 days, which matches monthly billing (about every month) across 3 observed cycle(s) (about 100% of gaps fit that pattern) and spacing looks very regular Confidence in this label is **76%**.",No-Go,high_churn_risk,"churn_prob 0.97 vs Continue<= 0.45, No-Go>= 0.70.",true,0.9685,16.89,"Using the model **trained WITH inferred-interval features**, predicted chance of dollar churn is **97%** (high risk). That sits above the No-Go threshold, and interval confidence (76%) is high enough to auto-decide, so the recommendation is **No-Go** — decline or escalate for credit risk.",No-Go,0.9685,"Using the model **trained WITH inferred-interval features**, predicted chance of dollar churn is **97%** (high risk). That sits above the No-Go threshold, and interval confidence (76%) is high enough to auto-decide, so the recommendation is **No-Go** — decline or escalate for credit risk.",No-Go,0.9718,"Using the model **trained WITHOUT inferred-interval features**, predicted chance of dollar churn is **97%** (high risk). That sits above the No-Go threshold, and interval confidence (76%) is high enough to auto-decide, so the recommendation is **No-Go** — decline or escalate for credit risk.",true,"Both models agree on **No-Go**. Adding the inferred interval changed churn probability by -0.3% (with=97%, without=97%).",20260712_032913,4,30.0
NtYa4AgU6iuG2FO4,2025-03-05,annual,0.7997,"We inferred **annual billing (about once a year)** because the typical gap between billing days is about 365 days, which matches annual billing (about once a year) across 1 observed cycle(s) (about 100% of gaps fit that pattern) Confidence in this label is **80%**.",No-Go,high_churn_risk,"churn_prob 0.83 vs Continue<= 0.45, No-Go>= 0.70.",true,0.8318,32.25,"Using the model **trained WITH inferred-interval features**, predicted chance of dollar churn is **83%** (high risk). That sits above the No-Go threshold, and interval confidence (80%) is high enough to auto-decide, so the recommendation is **No-Go** — decline or escalate for credit risk.",No-Go,0.8318,"Using the model **trained WITH inferred-interval features**, predicted chance of dollar churn is **83%** (high risk). That sits above the No-Go threshold, and interval confidence (80%) is high enough to auto-decide, so the recommendation is **No-Go** — decline or escalate for credit risk.",No-Go,0.819,"Using the model **trained WITHOUT inferred-interval features**, predicted chance of dollar churn is **82%** (high risk). That sits above the No-Go threshold, and interval confidence (80%) is high enough to auto-decide, so the recommendation is **No-Go** — decline or escalate for credit risk.",true,"Both models agree on **No-Go**. Adding the inferred interval changed churn probability by +1.3% (with=83%, without=82%).",20260712_032913,2,365.0
aALlrxfijdu4Tjtx,2025-03-05,annual,0.7997,"We inferred **annual billing (about once a year)** because the typical gap between billing days is about 365 days, which matches annual billing (about once a year) across 1 observed cycle(s) (about 100% of gaps fit that pattern) Confidence in this label is **80%**.",No-Go,high_churn_risk,"churn_prob 0.83 vs Continue<= 0.45, No-Go>= 0.70.",true,0.8318,32.25,"Using the model **trained WITH inferred-interval features**, predicted chance of dollar churn is **83%** (high risk). That sits above the No-Go threshold, and interval confidence (80%) is high enough to auto-decide, so the recommendation is **No-Go** — decline or escalate for credit risk.",No-Go,0.8318,"Using the model **trained WITH inferred-interval features**, predicted chance of dollar churn is **83%** (high risk). That sits above the No-Go threshold, and interval confidence (80%) is high enough to auto-decide, so the recommendation is **No-Go** — decline or escalate for credit risk.",No-Go,0.819,"Using the model **trained WITHOUT inferred-interval features**, predicted chance of dollar churn is **82%** (high risk). That sits above the No-Go threshold, and interval confidence (80%) is high enough to auto-decide, so the recommendation is **No-Go** — decline or escalate for credit risk.",true,"Both models agree on **No-Go**. Adding the inferred interval changed churn probability by +1.3% (with=83%, without=82%).",20260712_032913,2,365.0
J7FfvIpwHVtKA1w3,2025-03-05,monthly,0.6607,"We inferred **monthly billing (about every month)** because the typical gap between billing days is about 26 days, which matches monthly billing (about every month) across 1 observed cycle(s) (about 100% of gaps fit that pattern) Confidence in this label is **66%**.",No-Go,high_churn_risk,"churn_prob 0.80 vs Continue<= 0.45, No-Go>= 0.70.",true,0.8031,8.12,"Using the model **trained WITH inferred-interval features**, predicted chance of dollar churn is **80%** (high risk). That sits above the No-Go threshold, and interval confidence (66%) is high enough to auto-decide, so the recommendation is **No-Go** — decline or escalate for credit risk.",No-Go,0.8031,"Using the model **trained WITH inferred-interval features**, predicted chance of dollar churn is **80%** (high risk). That sits above the No-Go threshold, and interval confidence (66%) is high enough to auto-decide, so the recommendation is **No-Go** — decline or escalate for credit risk.",No-Go,0.7134,"Using the model **trained WITHOUT inferred-interval features**, predicted chance of dollar churn is **71%** (high risk). That sits above the No-Go threshold, and interval confidence (66%) is high enough to auto-decide, so the recommendation is **No-Go** — decline or escalate for credit risk.",true,"Both models agree on **No-Go**. Adding the inferred interval changed churn probability by +9.0% (with=80%, without=71%).",20260712_032913,2,26.0
t73TfwMtPSRhxs5j,2025-03-05,irregular,0.05,We inferred **irregular / no clear calendar billing cycle** because the gaps between invoices (typical gap ≈ 13 days) do not line up cleanly with monthly / quarterly / semi-annual / annual calendars Confidence in this label is **5%**.,Review,low_interval_confidence,interval_confidence 0.05 < 0.50; insufficient billing history to auto-decide (data-quality guardrail).,false,0.7471,7.08,We recommended **Review** (trained WITH inferred-interval features) because the billing-cycle signal is too uncertain (confidence 5% for “irregular / no clear calendar billing cycle”). Thin or ambiguous history is treated as a data-quality issue — we do not auto Continue or auto No-Go until the cycle is clearer.,Review,0.7471,We recommended **Review** (trained WITH inferred-interval features) because the billing-cycle signal is too uncertain (confidence 5% for “irregular / no clear calendar billing cycle”). Thin or ambiguous history is treated as a data-quality issue — we do not auto Continue or auto No-Go until the cycle is clearer.,Review,0.7134,We recommended **Review** (trained WITHOUT inferred-interval features) because the billing-cycle signal is too uncertain (confidence 5% for “irregular / no clear calendar billing cycle”). Thin or ambiguous history is treated as a data-quality issue — we do not auto Continue or auto No-Go until the cycle is clearer.,true,"Both models agree on **Review**. Adding the inferred interval changed churn probability by +3.4% (with=75%, without=71%).",20260712_032913,3,13.0
p0UXPQWCmdi9j6y4,2025-03-05,monthly,0.528,"We inferred **monthly billing (about every month)** because the typical gap between billing days is about 1 days, which matches monthly billing (about every month) across 10 observed cycle(s) (about 100% of gaps fit that pattern) and spacing looks somewhat uneven Confidence in this label is **53%**.",No-Go,high_churn_risk,"churn_prob 0.99 vs Continue<= 0.45, No-Go>= 0.70.",true,0.99,95.7,"Using the model **trained WITH inferred-interval features**, predicted chance of dollar churn is **99%** (high risk). That sits above the No-Go threshold, and interval confidence (53%) is high enough to auto-decide, so the recommendation is **No-Go** — decline or escalate for credit risk.",No-Go,0.99,"Using the model **trained WITH inferred-interval features**, predicted chance of dollar churn is **99%** (high risk). That sits above the No-Go threshold, and interval confidence (53%) is high enough to auto-decide, so the recommendation is **No-Go** — decline or escalate for credit risk.",No-Go,0.9927,"Using the model **trained WITHOUT inferred-interval features**, predicted chance of dollar churn is **99%** (high risk). That sits above the No-Go threshold, and interval confidence (53%) is high enough to auto-decide, so the recommendation is **No-Go** — decline or escalate for credit risk.",true,"Both models agree on **No-Go**. Adding the inferred interval changed churn probability by -0.3% (with=99%, without=99%).",20260712_032913,11,1.0
vN1tt9SCoL0W1PC4,2025-03-05,monthly,0.3867,"We inferred **monthly billing (about every month)** because the typical gap between billing days is about 31 days, which matches monthly billing (about every month) across 5 observed cycle(s) (about 80% of gaps fit that pattern; 2 competing patterns seen) and spacing looks somewhat uneven Confidence in this label is **39%**.",Review,low_interval_confidence,interval_confidence 0.39 < 0.50; insufficient billing history to auto-decide (data-quality guardrail).,false,0.5736,309.99,We recommended **Review** (trained WITH inferred-interval features) because the billing-cycle signal is too uncertain (confidence 39% for “monthly billing (about every month)”). Thin or ambiguous history is treated as a data-quality issue — we do not auto Continue or auto No-Go until the cycle is clearer.,Review,0.5736,We recommended **Review** (trained WITH inferred-interval features) because the billing-cycle signal is too uncertain (confidence 39% for “monthly billing (about every month)”). Thin or ambiguous history is treated as a data-quality issue — we do not auto Continue or auto No-Go until the cycle is clearer.,Review,0.7134,We recommended **Review** (trained WITHOUT inferred-interval features) because the billing-cycle signal is too uncertain (confidence 39% for “monthly billing (about every month)”). Thin or ambiguous history is treated as a data-quality issue — we do not auto Continue or auto No-Go until the cycle is clearer.,true,"Both models agree on **Review**. Adding the inferred interval changed churn probability by -14.0% (with=57%, without=71%).",20260712_032913,6,31.0
uZRNx3QpWHexVj6C,2025-03-05,irregular,0.3,We inferred **irregular / no clear calendar billing cycle** because the gaps between invoices (typical gap ≈ 1 days) do not line up cleanly with monthly / quarterly / semi-annual / annual calendars Confidence in this label is **30%**.,Review,low_interval_confidence,interval_confidence 0.30 < 0.50; insufficient billing history to auto-decide (data-quality guardrail).,false,0.9861,62.35,We recommended **Review** (trained WITH inferred-interval features) because the billing-cycle signal is too uncertain (confidence 30% for “irregular / no clear calendar billing cycle”). Thin or ambiguous history is treated as a data-quality issue — we do not auto Continue or auto No-Go until the cycle is clearer.,Review,0.9861,We recommended **Review** (trained WITH inferred-interval features) because the billing-cycle signal is too uncertain (confidence 30% for “irregular / no clear calendar billing cycle”). Thin or ambiguous history is treated as a data-quality issue — we do not auto Continue or auto No-Go until the cycle is clearer.,Review,0.9856,We recommended **Review** (trained WITHOUT inferred-interval features) because the billing-cycle signal is too uncertain (confidence 30% for “irregular / no clear calendar billing cycle”). Thin or ambiguous history is treated as a data-quality issue — we do not auto Continue or auto No-Go until the cycle is clearer.,true,"Both models agree on **Review**. Adding the inferred interval changed churn probability by +0.1% (with=99%, without=99%).",20260712_032913,10,1.0
xOlth8U4DrsAvvcw,2025-03-05,mixed,0.2752,We inferred **mixed cadence (more than one regular billing pattern)** because invoice gaps cluster around more than one calendar period (for example a monthly subscription plus an annual fee) — the strongest pattern is monthly (about 67% of matched gaps) Confidence in this label is **28%**.,Review,low_interval_confidence,interval_confidence 0.28 < 0.50; insufficient billing history to auto-decide (data-quality guardrail).,false,0.9948,1566.55,We recommended **Review** (trained WITH inferred-interval features) because the billing-cycle signal is too uncertain (confidence 28% for “mixed cadence (more than one regular billing pattern)”). Thin or ambiguous history is treated as a data-quality issue — we do not auto Continue or auto No-Go until the cycle is clearer.,Review,0.9948,We recommended **Review** (trained WITH inferred-interval features) because the billing-cycle signal is too uncertain (confidence 28% for “mixed cadence (more than one regular billing pattern)”). Thin or ambiguous history is treated as a data-quality issue — we do not auto Continue or auto No-Go until the cycle is clearer.,Review,0.9741,We recommended **Review** (trained WITHOUT inferred-interval features) because the billing-cycle signal is too uncertain (confidence 28% for “mixed cadence (more than one regular billing pattern)”). Thin or ambiguous history is treated as a data-quality issue — we do not auto Continue or auto No-Go until the cycle is clearer.,true,"Both models agree on **Review**. Adding the inferred interval changed churn probability by +2.1% (with=99%, without=97%).",20260712_032913,10,1.0
wlNvEDBYy9NWSIww,2025-03-05,monthly,0.791,"We inferred **monthly billing (about every month)** because the typical gap between billing days is about 30 days, which matches monthly billing (about every month) across 4 observed cycle(s) (about 100% of gaps fit that pattern) and spacing looks very regular Confidence in this label is **79%**.",No-Go,high_churn_risk,"churn_prob 0.99 vs Continue<= 0.45, No-Go>= 0.70.",true,0.99,17.26,"Using the model **trained WITH inferred-interval features**, predicted chance of dollar churn is **99%** (high risk). That sits above the No-Go threshold, and interval confidence (79%) is high enough to auto-decide, so the recommendation is **No-Go** — decline or escalate for credit risk.",No-Go,0.99,"Using the model **trained WITH inferred-interval features**, predicted chance of dollar churn is **99%** (high risk). That sits above the No-Go threshold, and interval confidence (79%) is high enough to auto-decide, so the recommendation is **No-Go** — decline or escalate for credit risk.",No-Go,0.9856,"Using the model **trained WITHOUT inferred-interval features**, predicted chance of dollar churn is **99%** (high risk). That sits above the No-Go threshold, and interval confidence (79%) is high enough to auto-decide, so the recommendation is **No-Go** — decline or escalate for credit risk.",true,"Both models agree on **No-Go**. Adding the inferred interval changed churn probability by +0.4% (with=99%, without=99%).",20260712_032913,5,30.5
r8T7RIPYS8SQoP4w,2025-03-05,irregular,0.1275,We inferred **irregular / no clear calendar billing cycle** because the gaps between invoices (typical gap ≈ 1 days) do not line up cleanly with monthly / quarterly / semi-annual / annual calendars Confidence in this label is **13%**.,Review,low_interval_confidence,interval_confidence 0.13 < 0.50; insufficient billing history to auto-decide (data-quality guardrail).,false,0.99,75.14,We recommended **Review** (trained WITH inferred-interval features) because the billing-cycle signal is too uncertain (confidence 13% for “irregular / no clear calendar billing cycle”). Thin or ambiguous history is treated as a data-quality issue — we do not auto Continue or auto No-Go until the cycle is clearer.,Review,0.99,We recommended **Review** (trained WITH inferred-interval features) because the billing-cycle signal is too uncertain (confidence 13% for “irregular / no clear calendar billing cycle”). Thin or ambiguous history is treated as a data-quality issue — we do not auto Continue or auto No-Go until the cycle is clearer.,Review,0.9914,We recommended **Review** (trained WITHOUT inferred-interval features) because the billing-cycle signal is too uncertain (confidence 13% for “irregular / no clear calendar billing cycle”). Thin or ambiguous history is treated as a data-quality issue — we do not auto Continue or auto No-Go until the cycle is clearer.,true,"Both models agree on **Review**. Adding the inferred interval changed churn probability by -0.1% (with=99%, without=99%).",20260712_032913,11,1.0
jkyNEwVqIftsd9HT,2025-03-05,irregular,0.3,We inferred **irregular / no clear calendar billing cycle** because the gaps between invoices (typical gap ≈ 8 days) do not line up cleanly with monthly / quarterly / semi-annual / annual calendars Confidence in this label is **30%**.,Review,low_interval_confidence,interval_confidence 0.30 < 0.50; insufficient billing history to auto-decide (data-quality guardrail).,false,0.9685,8.8,We recommended **Review** (trained WITH inferred-interval features) because the billing-cycle signal is too uncertain (confidence 30% for “irregular / no clear calendar billing cycle”). Thin or ambiguous history is treated as a data-quality issue — we do not auto Continue or auto No-Go until the cycle is clearer.,Review,0.9685,We recommended **Review** (trained WITH inferred-interval features) because the billing-cycle signal is too uncertain (confidence 30% for “irregular / no clear calendar billing cycle”). Thin or ambiguous history is treated as a data-quality issue — we do not auto Continue or auto No-Go until the cycle is clearer.,Review,0.9697,We recommended **Review** (trained WITHOUT inferred-interval features) because the billing-cycle signal is too uncertain (confidence 30% for “irregular / no clear calendar billing cycle”). Thin or ambiguous history is treated as a data-quality issue — we do not auto Continue or auto No-Go until the cycle is clearer.,true,"Both models agree on **Review**. Adding the inferred interval changed churn probability by -0.1% (with=97%, without=97%).",20260712_032913,2,8.0
qswzOnQIRpKlMlyq,2025-03-05,irregular,0.3,We inferred **irregular / no clear calendar billing cycle** because the gaps between invoices (typical gap ≈ 1 days) do not line up cleanly with monthly / quarterly / semi-annual / annual calendars Confidence in this label is **30%**.,Review,low_interval_confidence,interval_confidence 0.30 < 0.50; insufficient billing history to auto-decide (data-quality guardrail).,false,0.9861,62.35,We recommended **Review** (trained WITH inferred-interval features) because the billing-cycle signal is too uncertain (confidence 30% for “irregular / no clear calendar billing cycle”). Thin or ambiguous history is treated as a data-quality issue — we do not auto Continue or auto No-Go until the cycle is clearer.,Review,0.9861,We recommended **Review** (trained WITH inferred-interval features) because the billing-cycle signal is too uncertain (confidence 30% for “irregular / no clear calendar billing cycle”). Thin or ambiguous history is treated as a data-quality issue — we do not auto Continue or auto No-Go until the cycle is clearer.,Review,0.9856,We recommended **Review** (trained WITHOUT inferred-interval features) because the billing-cycle signal is too uncertain (confidence 30% for “irregular / no clear calendar billing cycle”). Thin or ambiguous history is treated as a data-quality issue — we do not auto Continue or auto No-Go until the cycle is clearer.,true,"Both models agree on **Review**. Adding the inferred interval changed churn probability by +0.1% (with=99%, without=99%).",20260712_032913,10,1.0
AhPVyqZs5MrFBpXJ,2025-03-05,annual,0.8653,"We inferred **annual billing (about once a year)** because the typical gap between billing days is about 366 days, which matches annual billing (about once a year) across 2 observed cycle(s) (about 100% of gaps fit that pattern) and spacing looks very regular Confidence in this label is **87%**.",Review,borderline_churn_risk,"churn_prob 0.50 vs Continue<= 0.45, No-Go>= 0.70.",false,0.4952,299.21,"Using the model **trained WITH inferred-interval features**, predicted chance of dollar churn is **50%** (elevated risk). That sits between the Continue and No-Go bands (or still needs analyst judgment), so the recommendation is **Review**.",Review,0.4952,"Using the model **trained WITH inferred-interval features**, predicted chance of dollar churn is **50%** (elevated risk). That sits between the Continue and No-Go bands (or still needs analyst judgment), so the recommendation is **Review**.",Review,0.5812,"Using the model **trained WITHOUT inferred-interval features**, predicted chance of dollar churn is **58%** (elevated risk). That sits between the Continue and No-Go bands (or still needs analyst judgment), so the recommendation is **Review**.",true,"Both models agree on **Review**. Adding the inferred interval changed churn probability by -8.6% (with=50%, without=58%).",20260712_032913,3,365.5
Di2IXCJgv0DY0BlU,2025-03-05,irregular,0.0892,We inferred **irregular / no clear calendar billing cycle** because the gaps between invoices (typical gap ≈ 1 days) do not line up cleanly with monthly / quarterly / semi-annual / annual calendars Confidence in this label is **9%**.,Review,low_interval_confidence,interval_confidence 0.09 < 0.50; insufficient billing history to auto-decide (data-quality guardrail).,false,0.99,75.13,We recommended **Review** (trained WITH inferred-interval features) because the billing-cycle signal is too uncertain (confidence 9% for “irregular / no clear calendar billing cycle”). Thin or ambiguous history is treated as a data-quality issue — we do not auto Continue or auto No-Go until the cycle is clearer.,Review,0.99,We recommended **Review** (trained WITH inferred-interval features) because the billing-cycle signal is too uncertain (confidence 9% for “irregular / no clear calendar billing cycle”). Thin or ambiguous history is treated as a data-quality issue — we do not auto Continue or auto No-Go until the cycle is clearer.,Review,0.9914,We recommended **Review** (trained WITHOUT inferred-interval features) because the billing-cycle signal is too uncertain (confidence 9% for “irregular / no clear calendar billing cycle”). Thin or ambiguous history is treated as a data-quality issue — we do not auto Continue or auto No-Go until the cycle is clearer.,true,"Both models agree on **Review**. Adding the inferred interval changed churn probability by -0.1% (with=99%, without=99%).",20260712_032913,11,1.0
cc3qiTeH3e1QQsC6,2025-03-05,irregular,0.0892,We inferred **irregular / no clear calendar billing cycle** because the gaps between invoices (typical gap ≈ 1 days) do not line up cleanly with monthly / quarterly / semi-annual / annual calendars Confidence in this label is **9%**.,Review,low_interval_confidence,interval_confidence 0.09 < 0.50; insufficient billing history to auto-decide (data-quality guardrail).,false,0.99,75.13,We recommended **Review** (trained WITH inferred-interval features) because the billing-cycle signal is too uncertain (confidence 9% for “irregular / no clear calendar billing cycle”). Thin or ambiguous history is treated as a data-quality issue — we do not auto Continue or auto No-Go until the cycle is clearer.,Review,0.99,We recommended **Review** (trained WITH inferred-interval features) because the billing-cycle signal is too uncertain (confidence 9% for “irregular / no clear calendar billing cycle”). Thin or ambiguous history is treated as a data-quality issue — we do not auto Continue or auto No-Go until the cycle is clearer.,Review,0.9914,We recommended **Review** (trained WITHOUT inferred-interval features) because the billing-cycle signal is too uncertain (confidence 9% for “irregular / no clear calendar billing cycle”). Thin or ambiguous history is treated as a data-quality issue — we do not auto Continue or auto No-Go until the cycle is clearer.,true,"Both models agree on **Review**. Adding the inferred interval changed churn probability by -0.1% (with=99%, without=99%).",20260712_032913,11,1.0
Oau9heJFLg3XZBLb,2025-03-05,monthly,0.771,"We inferred **monthly billing (about every month)** because the typical gap between billing days is about 29 days, which matches monthly billing (about every month) across 4 observed cycle(s) (about 100% of gaps fit that pattern) and spacing looks very regular Confidence in this label is **77%**.",No-Go,high_churn_risk,"churn_prob 0.99 vs Continue<= 0.45, No-Go>= 0.70.",true,0.99,16.86,"Using the model **trained WITH inferred-interval features**, predicted chance of dollar churn is **99%** (high risk). That sits above the No-Go threshold, and interval confidence (77%) is high enough to auto-decide, so the recommendation is **No-Go** — decline or escalate for credit risk.",No-Go,0.99,"Using the model **trained WITH inferred-interval features**, predicted chance of dollar churn is **99%** (high risk). That sits above the No-Go threshold, and interval confidence (77%) is high enough to auto-decide, so the recommendation is **No-Go** — decline or escalate for credit risk.",No-Go,0.9856,"Using the model **trained WITHOUT inferred-interval features**, predicted chance of dollar churn is **99%** (high risk). That sits above the No-Go threshold, and interval confidence (77%) is high enough to auto-decide, so the recommendation is **No-Go** — decline or escalate for credit risk.",true,"Both models agree on **No-Go**. Adding the inferred interval changed churn probability by +0.4% (with=99%, without=99%).",20260712_032913,5,29.0
WWC9iYeJMWkFmdCG,2025-03-05,one_time_candidate,0.95,We inferred **looks like a one-time / non-recurring charge pattern** because there is essentially a single invoice followed by a long quiet period with no repeat billing Confidence in this label is **95%**.,No-Go,high_churn_risk,"churn_prob 0.98 vs Continue<= 0.45, No-Go>= 0.70.",true,0.982,1.12,"Using the model **trained WITH inferred-interval features**, predicted chance of dollar churn is **98%** (high risk). That sits above the No-Go threshold, and interval confidence (95%) is high enough to auto-decide, so the recommendation is **No-Go** — decline or escalate for credit risk.",No-Go,0.982,"Using the model **trained WITH inferred-interval features**, predicted chance of dollar churn is **98%** (high risk). That sits above the No-Go threshold, and interval confidence (95%) is high enough to auto-decide, so the recommendation is **No-Go** — decline or escalate for credit risk.",No-Go,0.9667,"Using the model **trained WITHOUT inferred-interval features**, predicted chance of dollar churn is **97%** (high risk). That sits above the No-Go threshold, and interval confidence (95%) is high enough to auto-decide, so the recommendation is **No-Go** — decline or escalate for credit risk.",true,"Both models agree on **No-Go**. Adding the inferred interval changed churn probability by +1.5% (with=98%, without=97%).",20260712_032913,1,
ZI6kaSGNiCWF7kLA,2025-03-05,irregular,0.3,We inferred **irregular / no clear calendar billing cycle** because the gaps between invoices (typical gap ≈ 1 days) do not line up cleanly with monthly / quarterly / semi-annual / annual calendars Confidence in this label is **30%**.,Review,low_interval_confidence,interval_confidence 0.30 < 0.50; insufficient billing history to auto-decide (data-quality guardrail).,false,0.982,191.94,We recommended **Review** (trained WITH inferred-interval features) because the billing-cycle signal is too uncertain (confidence 30% for “irregular / no clear calendar billing cycle”). Thin or ambiguous history is treated as a data-quality issue — we do not auto Continue or auto No-Go until the cycle is clearer.,Review,0.982,We recommended **Review** (trained WITH inferred-interval features) because the billing-cycle signal is too uncertain (confidence 30% for “irregular / no clear calendar billing cycle”). Thin or ambiguous history is treated as a data-quality issue — we do not auto Continue or auto No-Go until the cycle is clearer.,Review,0.9697,We recommended **Review** (trained WITHOUT inferred-interval features) because the billing-cycle signal is too uncertain (confidence 30% for “irregular / no clear calendar billing cycle”). Thin or ambiguous history is treated as a data-quality issue — we do not auto Continue or auto No-Go until the cycle is clearer.,true,"Both models agree on **Review**. Adding the inferred interval changed churn probability by +1.2% (with=98%, without=97%).",20260712_032913,10,1.0
2bodPHkWoskTD8GE,2025-03-05,irregular,0.3,We inferred **irregular / no clear calendar billing cycle** because the gaps between invoices (typical gap ≈ 1 days) do not line up cleanly with monthly / quarterly / semi-annual / annual calendars Confidence in this label is **30%**.,Review,low_interval_confidence,interval_confidence 0.30 < 0.50; insufficient billing history to auto-decide (data-quality guardrail).,false,0.982,191.94,We recommended **Review** (trained WITH inferred-interval features) because the billing-cycle signal is too uncertain (confidence 30% for “irregular / no clear calendar billing cycle”). Thin or ambiguous history is treated as a data-quality issue — we do not auto Continue or auto No-Go until the cycle is clearer.,Review,0.982,We recommended **Review** (trained WITH inferred-interval features) because the billing-cycle signal is too uncertain (confidence 30% for “irregular / no clear calendar billing cycle”). Thin or ambiguous history is treated as a data-quality issue — we do not auto Continue or auto No-Go until the cycle is clearer.,Review,0.9697,We recommended **Review** (trained WITHOUT inferred-interval features) because the billing-cycle signal is too uncertain (confidence 30% for “irregular / no clear calendar billing cycle”). Thin or ambiguous history is treated as a data-quality issue — we do not auto Continue or auto No-Go until the cycle is clearer.,true,"Both models agree on **Review**. Adding the inferred interval changed churn probability by +1.2% (with=98%, without=97%).",20260712_032913,10,1.0
gRO4ArmhWi1vavZp,2025-03-05,annual,0.6635,"We inferred **annual billing (about once a year)** because the typical gap between billing days is about 1 days, which matches annual billing (about once a year) across 10 observed cycle(s) (about 100% of gaps fit that pattern) and spacing looks somewhat uneven Confidence in this label is **66%**.",No-Go,high_churn_risk,"churn_prob 0.99 vs Continue<= 0.45, No-Go>= 0.70.",true,0.9861,273.51,"Using the model **trained WITH inferred-interval features**, predicted chance of dollar churn is **99%** (high risk). That sits above the No-Go threshold, and interval confidence (66%) is high enough to auto-decide, so the recommendation is **No-Go** — decline or escalate for credit risk.",No-Go,0.9861,"Using the model **trained WITH inferred-interval features**, predicted chance of dollar churn is **99%** (high risk). That sits above the No-Go threshold, and interval confidence (66%) is high enough to auto-decide, so the recommendation is **No-Go** — decline or escalate for credit risk.",No-Go,0.9697,"Using the model **trained WITHOUT inferred-interval features**, predicted chance of dollar churn is **97%** (high risk). That sits above the No-Go threshold, and interval confidence (66%) is high enough to auto-decide, so the recommendation is **No-Go** — decline or escalate for credit risk.",true,"Both models agree on **No-Go**. Adding the inferred interval changed churn probability by +1.6% (with=99%, without=97%).",20260712_032913,11,1.0
oYeZpKh3kElybaai,2025-03-05,irregular,0.1275,We inferred **irregular / no clear calendar billing cycle** because the gaps between invoices (typical gap ≈ 1 days) do not line up cleanly with monthly / quarterly / semi-annual / annual calendars Confidence in this label is **13%**.,Review,low_interval_confidence,interval_confidence 0.13 < 0.50; insufficient billing history to auto-decide (data-quality guardrail).,false,0.99,340.88,We recommended **Review** (trained WITH inferred-interval features) because the billing-cycle signal is too uncertain (confidence 13% for “irregular / no clear calendar billing cycle”). Thin or ambiguous history is treated as a data-quality issue — we do not auto Continue or auto No-Go until the cycle is clearer.,Review,0.99,We recommended **Review** (trained WITH inferred-interval features) because the billing-cycle signal is too uncertain (confidence 13% for “irregular / no clear calendar billing cycle”). Thin or ambiguous history is treated as a data-quality issue — we do not auto Continue or auto No-Go until the cycle is clearer.,Review,0.9697,We recommended **Review** (trained WITHOUT inferred-interval features) because the billing-cycle signal is too uncertain (confidence 13% for “irregular / no clear calendar billing cycle”). Thin or ambiguous history is treated as a data-quality issue — we do not auto Continue or auto No-Go until the cycle is clearer.,true,"Both models agree on **Review**. Adding the inferred interval changed churn probability by +2.0% (with=99%, without=97%).",20260712_032913,11,1.0
eB8UO9naK5UDRfXw,2025-03-05,irregular,0.0892,We inferred **irregular / no clear calendar billing cycle** because the gaps between invoices (typical gap ≈ 1 days) do not line up cleanly with monthly / quarterly / semi-annual / annual calendars Confidence in this label is **9%**.,Review,low_interval_confidence,interval_confidence 0.09 < 0.50; insufficient billing history to auto-decide (data-quality guardrail).,false,0.99,340.88,We recommended **Review** (trained WITH inferred-interval features) because the billing-cycle signal is too uncertain (confidence 9% for “irregular / no clear calendar billing cycle”). Thin or ambiguous history is treated as a data-quality issue — we do not auto Continue or auto No-Go until the cycle is clearer.,Review,0.99,We recommended **Review** (trained WITH inferred-interval features) because the billing-cycle signal is too uncertain (confidence 9% for “irregular / no clear calendar billing cycle”). Thin or ambiguous history is treated as a data-quality issue — we do not auto Continue or auto No-Go until the cycle is clearer.,Review,0.9697,We recommended **Review** (trained WITHOUT inferred-interval features) because the billing-cycle signal is too uncertain (confidence 9% for “irregular / no clear calendar billing cycle”). Thin or ambiguous history is treated as a data-quality issue — we do not auto Continue or auto No-Go until the cycle is clearer.,true,"Both models agree on **Review**. Adding the inferred interval changed churn probability by +2.0% (with=99%, without=97%).",20260712_032913,11,1.0
w97YB8HmdqRspvSV,2025-03-05,annual,0.8653,"We inferred **annual billing (about once a year)** because the typical gap between billing days is about 366 days, which matches annual billing (about once a year) across 2 observed cycle(s) (about 100% of gaps fit that pattern) and spacing looks very regular Confidence in this label is **87%**.",Review,borderline_churn_risk,"churn_prob 0.50 vs Continue<= 0.45, No-Go>= 0.70.",false,0.4952,301.05,"Using the model **trained WITH inferred-interval features**, predicted chance of dollar churn is **50%** (elevated risk). That sits between the Continue and No-Go bands (or still needs analyst judgment), so the recommendation is **Review**.",Review,0.4952,"Using the model **trained WITH inferred-interval features**, predicted chance of dollar churn is **50%** (elevated risk). That sits between the Continue and No-Go bands (or still needs analyst judgment), so the recommendation is **Review**.",Review,0.6091,"Using the model **trained WITHOUT inferred-interval features**, predicted chance of dollar churn is **61%** (elevated risk). That sits between the Continue and No-Go bands (or still needs analyst judgment), so the recommendation is **Review**.",true,"Both models agree on **Review**. Adding the inferred interval changed churn probability by -11.4% (with=50%, without=61%).",20260712_032913,3,365.5
uVrCor8V9AuWfU9x,2025-03-05,annual,0.5642,"We inferred **annual billing (about once a year)** because the typical gap between billing days is about 185 days, which matches annual billing (about once a year) across 4 observed cycle(s) (about 100% of gaps fit that pattern) and spacing looks somewhat uneven Confidence in this label is **56%**.",No-Go,high_churn_risk,"churn_prob 0.97 vs Continue<= 0.45, No-Go>= 0.70.",true,0.9685,1045.97,"Using the model **trained WITH inferred-interval features**, predicted chance of dollar churn is **97%** (high risk). That sits above the No-Go threshold, and interval confidence (56%) is high enough to auto-decide, so the recommendation is **No-Go** — decline or escalate for credit risk.",No-Go,0.9685,"Using the model **trained WITH inferred-interval features**, predicted chance of dollar churn is **97%** (high risk). That sits above the No-Go threshold, and interval confidence (56%) is high enough to auto-decide, so the recommendation is **No-Go** — decline or escalate for credit risk.",No-Go,0.9718,"Using the model **trained WITHOUT inferred-interval features**, predicted chance of dollar churn is **97%** (high risk). That sits above the No-Go threshold, and interval confidence (56%) is high enough to auto-decide, so the recommendation is **No-Go** — decline or escalate for credit risk.",true,"Both models agree on **No-Go**. Adding the inferred interval changed churn probability by -0.3% (with=97%, without=97%).",20260712_032913,5,185.0
gtZWnKhS7XsN4PME,2025-03-05,monthly,0.6152,"We inferred **monthly billing (about every month)** because the typical gap between billing days is about 1 days, which matches monthly billing (about every month) across 16 observed cycle(s) (about 100% of gaps fit that pattern) and spacing looks somewhat uneven Confidence in this label is **62%**.",No-Go,high_churn_risk,"churn_prob 0.99 vs Continue<= 0.45, No-Go>= 0.70.",true,0.9948,5.29,"Using the model **trained WITH inferred-interval features**, predicted chance of dollar churn is **99%** (high risk). That sits above the No-Go threshold, and interval confidence (62%) is high enough to auto-decide, so the recommendation is **No-Go** — decline or escalate for credit risk.",No-Go,0.9948,"Using the model **trained WITH inferred-interval features**, predicted chance of dollar churn is **99%** (high risk). That sits above the No-Go threshold, and interval confidence (62%) is high enough to auto-decide, so the recommendation is **No-Go** — decline or escalate for credit risk.",No-Go,0.9927,"Using the model **trained WITHOUT inferred-interval features**, predicted chance of dollar churn is **99%** (high risk). That sits above the No-Go threshold, and interval confidence (62%) is high enough to auto-decide, so the recommendation is **No-Go** — decline or escalate for credit risk.",true,"Both models agree on **No-Go**. Adding the inferred interval changed churn probability by +0.2% (with=99%, without=99%).",20260712_032913,17,1.0
bAhyl2RE6zcnTByv,2025-03-05,monthly,0.7433,"We inferred **monthly billing (about every month)** because the typical gap between billing days is about 30 days, which matches monthly billing (about every month) across 28 observed cycle(s) (about 100% of gaps fit that pattern) and spacing looks fairly regular Confidence in this label is **74%**.",Review,borderline_churn_risk,"churn_prob 0.45 vs Continue<= 0.45, No-Go>= 0.70.",false,0.4503,193.41,"Using the model **trained WITH inferred-interval features**, predicted chance of dollar churn is **45%** (elevated risk). That sits between the Continue and No-Go bands (or still needs analyst judgment), so the recommendation is **Review**.",Review,0.4503,"Using the model **trained WITH inferred-interval features**, predicted chance of dollar churn is **45%** (elevated risk). That sits between the Continue and No-Go bands (or still needs analyst judgment), so the recommendation is **Review**.",Continue,0.4412,"Using the model **trained WITHOUT inferred-interval features**, predicted chance of dollar churn is **44%** (elevated risk). That sits below the Continue threshold, and interval confidence (74%) is high enough to auto-decide, so the recommendation is **Continue** — proceed with onboarding.",false,"The models **disagree**: with interval → **Review**, without interval → **Continue**. Churn probability shifts from 44% (no interval) to 45% (with interval), Δ=+0.9%. This is exactly the decision-relevant value of the inferred cycle.",20260712_032913,29,30.0
A30tS9DcaRG63olN,2025-03-05,one_time_candidate,0.95,We inferred **looks like a one-time / non-recurring charge pattern** because there is essentially a single invoice followed by a long quiet period with no repeat billing Confidence in this label is **95%**.,Review,borderline_churn_risk,"churn_prob 0.63 vs Continue<= 0.45, No-Go>= 0.70.",false,0.6331,49.33,"Using the model **trained WITH inferred-interval features**, predicted chance of dollar churn is **63%** (elevated risk). That sits between the Continue and No-Go bands (or still needs analyst judgment), so the recommendation is **Review**.",Review,0.6331,"Using the model **trained WITH inferred-interval features**, predicted chance of dollar churn is **63%** (elevated risk). That sits between the Continue and No-Go bands (or still needs analyst judgment), so the recommendation is **Review**.",Review,0.4908,"Using the model **trained WITHOUT inferred-interval features**, predicted chance of dollar churn is **49%** (elevated risk). That sits between the Continue and No-Go bands (or still needs analyst judgment), so the recommendation is **Review**.",true,"Both models agree on **Review**. Adding the inferred interval changed churn probability by +14.2% (with=63%, without=49%).",20260712_032913,1,
GbqVsuuTkJJ418pP,2025-03-05,monthly,0.5288,"We inferred **monthly billing (about every month)** because the typical gap between billing days is about 1 days, which matches monthly billing (about every month) across 10 observed cycle(s) (about 100% of gaps fit that pattern) and spacing looks somewhat uneven Confidence in this label is **53%**.",No-Go,high_churn_risk,"churn_prob 0.99 vs Continue<= 0.45, No-Go>= 0.70.",true,0.99,95.7,"Using the model **trained WITH inferred-interval features**, predicted chance of dollar churn is **99%** (high risk). That sits above the No-Go threshold, and interval confidence (53%) is high enough to auto-decide, so the recommendation is **No-Go** — decline or escalate for credit risk.",No-Go,0.99,"Using the model **trained WITH inferred-interval features**, predicted chance of dollar churn is **99%** (high risk). That sits above the No-Go threshold, and interval confidence (53%) is high enough to auto-decide, so the recommendation is **No-Go** — decline or escalate for credit risk.",No-Go,0.9927,"Using the model **trained WITHOUT inferred-interval features**, predicted chance of dollar churn is **99%** (high risk). That sits above the No-Go threshold, and interval confidence (53%) is high enough to auto-decide, so the recommendation is **No-Go** — decline or escalate for credit risk.",true,"Both models agree on **No-Go**. Adding the inferred interval changed churn probability by -0.3% (with=99%, without=99%).",20260712_032913,11,1.0
NLlYWeTV5YRm88Hm,2025-03-05,irregular,0.1275,We inferred **irregular / no clear calendar billing cycle** because the gaps between invoices (typical gap ≈ 1 days) do not line up cleanly with monthly / quarterly / semi-annual / annual calendars Confidence in this label is **13%**.,Review,low_interval_confidence,interval_confidence 0.13 < 0.50; insufficient billing history to auto-decide (data-quality guardrail).,false,0.99,340.88,We recommended **Review** (trained WITH inferred-interval features) because the billing-cycle signal is too uncertain (confidence 13% for “irregular / no clear calendar billing cycle”). Thin or ambiguous history is treated as a data-quality issue — we do not auto Continue or auto No-Go until the cycle is clearer.,Review,0.99,We recommended **Review** (trained WITH inferred-interval features) because the billing-cycle signal is too uncertain (confidence 13% for “irregular / no clear calendar billing cycle”). Thin or ambiguous history is treated as a data-quality issue — we do not auto Continue or auto No-Go until the cycle is clearer.,Review,0.9697,We recommended **Review** (trained WITHOUT inferred-interval features) because the billing-cycle signal is too uncertain (confidence 13% for “irregular / no clear calendar billing cycle”). Thin or ambiguous history is treated as a data-quality issue — we do not auto Continue or auto No-Go until the cycle is clearer.,true,"Both models agree on **Review**. Adding the inferred interval changed churn probability by +2.0% (with=99%, without=97%).",20260712_032913,11,1.0
yCb1DuJb5SFqCupd,2025-03-05,irregular,0.0892,We inferred **irregular / no clear calendar billing cycle** because the gaps between invoices (typical gap ≈ 1 days) do not line up cleanly with monthly / quarterly / semi-annual / annual calendars Confidence in this label is **9%**.,Review,low_interval_confidence,interval_confidence 0.09 < 0.50; insufficient billing history to auto-decide (data-quality guardrail).,false,0.99,75.13,We recommended **Review** (trained WITH inferred-interval features) because the billing-cycle signal is too uncertain (confidence 9% for “irregular / no clear calendar billing cycle”). Thin or ambiguous history is treated as a data-quality issue — we do not auto Continue or auto No-Go until the cycle is clearer.,Review,0.99,We recommended **Review** (trained WITH inferred-interval features) because the billing-cycle signal is too uncertain (confidence 9% for “irregular / no clear calendar billing cycle”). Thin or ambiguous history is treated as a data-quality issue — we do not auto Continue or auto No-Go until the cycle is clearer.,Review,0.9914,We recommended **Review** (trained WITHOUT inferred-interval features) because the billing-cycle signal is too uncertain (confidence 9% for “irregular / no clear calendar billing cycle”). Thin or ambiguous history is treated as a data-quality issue — we do not auto Continue or auto No-Go until the cycle is clearer.,true,"Both models agree on **Review**. Adding the inferred interval changed churn probability by -0.1% (with=99%, without=99%).",20260712_032913,11,1.0
cYIcfjDqGGrLUQy8,2025-03-05,monthly,0.5438,"We inferred **monthly billing (about every month)** because the typical gap between billing days is about 8 days, which matches monthly billing (about every month) across 63 observed cycle(s) (about 100% of gaps fit that pattern) and spacing looks somewhat uneven Confidence in this label is **54%**.",No-Go,high_churn_risk,"churn_prob 0.80 vs Continue<= 0.45, No-Go>= 0.70.",true,0.8031,170.1,"Using the model **trained WITH inferred-interval features**, predicted chance of dollar churn is **80%** (high risk). That sits above the No-Go threshold, and interval confidence (54%) is high enough to auto-decide, so the recommendation is **No-Go** — decline or escalate for credit risk.",No-Go,0.8031,"Using the model **trained WITH inferred-interval features**, predicted chance of dollar churn is **80%** (high risk). That sits above the No-Go threshold, and interval confidence (54%) is high enough to auto-decide, so the recommendation is **No-Go** — decline or escalate for credit risk.",No-Go,0.9461,"Using the model **trained WITHOUT inferred-interval features**, predicted chance of dollar churn is **95%** (high risk). That sits above the No-Go threshold, and interval confidence (54%) is high enough to auto-decide, so the recommendation is **No-Go** — decline or escalate for credit risk.",true,"Both models agree on **No-Go**. Adding the inferred interval changed churn probability by -14.3% (with=80%, without=95%).",20260712_032913,64,8.0
tCh0KHy2t6s9oQHi,2025-03-05,irregular,0.3,We inferred **irregular / no clear calendar billing cycle** because the gaps between invoices (typical gap ≈ 1 days) do not line up cleanly with monthly / quarterly / semi-annual / annual calendars Confidence in this label is **30%**.,Review,low_interval_confidence,interval_confidence 0.30 < 0.50; insufficient billing history to auto-decide (data-quality guardrail).,false,0.99,62.28,We recommended **Review** (trained WITH inferred-interval features) because the billing-cycle signal is too uncertain (confidence 30% for “irregular / no clear calendar billing cycle”). Thin or ambiguous history is treated as a data-quality issue — we do not auto Continue or auto No-Go until the cycle is clearer.,Review,0.99,We recommended **Review** (trained WITH inferred-interval features) because the billing-cycle signal is too uncertain (confidence 30% for “irregular / no clear calendar billing cycle”). Thin or ambiguous history is treated as a data-quality issue — we do not auto Continue or auto No-Go until the cycle is clearer.,Review,0.9856,We recommended **Review** (trained WITHOUT inferred-interval features) because the billing-cycle signal is too uncertain (confidence 30% for “irregular / no clear calendar billing cycle”). Thin or ambiguous history is treated as a data-quality issue — we do not auto Continue or auto No-Go until the cycle is clearer.,true,"Both models agree on **Review**. Adding the inferred interval changed churn probability by +0.4% (with=99%, without=99%).",20260712_032913,11,1.0
iJppHjbkAQ5bdEPZ,2025-03-05,annual,0.7997,"We inferred **annual billing (about once a year)** because the typical gap between billing days is about 365 days, which matches annual billing (about once a year) across 1 observed cycle(s) (about 100% of gaps fit that pattern) Confidence in this label is **80%**.",No-Go,high_churn_risk,"churn_prob 0.83 vs Continue<= 0.45, No-Go>= 0.70.",true,0.8318,32.25,"Using the model **trained WITH inferred-interval features**, predicted chance of dollar churn is **83%** (high risk). That sits above the No-Go threshold, and interval confidence (80%) is high enough to auto-decide, so the recommendation is **No-Go** — decline or escalate for credit risk.",No-Go,0.8318,"Using the model **trained WITH inferred-interval features**, predicted chance of dollar churn is **83%** (high risk). That sits above the No-Go threshold, and interval confidence (80%) is high enough to auto-decide, so the recommendation is **No-Go** — decline or escalate for credit risk.",No-Go,0.819,"Using the model **trained WITHOUT inferred-interval features**, predicted chance of dollar churn is **82%** (high risk). That sits above the No-Go threshold, and interval confidence (80%) is high enough to auto-decide, so the recommendation is **No-Go** — decline or escalate for credit risk.",true,"Both models agree on **No-Go**. Adding the inferred interval changed churn probability by +1.3% (with=83%, without=82%).",20260712_032913,2,365.0
8LUbiopxkIb4t65R,2025-03-05,annual,0.6635,"We inferred **annual billing (about once a year)** because the typical gap between billing days is about 1 days, which matches annual billing (about once a year) across 10 observed cycle(s) (about 100% of gaps fit that pattern) and spacing looks somewhat uneven Confidence in this label is **66%**.",No-Go,high_churn_risk,"churn_prob 0.99 vs Continue<= 0.45, No-Go>= 0.70.",true,0.9861,273.51,"Using the model **trained WITH inferred-interval features**, predicted chance of dollar churn is **99%** (high risk). That sits above the No-Go threshold, and interval confidence (66%) is high enough to auto-decide, so the recommendation is **No-Go** — decline or escalate for credit risk.",No-Go,0.9861,"Using the model **trained WITH inferred-interval features**, predicted chance of dollar churn is **99%** (high risk). That sits above the No-Go threshold, and interval confidence (66%) is high enough to auto-decide, so the recommendation is **No-Go** — decline or escalate for credit risk.",No-Go,0.9697,"Using the model **trained WITHOUT inferred-interval features**, predicted chance of dollar churn is **97%** (high risk). That sits above the No-Go threshold, and interval confidence (66%) is high enough to auto-decide, so the recommendation is **No-Go** — decline or escalate for credit risk.",true,"Both models agree on **No-Go**. Adding the inferred interval changed churn probability by +1.6% (with=99%, without=97%).",20260712_032913,11,1.0
JhU4sllkDsx0nAbJ,2025-03-05,irregular,0.3,We inferred **irregular / no clear calendar billing cycle** because the gaps between invoices (typical gap ≈ 1 days) do not line up cleanly with monthly / quarterly / semi-annual / annual calendars Confidence in this label is **30%**.,Review,low_interval_confidence,interval_confidence 0.30 < 0.50; insufficient billing history to auto-decide (data-quality guardrail).,false,0.982,191.94,We recommended **Review** (trained WITH inferred-interval features) because the billing-cycle signal is too uncertain (confidence 30% for “irregular / no clear calendar billing cycle”). Thin or ambiguous history is treated as a data-quality issue — we do not auto Continue or auto No-Go until the cycle is clearer.,Review,0.982,We recommended **Review** (trained WITH inferred-interval features) because the billing-cycle signal is too uncertain (confidence 30% for “irregular / no clear calendar billing cycle”). Thin or ambiguous history is treated as a data-quality issue — we do not auto Continue or auto No-Go until the cycle is clearer.,Review,0.9697,We recommended **Review** (trained WITHOUT inferred-interval features) because the billing-cycle signal is too uncertain (confidence 30% for “irregular / no clear calendar billing cycle”). Thin or ambiguous history is treated as a data-quality issue — we do not auto Continue or auto No-Go until the cycle is clearer.,true,"Both models agree on **Review**. Adding the inferred interval changed churn probability by +1.2% (with=98%, without=97%).",20260712_032913,10,1.0
ryrt5vXAX0NM2018,2025-03-05,monthly,0.5841,"We inferred **monthly billing (about every month)** because the typical gap between billing days is about 1 days, which matches monthly billing (about every month) across 11 observed cycle(s) (about 100% of gaps fit that pattern) and spacing looks somewhat uneven Confidence in this label is **58%**.",No-Go,high_churn_risk,"churn_prob 0.99 vs Continue<= 0.45, No-Go>= 0.70.",true,0.9948,179.76,"Using the model **trained WITH inferred-interval features**, predicted chance of dollar churn is **99%** (high risk). That sits above the No-Go threshold, and interval confidence (58%) is high enough to auto-decide, so the recommendation is **No-Go** — decline or escalate for credit risk.",No-Go,0.9948,"Using the model **trained WITH inferred-interval features**, predicted chance of dollar churn is **99%** (high risk). That sits above the No-Go threshold, and interval confidence (58%) is high enough to auto-decide, so the recommendation is **No-Go** — decline or escalate for credit risk.",No-Go,0.9927,"Using the model **trained WITHOUT inferred-interval features**, predicted chance of dollar churn is **99%** (high risk). That sits above the No-Go threshold, and interval confidence (58%) is high enough to auto-decide, so the recommendation is **No-Go** — decline or escalate for credit risk.",true,"Both models agree on **No-Go**. Adding the inferred interval changed churn probability by +0.2% (with=99%, without=99%).",20260712_032913,12,1.0
LIR0PSRr2iiAn5Wp,2025-03-05,monthly,0.5,"We inferred **monthly billing (about every month)** because the typical gap between billing days is about 30 days, which matches monthly billing (about every month) across 7 observed cycle(s) (about 100% of gaps fit that pattern) and spacing looks somewhat uneven Confidence in this label is **50%**.",No-Go,high_churn_risk,"churn_prob 0.75 vs Continue<= 0.45, No-Go>= 0.70.",true,0.7471,19.01,"Using the model **trained WITH inferred-interval features**, predicted chance of dollar churn is **75%** (high risk). That sits above the No-Go threshold, and interval confidence (50%) is high enough to auto-decide, so the recommendation is **No-Go** — decline or escalate for credit risk.",No-Go,0.7471,"Using the model **trained WITH inferred-interval features**, predicted chance of dollar churn is **75%** (high risk). That sits above the No-Go threshold, and interval confidence (50%) is high enough to auto-decide, so the recommendation is **No-Go** — decline or escalate for credit risk.",No-Go,0.8613,"Using the model **trained WITHOUT inferred-interval features**, predicted chance of dollar churn is **86%** (high risk). That sits above the No-Go threshold, and interval confidence (50%) is high enough to auto-decide, so the recommendation is **No-Go** — decline or escalate for credit risk.",true,"Both models agree on **No-Go**. Adding the inferred interval changed churn probability by -11.4% (with=75%, without=86%).",20260712_032913,8,30.0
Nh4zPUGkTt6kDCQP,2025-03-05,irregular,0.3,We inferred **irregular / no clear calendar billing cycle** because the gaps between invoices (typical gap ≈ 1 days) do not line up cleanly with monthly / quarterly / semi-annual / annual calendars Confidence in this label is **30%**.,Review,low_interval_confidence,interval_confidence 0.30 < 0.50; insufficient billing history to auto-decide (data-quality guardrail).,false,0.982,191.94,We recommended **Review** (trained WITH inferred-interval features) because the billing-cycle signal is too uncertain (confidence 30% for “irregular / no clear calendar billing cycle”). Thin or ambiguous history is treated as a data-quality issue — we do not auto Continue or auto No-Go until the cycle is clearer.,Review,0.982,We recommended **Review** (trained WITH inferred-interval features) because the billing-cycle signal is too uncertain (confidence 30% for “irregular / no clear calendar billing cycle”). Thin or ambiguous history is treated as a data-quality issue — we do not auto Continue or auto No-Go until the cycle is clearer.,Review,0.9697,We recommended **Review** (trained WITHOUT inferred-interval features) because the billing-cycle signal is too uncertain (confidence 30% for “irregular / no clear calendar billing cycle”). Thin or ambiguous history is treated as a data-quality issue — we do not auto Continue or auto No-Go until the cycle is clearer.,true,"Both models agree on **Review**. Adding the inferred interval changed churn probability by +1.2% (with=98%, without=97%).",20260712_032913,10,1.0
M6m7TSqpRTzGe5Np,2025-03-05,irregular,0.0892,We inferred **irregular / no clear calendar billing cycle** because the gaps between invoices (typical gap ≈ 1 days) do not line up cleanly with monthly / quarterly / semi-annual / annual calendars Confidence in this label is **9%**.,Review,low_interval_confidence,interval_confidence 0.09 < 0.50; insufficient billing history to auto-decide (data-quality guardrail).,false,0.99,75.13,We recommended **Review** (trained WITH inferred-interval features) because the billing-cycle signal is too uncertain (confidence 9% for “irregular / no clear calendar billing cycle”). Thin or ambiguous history is treated as a data-quality issue — we do not auto Continue or auto No-Go until the cycle is clearer.,Review,0.99,We recommended **Review** (trained WITH inferred-interval features) because the billing-cycle signal is too uncertain (confidence 9% for “irregular / no clear calendar billing cycle”). Thin or ambiguous history is treated as a data-quality issue — we do not auto Continue or auto No-Go until the cycle is clearer.,Review,0.9914,We recommended **Review** (trained WITHOUT inferred-interval features) because the billing-cycle signal is too uncertain (confidence 9% for “irregular / no clear calendar billing cycle”). Thin or ambiguous history is treated as a data-quality issue — we do not auto Continue or auto No-Go until the cycle is clearer.,true,"Both models agree on **Review**. Adding the inferred interval changed churn probability by -0.1% (with=99%, without=99%).",20260712_032913,11,1.0
8wamMqyCNNeWcPBT,2025-03-05,irregular,0.3,We inferred **irregular / no clear calendar billing cycle** because the gaps between invoices (typical gap ≈ 1 days) do not line up cleanly with monthly / quarterly / semi-annual / annual calendars Confidence in this label is **30%**.,Review,low_interval_confidence,interval_confidence 0.30 < 0.50; insufficient billing history to auto-decide (data-quality guardrail).,false,0.99,62.28,We recommended **Review** (trained WITH inferred-interval features) because the billing-cycle signal is too uncertain (confidence 30% for “irregular / no clear calendar billing cycle”). Thin or ambiguous history is treated as a data-quality issue — we do not auto Continue or auto No-Go until the cycle is clearer.,Review,0.99,We recommended **Review** (trained WITH inferred-interval features) because the billing-cycle signal is too uncertain (confidence 30% for “irregular / no clear calendar billing cycle”). Thin or ambiguous history is treated as a data-quality issue — we do not auto Continue or auto No-Go until the cycle is clearer.,Review,0.9856,We recommended **Review** (trained WITHOUT inferred-interval features) because the billing-cycle signal is too uncertain (confidence 30% for “irregular / no clear calendar billing cycle”). Thin or ambiguous history is treated as a data-quality issue — we do not auto Continue or auto No-Go until the cycle is clearer.,true,"Both models agree on **Review**. Adding the inferred interval changed churn probability by +0.4% (with=99%, without=99%).",20260712_032913,11,1.0
QAzMNiqoRhPACy23,2025-03-05,one_time_candidate,0.9475,We inferred **looks like a one-time / non-recurring charge pattern** because there is essentially a single invoice followed by a long quiet period with no repeat billing Confidence in this label is **95%**.,Review,borderline_churn_risk,"churn_prob 0.57 vs Continue<= 0.45, No-Go>= 0.70.",false,0.5736,44.69,"Using the model **trained WITH inferred-interval features**, predicted chance of dollar churn is **57%** (elevated risk). That sits between the Continue and No-Go bands (or still needs analyst judgment), so the recommendation is **Review**.",Review,0.5736,"Using the model **trained WITH inferred-interval features**, predicted chance of dollar churn is **57%** (elevated risk). That sits between the Continue and No-Go bands (or still needs analyst judgment), so the recommendation is **Review**.",Review,0.4908,"Using the model **trained WITHOUT inferred-interval features**, predicted chance of dollar churn is **49%** (elevated risk). That sits between the Continue and No-Go bands (or still needs analyst judgment), so the recommendation is **Review**.",true,"Both models agree on **Review**. Adding the inferred interval changed churn probability by +8.3% (with=57%, without=49%).",20260712_032913,1,
gMr9QCeRV40dXv1e,2025-03-05,monthly,0.5351,"We inferred **monthly billing (about every month)** because the typical gap between billing days is about 1 days, which matches monthly billing (about every month) across 9 observed cycle(s) (about 100% of gaps fit that pattern) and spacing looks somewhat uneven Confidence in this label is **54%**.",No-Go,high_churn_risk,"churn_prob 0.99 vs Continue<= 0.45, No-Go>= 0.70.",true,0.99,8.22,"Using the model **trained WITH inferred-interval features**, predicted chance of dollar churn is **99%** (high risk). That sits above the No-Go threshold, and interval confidence (54%) is high enough to auto-decide, so the recommendation is **No-Go** — decline or escalate for credit risk.",No-Go,0.99,"Using the model **trained WITH inferred-interval features**, predicted chance of dollar churn is **99%** (high risk). That sits above the No-Go threshold, and interval confidence (54%) is high enough to auto-decide, so the recommendation is **No-Go** — decline or escalate for credit risk.",No-Go,0.9914,"Using the model **trained WITHOUT inferred-interval features**, predicted chance of dollar churn is **99%** (high risk). That sits above the No-Go threshold, and interval confidence (54%) is high enough to auto-decide, so the recommendation is **No-Go** — decline or escalate for credit risk.",true,"Both models agree on **No-Go**. Adding the inferred interval changed churn probability by -0.1% (with=99%, without=99%).",20260712_032913,10,1.0
DmYnRryjBgivGJYw,2025-03-05,one_time_candidate,0.925,We inferred **looks like a one-time / non-recurring charge pattern** because there is essentially a single invoice followed by a long quiet period with no repeat billing Confidence in this label is **92%**.,Review,borderline_churn_risk,"churn_prob 0.63 vs Continue<= 0.45, No-Go>= 0.70.",false,0.6331,49.53,"Using the model **trained WITH inferred-interval features**, predicted chance of dollar churn is **63%** (elevated risk). That sits between the Continue and No-Go bands (or still needs analyst judgment), so the recommendation is **Review**.",Review,0.6331,"Using the model **trained WITH inferred-interval features**, predicted chance of dollar churn is **63%** (elevated risk). That sits between the Continue and No-Go bands (or still needs analyst judgment), so the recommendation is **Review**.",Review,0.4946,"Using the model **trained WITHOUT inferred-interval features**, predicted chance of dollar churn is **49%** (elevated risk). That sits between the Continue and No-Go bands (or still needs analyst judgment), so the recommendation is **Review**.",true,"Both models agree on **Review**. Adding the inferred interval changed churn probability by +13.9% (with=63%, without=49%).",20260712_032913,1,
CrbJtTYbOplZHtDb,2025-03-05,one_time_candidate,0.9475,We inferred **looks like a one-time / non-recurring charge pattern** because there is essentially a single invoice followed by a long quiet period with no repeat billing Confidence in this label is **95%**.,Review,borderline_churn_risk,"churn_prob 0.57 vs Continue<= 0.45, No-Go>= 0.70.",false,0.5736,44.69,"Using the model **trained WITH inferred-interval features**, predicted chance of dollar churn is **57%** (elevated risk). That sits between the Continue and No-Go bands (or still needs analyst judgment), so the recommendation is **Review**.",Review,0.5736,"Using the model **trained WITH inferred-interval features**, predicted chance of dollar churn is **57%** (elevated risk). That sits between the Continue and No-Go bands (or still needs analyst judgment), so the recommendation is **Review**.",Review,0.4908,"Using the model **trained WITHOUT inferred-interval features**, predicted chance of dollar churn is **49%** (elevated risk). That sits between the Continue and No-Go bands (or still needs analyst judgment), so the recommendation is **Review**.",true,"Both models agree on **Review**. Adding the inferred interval changed churn probability by +8.3% (with=57%, without=49%).",20260712_032913,1,
HfzfwAlVdge7ywlQ,2025-03-05,monthly,0.5288,"We inferred **monthly billing (about every month)** because the typical gap between billing days is about 1 days, which matches monthly billing (about every month) across 10 observed cycle(s) (about 100% of gaps fit that pattern) and spacing looks somewhat uneven Confidence in this label is **53%**.",No-Go,high_churn_risk,"churn_prob 0.99 vs Continue<= 0.45, No-Go>= 0.70.",true,0.99,8.93,"Using the model **trained WITH inferred-interval features**, predicted chance of dollar churn is **99%** (high risk). That sits above the No-Go threshold, and interval confidence (53%) is high enough to auto-decide, so the recommendation is **No-Go** — decline or escalate for credit risk.",No-Go,0.99,"Using the model **trained WITH inferred-interval features**, predicted chance of dollar churn is **99%** (high risk). That sits above the No-Go threshold, and interval confidence (53%) is high enough to auto-decide, so the recommendation is **No-Go** — decline or escalate for credit risk.",No-Go,0.9927,"Using the model **trained WITHOUT inferred-interval features**, predicted chance of dollar churn is **99%** (high risk). That sits above the No-Go threshold, and interval confidence (53%) is high enough to auto-decide, so the recommendation is **No-Go** — decline or escalate for credit risk.",true,"Both models agree on **No-Go**. Adding the inferred interval changed churn probability by -0.3% (with=99%, without=99%).",20260712_032913,11,1.0
VzVVeyG6H6wPYBeD,2025-03-05,monthly,0.4035,"We inferred **monthly billing (about every month)** because the typical gap between billing days is about 166 days, which matches monthly billing (about every month) across 2 observed cycle(s) (about 100% of gaps fit that pattern) and spacing looks somewhat uneven Confidence in this label is **40%**.",Review,low_interval_confidence,interval_confidence 0.40 < 0.50; insufficient billing history to auto-decide (data-quality guardrail).,false,0.9033,22.3,We recommended **Review** (trained WITH inferred-interval features) because the billing-cycle signal is too uncertain (confidence 40% for “monthly billing (about every month)”). Thin or ambiguous history is treated as a data-quality issue — we do not auto Continue or auto No-Go until the cycle is clearer.,Review,0.9033,We recommended **Review** (trained WITH inferred-interval features) because the billing-cycle signal is too uncertain (confidence 40% for “monthly billing (about every month)”). Thin or ambiguous history is treated as a data-quality issue — we do not auto Continue or auto No-Go until the cycle is clearer.,Review,0.8613,We recommended **Review** (trained WITHOUT inferred-interval features) because the billing-cycle signal is too uncertain (confidence 40% for “monthly billing (about every month)”). Thin or ambiguous history is treated as a data-quality issue — we do not auto Continue or auto No-Go until the cycle is clearer.,true,"Both models agree on **Review**. Adding the inferred interval changed churn probability by +4.2% (with=90%, without=86%).",20260712_032913,3,166.5
gGaY5ZXJ4C9d5ihQ,2025-03-05,annual,0.6635,"We inferred **annual billing (about once a year)** because the typical gap between billing days is about 1 days, which matches annual billing (about once a year) across 10 observed cycle(s) (about 100% of gaps fit that pattern) and spacing looks somewhat uneven Confidence in this label is **66%**.",No-Go,high_churn_risk,"churn_prob 0.99 vs Continue<= 0.45, No-Go>= 0.70.",true,0.9861,273.51,"Using the model **trained WITH inferred-interval features**, predicted chance of dollar churn is **99%** (high risk). That sits above the No-Go threshold, and interval confidence (66%) is high enough to auto-decide, so the recommendation is **No-Go** — decline or escalate for credit risk.",No-Go,0.9861,"Using the model **trained WITH inferred-interval features**, predicted chance of dollar churn is **99%** (high risk). That sits above the No-Go threshold, and interval confidence (66%) is high enough to auto-decide, so the recommendation is **No-Go** — decline or escalate for credit risk.",No-Go,0.9697,"Using the model **trained WITHOUT inferred-interval features**, predicted chance of dollar churn is **97%** (high risk). That sits above the No-Go threshold, and interval confidence (66%) is high enough to auto-decide, so the recommendation is **No-Go** — decline or escalate for credit risk.",true,"Both models agree on **No-Go**. Adding the inferred interval changed churn probability by +1.6% (with=99%, without=97%).",20260712_032913,11,1.0
7SRBGhUsqRm4ogqp,2025-03-05,monthly,0.65,"We inferred **monthly billing (about every month)** because the typical gap between billing days is about 562 days, which matches monthly billing (about every month) across 1 observed cycle(s) (about 100% of gaps fit that pattern) Confidence in this label is **65%**.",No-Go,high_churn_risk,"churn_prob 0.99 vs Continue<= 0.45, No-Go>= 0.70.",true,0.9912,1.82,"Using the model **trained WITH inferred-interval features**, predicted chance of dollar churn is **99%** (high risk). That sits above the No-Go threshold, and interval confidence (65%) is high enough to auto-decide, so the recommendation is **No-Go** — decline or escalate for credit risk.",No-Go,0.9912,"Using the model **trained WITH inferred-interval features**, predicted chance of dollar churn is **99%** (high risk). That sits above the No-Go threshold, and interval confidence (65%) is high enough to auto-decide, so the recommendation is **No-Go** — decline or escalate for credit risk.",No-Go,0.9927,"Using the model **trained WITHOUT inferred-interval features**, predicted chance of dollar churn is **99%** (high risk). That sits above the No-Go threshold, and interval confidence (65%) is high enough to auto-decide, so the recommendation is **No-Go** — decline or escalate for credit risk.",true,"Both models agree on **No-Go**. Adding the inferred interval changed churn probability by -0.1% (with=99%, without=99%).",20260712_032913,2,562.0
HSe4SDY9LzVmCq0z,2025-03-05,irregular,0.05,We inferred **irregular / no clear calendar billing cycle** because the gaps between invoices (typical gap ≈ 1 days) do not line up cleanly with monthly / quarterly / semi-annual / annual calendars Confidence in this label is **5%**.,Review,low_interval_confidence,interval_confidence 0.05 < 0.50; insufficient billing history to auto-decide (data-quality guardrail).,false,0.9861,52.68,We recommended **Review** (trained WITH inferred-interval features) because the billing-cycle signal is too uncertain (confidence 5% for “irregular / no clear calendar billing cycle”). Thin or ambiguous history is treated as a data-quality issue — we do not auto Continue or auto No-Go until the cycle is clearer.,Review,0.9861,We recommended **Review** (trained WITH inferred-interval features) because the billing-cycle signal is too uncertain (confidence 5% for “irregular / no clear calendar billing cycle”). Thin or ambiguous history is treated as a data-quality issue — we do not auto Continue or auto No-Go until the cycle is clearer.,Review,0.9697,We recommended **Review** (trained WITHOUT inferred-interval features) because the billing-cycle signal is too uncertain (confidence 5% for “irregular / no clear calendar billing cycle”). Thin or ambiguous history is treated as a data-quality issue — we do not auto Continue or auto No-Go until the cycle is clearer.,true,"Both models agree on **Review**. Adding the inferred interval changed churn probability by +1.6% (with=99%, without=97%).",20260712_032913,11,1.0
7HlgObMJh9yhRhhz,2025-03-05,monthly,0.5288,"We inferred **monthly billing (about every month)** because the typical gap between billing days is about 1 days, which matches monthly billing (about every month) across 10 observed cycle(s) (about 100% of gaps fit that pattern) and spacing looks somewhat uneven Confidence in this label is **53%**.",No-Go,high_churn_risk,"churn_prob 0.99 vs Continue<= 0.45, No-Go>= 0.70.",true,0.99,8.93,"Using the model **trained WITH inferred-interval features**, predicted chance of dollar churn is **99%** (high risk). That sits above the No-Go threshold, and interval confidence (53%) is high enough to auto-decide, so the recommendation is **No-Go** — decline or escalate for credit risk.",No-Go,0.99,"Using the model **trained WITH inferred-interval features**, predicted chance of dollar churn is **99%** (high risk). That sits above the No-Go threshold, and interval confidence (53%) is high enough to auto-decide, so the recommendation is **No-Go** — decline or escalate for credit risk.",No-Go,0.9927,"Using the model **trained WITHOUT inferred-interval features**, predicted chance of dollar churn is **99%** (high risk). That sits above the No-Go threshold, and interval confidence (53%) is high enough to auto-decide, so the recommendation is **No-Go** — decline or escalate for credit risk.",true,"Both models agree on **No-Go**. Adding the inferred interval changed churn probability by -0.3% (with=99%, without=99%).",20260712_032913,11,1.0
TddMtJiuhXcn7tOu,2025-03-05,irregular,0.1275,We inferred **irregular / no clear calendar billing cycle** because the gaps between invoices (typical gap ≈ 1 days) do not line up cleanly with monthly / quarterly / semi-annual / annual calendars Confidence in this label is **13%**.,Review,low_interval_confidence,interval_confidence 0.13 < 0.50; insufficient billing history to auto-decide (data-quality guardrail).,false,0.99,75.14,We recommended **Review** (trained WITH inferred-interval features) because the billing-cycle signal is too uncertain (confidence 13% for “irregular / no clear calendar billing cycle”). Thin or ambiguous history is treated as a data-quality issue — we do not auto Continue or auto No-Go until the cycle is clearer.,Review,0.99,We recommended **Review** (trained WITH inferred-interval features) because the billing-cycle signal is too uncertain (confidence 13% for “irregular / no clear calendar billing cycle”). Thin or ambiguous history is treated as a data-quality issue — we do not auto Continue or auto No-Go until the cycle is clearer.,Review,0.9914,We recommended **Review** (trained WITHOUT inferred-interval features) because the billing-cycle signal is too uncertain (confidence 13% for “irregular / no clear calendar billing cycle”). Thin or ambiguous history is treated as a data-quality issue — we do not auto Continue or auto No-Go until the cycle is clearer.,true,"Both models agree on **Review**. Adding the inferred interval changed churn probability by -0.1% (with=99%, without=99%).",20260712_032913,11,1.0
VnHVRYZyd3MmjblO,2025-03-05,one_time_candidate,0.9338,We inferred **looks like a one-time / non-recurring charge pattern** because there is essentially a single invoice followed by a long quiet period with no repeat billing Confidence in this label is **93%**.,Review,borderline_churn_risk,"churn_prob 0.57 vs Continue<= 0.45, No-Go>= 0.70.",false,0.5736,44.69,"Using the model **trained WITH inferred-interval features**, predicted chance of dollar churn is **57%** (elevated risk). That sits between the Continue and No-Go bands (or still needs analyst judgment), so the recommendation is **Review**.",Review,0.5736,"Using the model **trained WITH inferred-interval features**, predicted chance of dollar churn is **57%** (elevated risk). That sits between the Continue and No-Go bands (or still needs analyst judgment), so the recommendation is **Review**.",Review,0.4908,"Using the model **trained WITHOUT inferred-interval features**, predicted chance of dollar churn is **49%** (elevated risk). That sits between the Continue and No-Go bands (or still needs analyst judgment), so the recommendation is **Review**.",true,"Both models agree on **Review**. Adding the inferred interval changed churn probability by +8.3% (with=57%, without=49%).",20260712_032913,1,
ADWI7Bp7LVG80EGl,2025-03-05,irregular,0.0892,We inferred **irregular / no clear calendar billing cycle** because the gaps between invoices (typical gap ≈ 1 days) do not line up cleanly with monthly / quarterly / semi-annual / annual calendars Confidence in this label is **9%**.,Review,low_interval_confidence,interval_confidence 0.09 < 0.50; insufficient billing history to auto-decide (data-quality guardrail).,false,0.99,340.88,We recommended **Review** (trained WITH inferred-interval features) because the billing-cycle signal is too uncertain (confidence 9% for “irregular / no clear calendar billing cycle”). Thin or ambiguous history is treated as a data-quality issue — we do not auto Continue or auto No-Go until the cycle is clearer.,Review,0.99,We recommended **Review** (trained WITH inferred-interval features) because the billing-cycle signal is too uncertain (confidence 9% for “irregular / no clear calendar billing cycle”). Thin or ambiguous history is treated as a data-quality issue — we do not auto Continue or auto No-Go until the cycle is clearer.,Review,0.9697,We recommended **Review** (trained WITHOUT inferred-interval features) because the billing-cycle signal is too uncertain (confidence 9% for “irregular / no clear calendar billing cycle”). Thin or ambiguous history is treated as a data-quality issue — we do not auto Continue or auto No-Go until the cycle is clearer.,true,"Both models agree on **Review**. Adding the inferred interval changed churn probability by +2.0% (with=99%, without=97%).",20260712_032913,11,1.0
klFHnQ1qaVgqExM6,2025-03-05,irregular,0.3,We inferred **irregular / no clear calendar billing cycle** because the gaps between invoices (typical gap ≈ 1 days) do not line up cleanly with monthly / quarterly / semi-annual / annual calendars Confidence in this label is **30%**.,Review,low_interval_confidence,interval_confidence 0.30 < 0.50; insufficient billing history to auto-decide (data-quality guardrail).,false,0.99,62.28,We recommended **Review** (trained WITH inferred-interval features) because the billing-cycle signal is too uncertain (confidence 30% for “irregular / no clear calendar billing cycle”). Thin or ambiguous history is treated as a data-quality issue — we do not auto Continue or auto No-Go until the cycle is clearer.,Review,0.99,We recommended **Review** (trained WITH inferred-interval features) because the billing-cycle signal is too uncertain (confidence 30% for “irregular / no clear calendar billing cycle”). Thin or ambiguous history is treated as a data-quality issue — we do not auto Continue or auto No-Go until the cycle is clearer.,Review,0.9856,We recommended **Review** (trained WITHOUT inferred-interval features) because the billing-cycle signal is too uncertain (confidence 30% for “irregular / no clear calendar billing cycle”). Thin or ambiguous history is treated as a data-quality issue — we do not auto Continue or auto No-Go until the cycle is clearer.,true,"Both models agree on **Review**. Adding the inferred interval changed churn probability by +0.4% (with=99%, without=99%).",20260712_032913,11,1.0
nfkktDmT7FonKOuG,2025-03-05,irregular,0.0892,We inferred **irregular / no clear calendar billing cycle** because the gaps between invoices (typical gap ≈ 1 days) do not line up cleanly with monthly / quarterly / semi-annual / annual calendars Confidence in this label is **9%**.,Review,low_interval_confidence,interval_confidence 0.09 < 0.50; insufficient billing history to auto-decide (data-quality guardrail).,false,0.99,75.13,We recommended **Review** (trained WITH inferred-interval features) because the billing-cycle signal is too uncertain (confidence 9% for “irregular / no clear calendar billing cycle”). Thin or ambiguous history is treated as a data-quality issue — we do not auto Continue or auto No-Go until the cycle is clearer.,Review,0.99,We recommended **Review** (trained WITH inferred-interval features) because the billing-cycle signal is too uncertain (confidence 9% for “irregular / no clear calendar billing cycle”). Thin or ambiguous history is treated as a data-quality issue — we do not auto Continue or auto No-Go until the cycle is clearer.,Review,0.9914,We recommended **Review** (trained WITHOUT inferred-interval features) because the billing-cycle signal is too uncertain (confidence 9% for “irregular / no clear calendar billing cycle”). Thin or ambiguous history is treated as a data-quality issue — we do not auto Continue or auto No-Go until the cycle is clearer.,true,"Both models agree on **Review**. Adding the inferred interval changed churn probability by -0.1% (with=99%, without=99%).",20260712_032913,11,1.0
qeCmOdu0dqfEvPz1,2025-03-05,irregular,0.3,We inferred **irregular / no clear calendar billing cycle** because the gaps between invoices (typical gap ≈ 1 days) do not line up cleanly with monthly / quarterly / semi-annual / annual calendars Confidence in this label is **30%**.,Review,low_interval_confidence,interval_confidence 0.30 < 0.50; insufficient billing history to auto-decide (data-quality guardrail).,false,0.982,191.94,We recommended **Review** (trained WITH inferred-interval features) because the billing-cycle signal is too uncertain (confidence 30% for “irregular / no clear calendar billing cycle”). Thin or ambiguous history is treated as a data-quality issue — we do not auto Continue or auto No-Go until the cycle is clearer.,Review,0.982,We recommended **Review** (trained WITH inferred-interval features) because the billing-cycle signal is too uncertain (confidence 30% for “irregular / no clear calendar billing cycle”). Thin or ambiguous history is treated as a data-quality issue — we do not auto Continue or auto No-Go until the cycle is clearer.,Review,0.9697,We recommended **Review** (trained WITHOUT inferred-interval features) because the billing-cycle signal is too uncertain (confidence 30% for “irregular / no clear calendar billing cycle”). Thin or ambiguous history is treated as a data-quality issue — we do not auto Continue or auto No-Go until the cycle is clearer.,true,"Both models agree on **Review**. Adding the inferred interval changed churn probability by +1.2% (with=98%, without=97%).",20260712_032913,10,1.0
d9En7U3HY8cbYxic,2025-03-05,irregular,0.1275,We inferred **irregular / no clear calendar billing cycle** because the gaps between invoices (typical gap ≈ 1 days) do not line up cleanly with monthly / quarterly / semi-annual / annual calendars Confidence in this label is **13%**.,Review,low_interval_confidence,interval_confidence 0.13 < 0.50; insufficient billing history to auto-decide (data-quality guardrail).,false,0.99,75.14,We recommended **Review** (trained WITH inferred-interval features) because the billing-cycle signal is too uncertain (confidence 13% for “irregular / no clear calendar billing cycle”). Thin or ambiguous history is treated as a data-quality issue — we do not auto Continue or auto No-Go until the cycle is clearer.,Review,0.99,We recommended **Review** (trained WITH inferred-interval features) because the billing-cycle signal is too uncertain (confidence 13% for “irregular / no clear calendar billing cycle”). Thin or ambiguous history is treated as a data-quality issue — we do not auto Continue or auto No-Go until the cycle is clearer.,Review,0.9914,We recommended **Review** (trained WITHOUT inferred-interval features) because the billing-cycle signal is too uncertain (confidence 13% for “irregular / no clear calendar billing cycle”). Thin or ambiguous history is treated as a data-quality issue — we do not auto Continue or auto No-Go until the cycle is clearer.,true,"Both models agree on **Review**. Adding the inferred interval changed churn probability by -0.1% (with=99%, without=99%).",20260712_032913,11,1.0
3XsabNSScUfhlZks,2025-03-05,monthly,0.7806,"We inferred **monthly billing (about every month)** because the typical gap between billing days is about 30 days, which matches monthly billing (about every month) across 22 observed cycle(s) (about 100% of gaps fit that pattern) and spacing looks fairly regular Confidence in this label is **78%**.",No-Go,high_churn_risk,"churn_prob 0.98 vs Continue<= 0.45, No-Go>= 0.70.",true,0.982,473.31,"Using the model **trained WITH inferred-interval features**, predicted chance of dollar churn is **98%** (high risk). That sits above the No-Go threshold, and interval confidence (78%) is high enough to auto-decide, so the recommendation is **No-Go** — decline or escalate for credit risk.",No-Go,0.982,"Using the model **trained WITH inferred-interval features**, predicted chance of dollar churn is **98%** (high risk). That sits above the No-Go threshold, and interval confidence (78%) is high enough to auto-decide, so the recommendation is **No-Go** — decline or escalate for credit risk.",No-Go,0.9667,"Using the model **trained WITHOUT inferred-interval features**, predicted chance of dollar churn is **97%** (high risk). That sits above the No-Go threshold, and interval confidence (78%) is high enough to auto-decide, so the recommendation is **No-Go** — decline or escalate for credit risk.",true,"Both models agree on **No-Go**. Adding the inferred interval changed churn probability by +1.5% (with=98%, without=97%).",20260712_032913,23,30.5
QIYQlGFjhk21J2K7,2025-03-05,monthly,0.6607,"We inferred **monthly billing (about every month)** because the typical gap between billing days is about 26 days, which matches monthly billing (about every month) across 1 observed cycle(s) (about 100% of gaps fit that pattern) Confidence in this label is **66%**.",No-Go,high_churn_risk,"churn_prob 0.80 vs Continue<= 0.45, No-Go>= 0.70.",true,0.8031,8.12,"Using the model **trained WITH inferred-interval features**, predicted chance of dollar churn is **80%** (high risk). That sits above the No-Go threshold, and interval confidence (66%) is high enough to auto-decide, so the recommendation is **No-Go** — decline or escalate for credit risk.",No-Go,0.8031,"Using the model **trained WITH inferred-interval features**, predicted chance of dollar churn is **80%** (high risk). That sits above the No-Go threshold, and interval confidence (66%) is high enough to auto-decide, so the recommendation is **No-Go** — decline or escalate for credit risk.",No-Go,0.7134,"Using the model **trained WITHOUT inferred-interval features**, predicted chance of dollar churn is **71%** (high risk). That sits above the No-Go threshold, and interval confidence (66%) is high enough to auto-decide, so the recommendation is **No-Go** — decline or escalate for credit risk.",true,"Both models agree on **No-Go**. Adding the inferred interval changed churn probability by +9.0% (with=80%, without=71%).",20260712_032913,2,26.0
xztkkd5HtxPi3cbV,2025-03-05,irregular,0.05,We inferred **irregular / no clear calendar billing cycle** because the gaps between invoices (typical gap ≈ 1 days) do not line up cleanly with monthly / quarterly / semi-annual / annual calendars Confidence in this label is **5%**.,Review,low_interval_confidence,interval_confidence 0.05 < 0.50; insufficient billing history to auto-decide (data-quality guardrail).,false,0.982,80.16,We recommended **Review** (trained WITH inferred-interval features) because the billing-cycle signal is too uncertain (confidence 5% for “irregular / no clear calendar billing cycle”). Thin or ambiguous history is treated as a data-quality issue — we do not auto Continue or auto No-Go until the cycle is clearer.,Review,0.982,We recommended **Review** (trained WITH inferred-interval features) because the billing-cycle signal is too uncertain (confidence 5% for “irregular / no clear calendar billing cycle”). Thin or ambiguous history is treated as a data-quality issue — we do not auto Continue or auto No-Go until the cycle is clearer.,Review,0.9741,We recommended **Review** (trained WITHOUT inferred-interval features) because the billing-cycle signal is too uncertain (confidence 5% for “irregular / no clear calendar billing cycle”). Thin or ambiguous history is treated as a data-quality issue — we do not auto Continue or auto No-Go until the cycle is clearer.,true,"Both models agree on **Review**. Adding the inferred interval changed churn probability by +0.8% (with=98%, without=97%).",20260712_032913,9,1.0
Z05ERYLixeimJyFa,2025-03-05,one_time_candidate,0.9475,We inferred **looks like a one-time / non-recurring charge pattern** because there is essentially a single invoice followed by a long quiet period with no repeat billing Confidence in this label is **95%**.,Review,borderline_churn_risk,"churn_prob 0.63 vs Continue<= 0.45, No-Go>= 0.70.",false,0.6331,0.99,"Using the model **trained WITH inferred-interval features**, predicted chance of dollar churn is **63%** (elevated risk). That sits between the Continue and No-Go bands (or still needs analyst judgment), so the recommendation is **Review**.",Review,0.6331,"Using the model **trained WITH inferred-interval features**, predicted chance of dollar churn is **63%** (elevated risk). That sits between the Continue and No-Go bands (or still needs analyst judgment), so the recommendation is **Review**.",Review,0.5812,"Using the model **trained WITHOUT inferred-interval features**, predicted chance of dollar churn is **58%** (elevated risk). That sits between the Continue and No-Go bands (or still needs analyst judgment), so the recommendation is **Review**.",true,"Both models agree on **Review**. Adding the inferred interval changed churn probability by +5.2% (with=63%, without=58%).",20260712_032913,1,
IQqcOHFCcBfSSbBn,2025-03-05,irregular,0.05,We inferred **irregular / no clear calendar billing cycle** because the gaps between invoices (typical gap ≈ 4 days) do not line up cleanly with monthly / quarterly / semi-annual / annual calendars Confidence in this label is **5%**.,Review,low_interval_confidence,interval_confidence 0.05 < 0.50; insufficient billing history to auto-decide (data-quality guardrail).,false,0.9833,108.91,We recommended **Review** (trained WITH inferred-interval features) because the billing-cycle signal is too uncertain (confidence 5% for “irregular / no clear calendar billing cycle”). Thin or ambiguous history is treated as a data-quality issue — we do not auto Continue or auto No-Go until the cycle is clearer.,Review,0.9833,We recommended **Review** (trained WITH inferred-interval features) because the billing-cycle signal is too uncertain (confidence 5% for “irregular / no clear calendar billing cycle”). Thin or ambiguous history is treated as a data-quality issue — we do not auto Continue or auto No-Go until the cycle is clearer.,Review,0.9504,We recommended **Review** (trained WITHOUT inferred-interval features) because the billing-cycle signal is too uncertain (confidence 5% for “irregular / no clear calendar billing cycle”). Thin or ambiguous history is treated as a data-quality issue — we do not auto Continue or auto No-Go until the cycle is clearer.,true,"Both models agree on **Review**. Adding the inferred interval changed churn probability by +3.3% (with=98%, without=95%).",20260712_032913,6,4.0
EIPGvdpxKEMo7BaY,2025-03-05,irregular,0.3,We inferred **irregular / no clear calendar billing cycle** because the gaps between invoices (typical gap ≈ 1 days) do not line up cleanly with monthly / quarterly / semi-annual / annual calendars Confidence in this label is **30%**.,Review,low_interval_confidence,interval_confidence 0.30 < 0.50; insufficient billing history to auto-decide (data-quality guardrail).,false,0.9861,62.35,We recommended **Review** (trained WITH inferred-interval features) because the billing-cycle signal is too uncertain (confidence 30% for “irregular / no clear calendar billing cycle”). Thin or ambiguous history is treated as a data-quality issue — we do not auto Continue or auto No-Go until the cycle is clearer.,Review,0.9861,We recommended **Review** (trained WITH inferred-interval features) because the billing-cycle signal is too uncertain (confidence 30% for “irregular / no clear calendar billing cycle”). Thin or ambiguous history is treated as a data-quality issue — we do not auto Continue or auto No-Go until the cycle is clearer.,Review,0.9856,We recommended **Review** (trained WITHOUT inferred-interval features) because the billing-cycle signal is too uncertain (confidence 30% for “irregular / no clear calendar billing cycle”). Thin or ambiguous history is treated as a data-quality issue — we do not auto Continue or auto No-Go until the cycle is clearer.,true,"Both models agree on **Review**. Adding the inferred interval changed churn probability by +0.1% (with=99%, without=99%).",20260712_032913,10,1.0
qZj3wmCeXdsIgqCm,2025-03-05,monthly,0.8078,"We inferred **monthly billing (about every month)** because the typical gap between billing days is about 31 days, which matches monthly billing (about every month) across 21 observed cycle(s) (about 100% of gaps fit that pattern) and spacing looks fairly regular Confidence in this label is **81%**.",No-Go,high_churn_risk,"churn_prob 0.98 vs Continue<= 0.45, No-Go>= 0.70.",true,0.982,526.98,"Using the model **trained WITH inferred-interval features**, predicted chance of dollar churn is **98%** (high risk). That sits above the No-Go threshold, and interval confidence (81%) is high enough to auto-decide, so the recommendation is **No-Go** — decline or escalate for credit risk.",No-Go,0.982,"Using the model **trained WITH inferred-interval features**, predicted chance of dollar churn is **98%** (high risk). That sits above the No-Go threshold, and interval confidence (81%) is high enough to auto-decide, so the recommendation is **No-Go** — decline or escalate for credit risk.",No-Go,0.9927,"Using the model **trained WITHOUT inferred-interval features**, predicted chance of dollar churn is **99%** (high risk). That sits above the No-Go threshold, and interval confidence (81%) is high enough to auto-decide, so the recommendation is **No-Go** — decline or escalate for credit risk.",true,"Both models agree on **No-Go**. Adding the inferred interval changed churn probability by -1.1% (with=98%, without=99%).",20260712_032913,22,31.0
zWgLsycd7nCnaT3x,2025-03-05,monthly,0.9614,"We inferred **monthly billing (about every month)** because the typical gap between billing days is about 31 days, which matches monthly billing (about every month) across 25 observed cycle(s) (about 100% of gaps fit that pattern) and spacing looks very regular Confidence in this label is **96%**.",Continue,low_churn_risk,"churn_prob 0.35 vs Continue<= 0.45, No-Go>= 0.70.",true,0.3474,558.13,"Using the model **trained WITH inferred-interval features**, predicted chance of dollar churn is **35%** (elevated risk). That sits below the Continue threshold, and interval confidence (96%) is high enough to auto-decide, so the recommendation is **Continue** — proceed with onboarding.",Continue,0.3474,"Using the model **trained WITH inferred-interval features**, predicted chance of dollar churn is **35%** (elevated risk). That sits below the Continue threshold, and interval confidence (96%) is high enough to auto-decide, so the recommendation is **Continue** — proceed with onboarding.",Review,0.5812,"Using the model **trained WITHOUT inferred-interval features**, predicted chance of dollar churn is **58%** (elevated risk). That sits between the Continue and No-Go bands (or still needs analyst judgment), so the recommendation is **Review**.",false,"The models **disagree**: with interval → **Continue**, without interval → **Review**. Churn probability shifts from 58% (no interval) to 35% (with interval), Δ=-23.4%. This is exactly the decision-relevant value of the inferred cycle.",20260712_032913,26,31.0
5qIBBX83Oi1oqSiW,2025-03-05,irregular,0.1275,We inferred **irregular / no clear calendar billing cycle** because the gaps between invoices (typical gap ≈ 1 days) do not line up cleanly with monthly / quarterly / semi-annual / annual calendars Confidence in this label is **13%**.,Review,low_interval_confidence,interval_confidence 0.13 < 0.50; insufficient billing history to auto-decide (data-quality guardrail).,false,0.99,75.14,We recommended **Review** (trained WITH inferred-interval features) because the billing-cycle signal is too uncertain (confidence 13% for “irregular / no clear calendar billing cycle”). Thin or ambiguous history is treated as a data-quality issue — we do not auto Continue or auto No-Go until the cycle is clearer.,Review,0.99,We recommended **Review** (trained WITH inferred-interval features) because the billing-cycle signal is too uncertain (confidence 13% for “irregular / no clear calendar billing cycle”). Thin or ambiguous history is treated as a data-quality issue — we do not auto Continue or auto No-Go until the cycle is clearer.,Review,0.9914,We recommended **Review** (trained WITHOUT inferred-interval features) because the billing-cycle signal is too uncertain (confidence 13% for “irregular / no clear calendar billing cycle”). Thin or ambiguous history is treated as a data-quality issue — we do not auto Continue or auto No-Go until the cycle is clearer.,true,"Both models agree on **Review**. Adding the inferred interval changed churn probability by -0.1% (with=99%, without=99%).",20260712_032913,11,1.0
atWpHPtSohl5dvjY,2025-03-05,irregular,0.0892,We inferred **irregular / no clear calendar billing cycle** because the gaps between invoices (typical gap ≈ 1 days) do not line up cleanly with monthly / quarterly / semi-annual / annual calendars Confidence in this label is **9%**.,Review,low_interval_confidence,interval_confidence 0.09 < 0.50; insufficient billing history to auto-decide (data-quality guardrail).,false,0.99,75.13,We recommended **Review** (trained WITH inferred-interval features) because the billing-cycle signal is too uncertain (confidence 9% for “irregular / no clear calendar billing cycle”). Thin or ambiguous history is treated as a data-quality issue — we do not auto Continue or auto No-Go until the cycle is clearer.,Review,0.99,We recommended **Review** (trained WITH inferred-interval features) because the billing-cycle signal is too uncertain (confidence 9% for “irregular / no clear calendar billing cycle”). Thin or ambiguous history is treated as a data-quality issue — we do not auto Continue or auto No-Go until the cycle is clearer.,Review,0.9914,We recommended **Review** (trained WITHOUT inferred-interval features) because the billing-cycle signal is too uncertain (confidence 9% for “irregular / no clear calendar billing cycle”). Thin or ambiguous history is treated as a data-quality issue — we do not auto Continue or auto No-Go until the cycle is clearer.,true,"Both models agree on **Review**. Adding the inferred interval changed churn probability by -0.1% (with=99%, without=99%).",20260712_032913,11,1.0
3yKFuC8P53KxHDzk,2025-03-05,irregular,0.3,We inferred **irregular / no clear calendar billing cycle** because the gaps between invoices (typical gap ≈ 1 days) do not line up cleanly with monthly / quarterly / semi-annual / annual calendars Confidence in this label is **30%**.,Review,low_interval_confidence,interval_confidence 0.30 < 0.50; insufficient billing history to auto-decide (data-quality guardrail).,false,0.982,191.94,We recommended **Review** (trained WITH inferred-interval features) because the billing-cycle signal is too uncertain (confidence 30% for “irregular / no clear calendar billing cycle”). Thin or ambiguous history is treated as a data-quality issue — we do not auto Continue or auto No-Go until the cycle is clearer.,Review,0.982,We recommended **Review** (trained WITH inferred-interval features) because the billing-cycle signal is too uncertain (confidence 30% for “irregular / no clear calendar billing cycle”). Thin or ambiguous history is treated as a data-quality issue — we do not auto Continue or auto No-Go until the cycle is clearer.,Review,0.9697,We recommended **Review** (trained WITHOUT inferred-interval features) because the billing-cycle signal is too uncertain (confidence 30% for “irregular / no clear calendar billing cycle”). Thin or ambiguous history is treated as a data-quality issue — we do not auto Continue or auto No-Go until the cycle is clearer.,true,"Both models agree on **Review**. Adding the inferred interval changed churn probability by +1.2% (with=98%, without=97%).",20260712_032913,10,1.0
iwXFpNAmasZlYxt3,2025-03-05,one_time_candidate,0.9475,We inferred **looks like a one-time / non-recurring charge pattern** because there is essentially a single invoice followed by a long quiet period with no repeat billing Confidence in this label is **95%**.,Review,borderline_churn_risk,"churn_prob 0.63 vs Continue<= 0.45, No-Go>= 0.70.",false,0.6331,0.99,"Using the model **trained WITH inferred-interval features**, predicted chance of dollar churn is **63%** (elevated risk). That sits between the Continue and No-Go bands (or still needs analyst judgment), so the recommendation is **Review**.",Review,0.6331,"Using the model **trained WITH inferred-interval features**, predicted chance of dollar churn is **63%** (elevated risk). That sits between the Continue and No-Go bands (or still needs analyst judgment), so the recommendation is **Review**.",Review,0.5812,"Using the model **trained WITHOUT inferred-interval features**, predicted chance of dollar churn is **58%** (elevated risk). That sits between the Continue and No-Go bands (or still needs analyst judgment), so the recommendation is **Review**.",true,"Both models agree on **Review**. Adding the inferred interval changed churn probability by +5.2% (with=63%, without=58%).",20260712_032913,1,
ouUJgRXGklIQXNDX,2025-03-05,annual,0.7997,"We inferred **annual billing (about once a year)** because the typical gap between billing days is about 365 days, which matches annual billing (about once a year) across 1 observed cycle(s) (about 100% of gaps fit that pattern) Confidence in this label is **80%**.",No-Go,high_churn_risk,"churn_prob 0.83 vs Continue<= 0.45, No-Go>= 0.70.",true,0.8318,32.25,"Using the model **trained WITH inferred-interval features**, predicted chance of dollar churn is **83%** (high risk). That sits above the No-Go threshold, and interval confidence (80%) is high enough to auto-decide, so the recommendation is **No-Go** — decline or escalate for credit risk.",No-Go,0.8318,"Using the model **trained WITH inferred-interval features**, predicted chance of dollar churn is **83%** (high risk). That sits above the No-Go threshold, and interval confidence (80%) is high enough to auto-decide, so the recommendation is **No-Go** — decline or escalate for credit risk.",No-Go,0.819,"Using the model **trained WITHOUT inferred-interval features**, predicted chance of dollar churn is **82%** (high risk). That sits above the No-Go threshold, and interval confidence (80%) is high enough to auto-decide, so the recommendation is **No-Go** — decline or escalate for credit risk.",true,"Both models agree on **No-Go**. Adding the inferred interval changed churn probability by +1.3% (with=83%, without=82%).",20260712_032913,2,365.0
klrsrJAYmzuSbAIR,2025-03-05,annual,0.8,"We inferred **annual billing (about once a year)** because the typical gap between billing days is about 365 days, which matches annual billing (about once a year) across 1 observed cycle(s) (about 100% of gaps fit that pattern) Confidence in this label is **80%**.",No-Go,high_churn_risk,"churn_prob 0.90 vs Continue<= 0.45, No-Go>= 0.70.",true,0.9015,34.68,"Using the model **trained WITH inferred-interval features**, predicted chance of dollar churn is **90%** (high risk). That sits above the No-Go threshold, and interval confidence (80%) is high enough to auto-decide, so the recommendation is **No-Go** — decline or escalate for credit risk.",No-Go,0.9015,"Using the model **trained WITH inferred-interval features**, predicted chance of dollar churn is **90%** (high risk). That sits above the No-Go threshold, and interval confidence (80%) is high enough to auto-decide, so the recommendation is **No-Go** — decline or escalate for credit risk.",No-Go,0.9022,"Using the model **trained WITHOUT inferred-interval features**, predicted chance of dollar churn is **90%** (high risk). That sits above the No-Go threshold, and interval confidence (80%) is high enough to auto-decide, so the recommendation is **No-Go** — decline or escalate for credit risk.",true,"Both models agree on **No-Go**. Adding the inferred interval changed churn probability by -0.1% (with=90%, without=90%).",20260712_032913,2,365.0
Q6QRiAPTcZLjkpbE,2025-03-05,mixed,0.2756,We inferred **mixed cadence (more than one regular billing pattern)** because invoice gaps cluster around more than one calendar period (for example a monthly subscription plus an annual fee) — the strongest pattern is monthly (about 75% of matched gaps) Confidence in this label is **28%**.,Review,low_interval_confidence,interval_confidence 0.28 < 0.50; insufficient billing history to auto-decide (data-quality guardrail).,false,0.99,47.83,We recommended **Review** (trained WITH inferred-interval features) because the billing-cycle signal is too uncertain (confidence 28% for “mixed cadence (more than one regular billing pattern)”). Thin or ambiguous history is treated as a data-quality issue — we do not auto Continue or auto No-Go until the cycle is clearer.,Review,0.99,We recommended **Review** (trained WITH inferred-interval features) because the billing-cycle signal is too uncertain (confidence 28% for “mixed cadence (more than one regular billing pattern)”). Thin or ambiguous history is treated as a data-quality issue — we do not auto Continue or auto No-Go until the cycle is clearer.,Review,0.9856,We recommended **Review** (trained WITHOUT inferred-interval features) because the billing-cycle signal is too uncertain (confidence 28% for “mixed cadence (more than one regular billing pattern)”). Thin or ambiguous history is treated as a data-quality issue — we do not auto Continue or auto No-Go until the cycle is clearer.,true,"Both models agree on **Review**. Adding the inferred interval changed churn probability by +0.4% (with=99%, without=99%).",20260712_032913,16,1.0
z14Kq1PprCJ56ASk,2025-03-05,annual,0.5641,"We inferred **annual billing (about once a year)** because the typical gap between billing days is about 185 days, which matches annual billing (about once a year) across 4 observed cycle(s) (about 100% of gaps fit that pattern) and spacing looks somewhat uneven Confidence in this label is **56%**.",No-Go,high_churn_risk,"churn_prob 0.95 vs Continue<= 0.45, No-Go>= 0.70.",true,0.9494,1038.58,"Using the model **trained WITH inferred-interval features**, predicted chance of dollar churn is **95%** (high risk). That sits above the No-Go threshold, and interval confidence (56%) is high enough to auto-decide, so the recommendation is **No-Go** — decline or escalate for credit risk.",No-Go,0.9494,"Using the model **trained WITH inferred-interval features**, predicted chance of dollar churn is **95%** (high risk). That sits above the No-Go threshold, and interval confidence (56%) is high enough to auto-decide, so the recommendation is **No-Go** — decline or escalate for credit risk.",No-Go,0.8613,"Using the model **trained WITHOUT inferred-interval features**, predicted chance of dollar churn is **86%** (high risk). That sits above the No-Go threshold, and interval confidence (56%) is high enough to auto-decide, so the recommendation is **No-Go** — decline or escalate for credit risk.",true,"Both models agree on **No-Go**. Adding the inferred interval changed churn probability by +8.8% (with=95%, without=86%).",20260712_032913,5,185.0
c76LrkzJVX9zp588,2025-03-05,monthly,0.7316,"We inferred **monthly billing (about every month)** because the typical gap between billing days is about 28 days, which matches monthly billing (about every month) across 3 observed cycle(s) (about 100% of gaps fit that pattern) and spacing looks very regular Confidence in this label is **73%**.",No-Go,high_churn_risk,"churn_prob 0.99 vs Continue<= 0.45, No-Go>= 0.70.",true,0.99,17.25,"Using the model **trained WITH inferred-interval features**, predicted chance of dollar churn is **99%** (high risk). That sits above the No-Go threshold, and interval confidence (73%) is high enough to auto-decide, so the recommendation is **No-Go** — decline or escalate for credit risk.",No-Go,0.99,"Using the model **trained WITH inferred-interval features**, predicted chance of dollar churn is **99%** (high risk). That sits above the No-Go threshold, and interval confidence (73%) is high enough to auto-decide, so the recommendation is **No-Go** — decline or escalate for credit risk.",No-Go,0.9914,"Using the model **trained WITHOUT inferred-interval features**, predicted chance of dollar churn is **99%** (high risk). That sits above the No-Go threshold, and interval confidence (73%) is high enough to auto-decide, so the recommendation is **No-Go** — decline or escalate for credit risk.",true,"Both models agree on **No-Go**. Adding the inferred interval changed churn probability by -0.1% (with=99%, without=99%).",20260712_032913,4,28.0
oqfYcghzBJkrHc5U,2025-03-05,monthly,0.9357,"We inferred **monthly billing (about every month)** because the typical gap between billing days is about 31 days, which matches monthly billing (about every month) across 11 observed cycle(s) (about 100% of gaps fit that pattern) and spacing looks very regular Confidence in this label is **94%**.",No-Go,high_churn_risk,"churn_prob 0.98 vs Continue<= 0.45, No-Go>= 0.70.",true,0.982,1.78,"Using the model **trained WITH inferred-interval features**, predicted chance of dollar churn is **98%** (high risk). That sits above the No-Go threshold, and interval confidence (94%) is high enough to auto-decide, so the recommendation is **No-Go** — decline or escalate for credit risk.",No-Go,0.982,"Using the model **trained WITH inferred-interval features**, predicted chance of dollar churn is **98%** (high risk). That sits above the No-Go threshold, and interval confidence (94%) is high enough to auto-decide, so the recommendation is **No-Go** — decline or escalate for credit risk.",No-Go,0.9718,"Using the model **trained WITHOUT inferred-interval features**, predicted chance of dollar churn is **97%** (high risk). That sits above the No-Go threshold, and interval confidence (94%) is high enough to auto-decide, so the recommendation is **No-Go** — decline or escalate for credit risk.",true,"Both models agree on **No-Go**. Adding the inferred interval changed churn probability by +1.0% (with=98%, without=97%).",20260712_032913,12,31.0
gZxON7QX31GVSa4g,2025-03-05,monthly,0.5136,"We inferred **monthly billing (about every month)** because the typical gap between billing days is about 1 days, which matches monthly billing (about every month) across 10 observed cycle(s) (about 100% of gaps fit that pattern) and spacing looks somewhat uneven Confidence in this label is **51%**.",No-Go,high_churn_risk,"churn_prob 0.95 vs Continue<= 0.45, No-Go>= 0.70.",true,0.9494,379.95,"Using the model **trained WITH inferred-interval features**, predicted chance of dollar churn is **95%** (high risk). That sits above the No-Go threshold, and interval confidence (51%) is high enough to auto-decide, so the recommendation is **No-Go** — decline or escalate for credit risk.",No-Go,0.9494,"Using the model **trained WITH inferred-interval features**, predicted chance of dollar churn is **95%** (high risk). That sits above the No-Go threshold, and interval confidence (51%) is high enough to auto-decide, so the recommendation is **No-Go** — decline or escalate for credit risk.",No-Go,0.9741,"Using the model **trained WITHOUT inferred-interval features**, predicted chance of dollar churn is **97%** (high risk). That sits above the No-Go threshold, and interval confidence (51%) is high enough to auto-decide, so the recommendation is **No-Go** — decline or escalate for credit risk.",true,"Both models agree on **No-Go**. Adding the inferred interval changed churn probability by -2.5% (with=95%, without=97%).",20260712_032913,11,1.0
QSKNsBwu4Hs8N1TR,2025-03-05,irregular,0.05,We inferred **irregular / no clear calendar billing cycle** because the gaps between invoices (typical gap ≈ 1 days) do not line up cleanly with monthly / quarterly / semi-annual / annual calendars Confidence in this label is **5%**.,Review,low_interval_confidence,interval_confidence 0.05 < 0.50; insufficient billing history to auto-decide (data-quality guardrail).,false,0.9861,79.19,We recommended **Review** (trained WITH inferred-interval features) because the billing-cycle signal is too uncertain (confidence 5% for “irregular / no clear calendar billing cycle”). Thin or ambiguous history is treated as a data-quality issue — we do not auto Continue or auto No-Go until the cycle is clearer.,Review,0.9861,We recommended **Review** (trained WITH inferred-interval features) because the billing-cycle signal is too uncertain (confidence 5% for “irregular / no clear calendar billing cycle”). Thin or ambiguous history is treated as a data-quality issue — we do not auto Continue or auto No-Go until the cycle is clearer.,Review,0.9856,We recommended **Review** (trained WITHOUT inferred-interval features) because the billing-cycle signal is too uncertain (confidence 5% for “irregular / no clear calendar billing cycle”). Thin or ambiguous history is treated as a data-quality issue — we do not auto Continue or auto No-Go until the cycle is clearer.,true,"Both models agree on **Review**. Adding the inferred interval changed churn probability by +0.1% (with=99%, without=99%).",20260712_032913,11,1.0
oStgk0REv9KNPp4R,2025-03-05,irregular,0.05,We inferred **irregular / no clear calendar billing cycle** because the gaps between invoices (typical gap ≈ 1 days) do not line up cleanly with monthly / quarterly / semi-annual / annual calendars Confidence in this label is **5%**.,Review,low_interval_confidence,interval_confidence 0.05 < 0.50; insufficient billing history to auto-decide (data-quality guardrail).,false,0.9861,79.19,We recommended **Review** (trained WITH inferred-interval features) because the billing-cycle signal is too uncertain (confidence 5% for “irregular / no clear calendar billing cycle”). Thin or ambiguous history is treated as a data-quality issue — we do not auto Continue or auto No-Go until the cycle is clearer.,Review,0.9861,We recommended **Review** (trained WITH inferred-interval features) because the billing-cycle signal is too uncertain (confidence 5% for “irregular / no clear calendar billing cycle”). Thin or ambiguous history is treated as a data-quality issue — we do not auto Continue or auto No-Go until the cycle is clearer.,Review,0.9856,We recommended **Review** (trained WITHOUT inferred-interval features) because the billing-cycle signal is too uncertain (confidence 5% for “irregular / no clear calendar billing cycle”). Thin or ambiguous history is treated as a data-quality issue — we do not auto Continue or auto No-Go until the cycle is clearer.,true,"Both models agree on **Review**. Adding the inferred interval changed churn probability by +0.1% (with=99%, without=99%).",20260712_032913,11,1.0
t6KKEPXG5grTtrOJ,2025-03-05,monthly,0.9512,"We inferred **monthly billing (about every month)** because the typical gap between billing days is about 31 days, which matches monthly billing (about every month) across 24 observed cycle(s) (about 100% of gaps fit that pattern) and spacing looks very regular Confidence in this label is **95%**.",Review,borderline_churn_risk,"churn_prob 0.50 vs Continue<= 0.45, No-Go>= 0.70.",false,0.4952,218.69,"Using the model **trained WITH inferred-interval features**, predicted chance of dollar churn is **50%** (elevated risk). That sits between the Continue and No-Go bands (or still needs analyst judgment), so the recommendation is **Review**.",Review,0.4952,"Using the model **trained WITH inferred-interval features**, predicted chance of dollar churn is **50%** (elevated risk). That sits between the Continue and No-Go bands (or still needs analyst judgment), so the recommendation is **Review**.",Continue,0.3002,"Using the model **trained WITHOUT inferred-interval features**, predicted chance of dollar churn is **30%** (elevated risk). That sits below the Continue threshold, and interval confidence (95%) is high enough to auto-decide, so the recommendation is **Continue** — proceed with onboarding.",false,"The models **disagree**: with interval → **Review**, without interval → **Continue**. Churn probability shifts from 30% (no interval) to 50% (with interval), Δ=+19.5%. This is exactly the decision-relevant value of the inferred cycle.",20260712_032913,25,31.0
Auvov6yp37P7M9xU,2025-03-05,irregular,0.1275,We inferred **irregular / no clear calendar billing cycle** because the gaps between invoices (typical gap ≈ 1 days) do not line up cleanly with monthly / quarterly / semi-annual / annual calendars Confidence in this label is **13%**.,Review,low_interval_confidence,interval_confidence 0.13 < 0.50; insufficient billing history to auto-decide (data-quality guardrail).,false,0.99,340.88,We recommended **Review** (trained WITH inferred-interval features) because the billing-cycle signal is too uncertain (confidence 13% for “irregular / no clear calendar billing cycle”). Thin or ambiguous history is treated as a data-quality issue — we do not auto Continue or auto No-Go until the cycle is clearer.,Review,0.99,We recommended **Review** (trained WITH inferred-interval features) because the billing-cycle signal is too uncertain (confidence 13% for “irregular / no clear calendar billing cycle”). Thin or ambiguous history is treated as a data-quality issue — we do not auto Continue or auto No-Go until the cycle is clearer.,Review,0.9697,We recommended **Review** (trained WITHOUT inferred-interval features) because the billing-cycle signal is too uncertain (confidence 13% for “irregular / no clear calendar billing cycle”). Thin or ambiguous history is treated as a data-quality issue — we do not auto Continue or auto No-Go until the cycle is clearer.,true,"Both models agree on **Review**. Adding the inferred interval changed churn probability by +2.0% (with=99%, without=97%).",20260712_032913,11,1.0
2e5qeWS9Ruulpvw1,2025-03-05,irregular,0.1275,We inferred **irregular / no clear calendar billing cycle** because the gaps between invoices (typical gap ≈ 1 days) do not line up cleanly with monthly / quarterly / semi-annual / annual calendars Confidence in this label is **13%**.,Review,low_interval_confidence,interval_confidence 0.13 < 0.50; insufficient billing history to auto-decide (data-quality guardrail).,false,0.99,75.14,We recommended **Review** (trained WITH inferred-interval features) because the billing-cycle signal is too uncertain (confidence 13% for “irregular / no clear calendar billing cycle”). Thin or ambiguous history is treated as a data-quality issue — we do not auto Continue or auto No-Go until the cycle is clearer.,Review,0.99,We recommended **Review** (trained WITH inferred-interval features) because the billing-cycle signal is too uncertain (confidence 13% for “irregular / no clear calendar billing cycle”). Thin or ambiguous history is treated as a data-quality issue — we do not auto Continue or auto No-Go until the cycle is clearer.,Review,0.9914,We recommended **Review** (trained WITHOUT inferred-interval features) because the billing-cycle signal is too uncertain (confidence 13% for “irregular / no clear calendar billing cycle”). Thin or ambiguous history is treated as a data-quality issue — we do not auto Continue or auto No-Go until the cycle is clearer.,true,"Both models agree on **Review**. Adding the inferred interval changed churn probability by -0.1% (with=99%, without=99%).",20260712_032913,11,1.0
DyqL3NBCNQdne2Uq,2025-03-05,annual,0.5998,"We inferred **annual billing (about once a year)** because the typical gap between billing days is about 365 days, which matches annual billing (about once a year) across 3 observed cycle(s) (about 100% of gaps fit that pattern) and spacing looks somewhat uneven Confidence in this label is **60%**.",Review,borderline_churn_risk,"churn_prob 0.62 vs Continue<= 0.45, No-Go>= 0.70.",false,0.6181,343.25,"Using the model **trained WITH inferred-interval features**, predicted chance of dollar churn is **62%** (elevated risk). That sits between the Continue and No-Go bands (or still needs analyst judgment), so the recommendation is **Review**.",Review,0.6181,"Using the model **trained WITH inferred-interval features**, predicted chance of dollar churn is **62%** (elevated risk). That sits between the Continue and No-Go bands (or still needs analyst judgment), so the recommendation is **Review**.",Review,0.4946,"Using the model **trained WITHOUT inferred-interval features**, predicted chance of dollar churn is **49%** (elevated risk). That sits between the Continue and No-Go bands (or still needs analyst judgment), so the recommendation is **Review**.",true,"Both models agree on **Review**. Adding the inferred interval changed churn probability by +12.3% (with=62%, without=49%).",20260712_032913,4,365.0
iVD4y5sawWJT9oeu,2025-03-05,monthly,0.5724,"We inferred **monthly billing (about every month)** because the typical gap between billing days is about 1 days, which matches monthly billing (about every month) across 13 observed cycle(s) (about 100% of gaps fit that pattern) and spacing looks somewhat uneven Confidence in this label is **57%**.",No-Go,high_churn_risk,"churn_prob 0.99 vs Continue<= 0.45, No-Go>= 0.70.",true,0.9948,2.49,"Using the model **trained WITH inferred-interval features**, predicted chance of dollar churn is **99%** (high risk). That sits above the No-Go threshold, and interval confidence (57%) is high enough to auto-decide, so the recommendation is **No-Go** — decline or escalate for credit risk.",No-Go,0.9948,"Using the model **trained WITH inferred-interval features**, predicted chance of dollar churn is **99%** (high risk). That sits above the No-Go threshold, and interval confidence (57%) is high enough to auto-decide, so the recommendation is **No-Go** — decline or escalate for credit risk.",No-Go,0.9927,"Using the model **trained WITHOUT inferred-interval features**, predicted chance of dollar churn is **99%** (high risk). That sits above the No-Go threshold, and interval confidence (57%) is high enough to auto-decide, so the recommendation is **No-Go** — decline or escalate for credit risk.",true,"Both models agree on **No-Go**. Adding the inferred interval changed churn probability by +0.2% (with=99%, without=99%).",20260712_032913,14,1.0
u2fUwIUGSIglBw7O,2025-03-05,monthly,0.5409,"We inferred **monthly billing (about every month)** because the typical gap between billing days is about 27 days, which matches monthly billing (about every month) across 6 observed cycle(s) (about 100% of gaps fit that pattern) and spacing looks somewhat uneven Confidence in this label is **54%**.",No-Go,high_churn_risk,"churn_prob 0.99 vs Continue<= 0.45, No-Go>= 0.70.",true,0.9912,0.98,"Using the model **trained WITH inferred-interval features**, predicted chance of dollar churn is **99%** (high risk). That sits above the No-Go threshold, and interval confidence (54%) is high enough to auto-decide, so the recommendation is **No-Go** — decline or escalate for credit risk.",No-Go,0.9912,"Using the model **trained WITH inferred-interval features**, predicted chance of dollar churn is **99%** (high risk). That sits above the No-Go threshold, and interval confidence (54%) is high enough to auto-decide, so the recommendation is **No-Go** — decline or escalate for credit risk.",No-Go,0.9927,"Using the model **trained WITHOUT inferred-interval features**, predicted chance of dollar churn is **99%** (high risk). That sits above the No-Go threshold, and interval confidence (54%) is high enough to auto-decide, so the recommendation is **No-Go** — decline or escalate for credit risk.",true,"Both models agree on **No-Go**. Adding the inferred interval changed churn probability by -0.1% (with=99%, without=99%).",20260712_032913,7,27.0
U8u43BIZ0zkH9FUB,2025-03-05,irregular,0.3,We inferred **irregular / no clear calendar billing cycle** because the gaps between invoices (typical gap ≈ 1 days) do not line up cleanly with monthly / quarterly / semi-annual / annual calendars Confidence in this label is **30%**.,Review,low_interval_confidence,interval_confidence 0.30 < 0.50; insufficient billing history to auto-decide (data-quality guardrail).,false,0.99,62.28,We recommended **Review** (trained WITH inferred-interval features) because the billing-cycle signal is too uncertain (confidence 30% for “irregular / no clear calendar billing cycle”). Thin or ambiguous history is treated as a data-quality issue — we do not auto Continue or auto No-Go until the cycle is clearer.,Review,0.99,We recommended **Review** (trained WITH inferred-interval features) because the billing-cycle signal is too uncertain (confidence 30% for “irregular / no clear calendar billing cycle”). Thin or ambiguous history is treated as a data-quality issue — we do not auto Continue or auto No-Go until the cycle is clearer.,Review,0.9856,We recommended **Review** (trained WITHOUT inferred-interval features) because the billing-cycle signal is too uncertain (confidence 30% for “irregular / no clear calendar billing cycle”). Thin or ambiguous history is treated as a data-quality issue — we do not auto Continue or auto No-Go until the cycle is clearer.,true,"Both models agree on **Review**. Adding the inferred interval changed churn probability by +0.4% (with=99%, without=99%).",20260712_032913,11,1.0
JxsLxwY4bBpBiwey,2025-03-05,monthly,0.9364,"We inferred **monthly billing (about every month)** because the typical gap between billing days is about 30 days, which matches monthly billing (about every month) across 12 observed cycle(s) (about 100% of gaps fit that pattern) and spacing looks very regular Confidence in this label is **94%**.",No-Go,high_churn_risk,"churn_prob 0.99 vs Continue<= 0.45, No-Go>= 0.70.",true,0.99,1.87,"Using the model **trained WITH inferred-interval features**, predicted chance of dollar churn is **99%** (high risk). That sits above the No-Go threshold, and interval confidence (94%) is high enough to auto-decide, so the recommendation is **No-Go** — decline or escalate for credit risk.",No-Go,0.99,"Using the model **trained WITH inferred-interval features**, predicted chance of dollar churn is **99%** (high risk). That sits above the No-Go threshold, and interval confidence (94%) is high enough to auto-decide, so the recommendation is **No-Go** — decline or escalate for credit risk.",No-Go,0.9914,"Using the model **trained WITHOUT inferred-interval features**, predicted chance of dollar churn is **99%** (high risk). That sits above the No-Go threshold, and interval confidence (94%) is high enough to auto-decide, so the recommendation is **No-Go** — decline or escalate for credit risk.",true,"Both models agree on **No-Go**. Adding the inferred interval changed churn probability by -0.1% (with=99%, without=99%).",20260712_032913,13,30.5
vWas7xyKpXloG5q3,2025-03-05,monthly,0.7988,"We inferred **monthly billing (about every month)** because the typical gap between billing days is about 30 days, which matches monthly billing (about every month) across 5 observed cycle(s) (about 100% of gaps fit that pattern) and spacing looks very regular Confidence in this label is **80%**.",No-Go,high_churn_risk,"churn_prob 0.99 vs Continue<= 0.45, No-Go>= 0.70.",true,0.99,16.97,"Using the model **trained WITH inferred-interval features**, predicted chance of dollar churn is **99%** (high risk). That sits above the No-Go threshold, and interval confidence (80%) is high enough to auto-decide, so the recommendation is **No-Go** — decline or escalate for credit risk.",No-Go,0.99,"Using the model **trained WITH inferred-interval features**, predicted chance of dollar churn is **99%** (high risk). That sits above the No-Go threshold, and interval confidence (80%) is high enough to auto-decide, so the recommendation is **No-Go** — decline or escalate for credit risk.",No-Go,0.9914,"Using the model **trained WITHOUT inferred-interval features**, predicted chance of dollar churn is **99%** (high risk). That sits above the No-Go threshold, and interval confidence (80%) is high enough to auto-decide, so the recommendation is **No-Go** — decline or escalate for credit risk.",true,"Both models agree on **No-Go**. Adding the inferred interval changed churn probability by -0.1% (with=99%, without=99%).",20260712_032913,6,30.0
XItdzlDLJj9m2Iov,2025-03-05,monthly,0.9635,"We inferred **monthly billing (about every month)** because the typical gap between billing days is about 31 days, which matches monthly billing (about every month) across 19 observed cycle(s) (about 100% of gaps fit that pattern) and spacing looks very regular Confidence in this label is **96%**.",No-Go,high_churn_risk,"churn_prob 0.97 vs Continue<= 0.45, No-Go>= 0.70.",true,0.9685,348.59,"Using the model **trained WITH inferred-interval features**, predicted chance of dollar churn is **97%** (high risk). That sits above the No-Go threshold, and interval confidence (96%) is high enough to auto-decide, so the recommendation is **No-Go** — decline or escalate for credit risk.",No-Go,0.9685,"Using the model **trained WITH inferred-interval features**, predicted chance of dollar churn is **97%** (high risk). That sits above the No-Go threshold, and interval confidence (96%) is high enough to auto-decide, so the recommendation is **No-Go** — decline or escalate for credit risk.",No-Go,0.9697,"Using the model **trained WITHOUT inferred-interval features**, predicted chance of dollar churn is **97%** (high risk). That sits above the No-Go threshold, and interval confidence (96%) is high enough to auto-decide, so the recommendation is **No-Go** — decline or escalate for credit risk.",true,"Both models agree on **No-Go**. Adding the inferred interval changed churn probability by -0.1% (with=97%, without=97%).",20260712_032913,20,31.0
8nd4Xh3ealfdHwbI,2025-03-05,annual,0.5508,"We inferred **annual billing (about once a year)** because the typical gap between billing days is about 2 days, which matches annual billing (about once a year) across 7 observed cycle(s) (about 100% of gaps fit that pattern) and spacing looks somewhat uneven Confidence in this label is **55%**.",No-Go,high_churn_risk,"churn_prob 0.80 vs Continue<= 0.45, No-Go>= 0.70.",true,0.8031,848.44,"Using the model **trained WITH inferred-interval features**, predicted chance of dollar churn is **80%** (high risk). That sits above the No-Go threshold, and interval confidence (55%) is high enough to auto-decide, so the recommendation is **No-Go** — decline or escalate for credit risk.",No-Go,0.8031,"Using the model **trained WITH inferred-interval features**, predicted chance of dollar churn is **80%** (high risk). That sits above the No-Go threshold, and interval confidence (55%) is high enough to auto-decide, so the recommendation is **No-Go** — decline or escalate for credit risk.",No-Go,0.8613,"Using the model **trained WITHOUT inferred-interval features**, predicted chance of dollar churn is **86%** (high risk). That sits above the No-Go threshold, and interval confidence (55%) is high enough to auto-decide, so the recommendation is **No-Go** — decline or escalate for credit risk.",true,"Both models agree on **No-Go**. Adding the inferred interval changed churn probability by -5.8% (with=80%, without=86%).",20260712_032913,8,2.0
ob5V2jzMLOTuWuoo,2025-03-05,monthly,0.8465,"We inferred **monthly billing (about every month)** because the typical gap between billing days is about 30 days, which matches monthly billing (about every month) across 7 observed cycle(s) (about 100% of gaps fit that pattern) and spacing looks very regular Confidence in this label is **85%**.",No-Go,high_churn_risk,"churn_prob 0.99 vs Continue<= 0.45, No-Go>= 0.70.",true,0.9861,0.86,"Using the model **trained WITH inferred-interval features**, predicted chance of dollar churn is **99%** (high risk). That sits above the No-Go threshold, and interval confidence (85%) is high enough to auto-decide, so the recommendation is **No-Go** — decline or escalate for credit risk.",No-Go,0.9861,"Using the model **trained WITH inferred-interval features**, predicted chance of dollar churn is **99%** (high risk). That sits above the No-Go threshold, and interval confidence (85%) is high enough to auto-decide, so the recommendation is **No-Go** — decline or escalate for credit risk.",No-Go,0.9914,"Using the model **trained WITHOUT inferred-interval features**, predicted chance of dollar churn is **99%** (high risk). That sits above the No-Go threshold, and interval confidence (85%) is high enough to auto-decide, so the recommendation is **No-Go** — decline or escalate for credit risk.",true,"Both models agree on **No-Go**. Adding the inferred interval changed churn probability by -0.5% (with=99%, without=99%).",20260712_032913,8,30.0
E2FamHmBgEhXZ9MO,2025-03-05,monthly,0.9512,"We inferred **monthly billing (about every month)** because the typical gap between billing days is about 31 days, which matches monthly billing (about every month) across 24 observed cycle(s) (about 100% of gaps fit that pattern) and spacing looks very regular Confidence in this label is **95%**.",Review,borderline_churn_risk,"churn_prob 0.50 vs Continue<= 0.45, No-Go>= 0.70.",false,0.4952,218.69,"Using the model **trained WITH inferred-interval features**, predicted chance of dollar churn is **50%** (elevated risk). That sits between the Continue and No-Go bands (or still needs analyst judgment), so the recommendation is **Review**.",Review,0.4952,"Using the model **trained WITH inferred-interval features**, predicted chance of dollar churn is **50%** (elevated risk). That sits between the Continue and No-Go bands (or still needs analyst judgment), so the recommendation is **Review**.",Continue,0.3002,"Using the model **trained WITHOUT inferred-interval features**, predicted chance of dollar churn is **30%** (elevated risk). That sits below the Continue threshold, and interval confidence (95%) is high enough to auto-decide, so the recommendation is **Continue** — proceed with onboarding.",false,"The models **disagree**: with interval → **Review**, without interval → **Continue**. Churn probability shifts from 30% (no interval) to 50% (with interval), Δ=+19.5%. This is exactly the decision-relevant value of the inferred cycle.",20260712_032913,25,31.0
uRlQRpQhVJmZqWJK,2025-03-05,irregular,0.3,We inferred **irregular / no clear calendar billing cycle** because the gaps between invoices (typical gap ≈ 1 days) do not line up cleanly with monthly / quarterly / semi-annual / annual calendars Confidence in this label is **30%**.,Review,low_interval_confidence,interval_confidence 0.30 < 0.50; insufficient billing history to auto-decide (data-quality guardrail).,false,0.99,62.28,We recommended **Review** (trained WITH inferred-interval features) because the billing-cycle signal is too uncertain (confidence 30% for “irregular / no clear calendar billing cycle”). Thin or ambiguous history is treated as a data-quality issue — we do not auto Continue or auto No-Go until the cycle is clearer.,Review,0.99,We recommended **Review** (trained WITH inferred-interval features) because the billing-cycle signal is too uncertain (confidence 30% for “irregular / no clear calendar billing cycle”). Thin or ambiguous history is treated as a data-quality issue — we do not auto Continue or auto No-Go until the cycle is clearer.,Review,0.9856,We recommended **Review** (trained WITHOUT inferred-interval features) because the billing-cycle signal is too uncertain (confidence 30% for “irregular / no clear calendar billing cycle”). Thin or ambiguous history is treated as a data-quality issue — we do not auto Continue or auto No-Go until the cycle is clearer.,true,"Both models agree on **Review**. Adding the inferred interval changed churn probability by +0.4% (with=99%, without=99%).",20260712_032913,11,1.0
engfbP3DCWtlQX96,2025-03-05,monthly,0.59,"We inferred **monthly billing (about every month)** because the typical gap between billing days is about 219 days, which matches monthly billing (about every month) across 1 observed cycle(s) (about 100% of gaps fit that pattern) Confidence in this label is **59%**.",No-Go,high_churn_risk,"churn_prob 0.90 vs Continue<= 0.45, No-Go>= 0.70.",true,0.9015,25.33,"Using the model **trained WITH inferred-interval features**, predicted chance of dollar churn is **90%** (high risk). That sits above the No-Go threshold, and interval confidence (59%) is high enough to auto-decide, so the recommendation is **No-Go** — decline or escalate for credit risk.",No-Go,0.9015,"Using the model **trained WITH inferred-interval features**, predicted chance of dollar churn is **90%** (high risk). That sits above the No-Go threshold, and interval confidence (59%) is high enough to auto-decide, so the recommendation is **No-Go** — decline or escalate for credit risk.",No-Go,0.8613,"Using the model **trained WITHOUT inferred-interval features**, predicted chance of dollar churn is **86%** (high risk). That sits above the No-Go threshold, and interval confidence (59%) is high enough to auto-decide, so the recommendation is **No-Go** — decline or escalate for credit risk.",true,"Both models agree on **No-Go**. Adding the inferred interval changed churn probability by +4.0% (with=90%, without=86%).",20260712_032913,2,219.0
QXucZX9z9f2hCAlg,2025-03-05,irregular,0.3,We inferred **irregular / no clear calendar billing cycle** because the gaps between invoices (typical gap ≈ 1 days) do not line up cleanly with monthly / quarterly / semi-annual / annual calendars Confidence in this label is **30%**.,Review,low_interval_confidence,interval_confidence 0.30 < 0.50; insufficient billing history to auto-decide (data-quality guardrail).,false,0.982,191.94,We recommended **Review** (trained WITH inferred-interval features) because the billing-cycle signal is too uncertain (confidence 30% for “irregular / no clear calendar billing cycle”). Thin or ambiguous history is treated as a data-quality issue — we do not auto Continue or auto No-Go until the cycle is clearer.,Review,0.982,We recommended **Review** (trained WITH inferred-interval features) because the billing-cycle signal is too uncertain (confidence 30% for “irregular / no clear calendar billing cycle”). Thin or ambiguous history is treated as a data-quality issue — we do not auto Continue or auto No-Go until the cycle is clearer.,Review,0.9697,We recommended **Review** (trained WITHOUT inferred-interval features) because the billing-cycle signal is too uncertain (confidence 30% for “irregular / no clear calendar billing cycle”). Thin or ambiguous history is treated as a data-quality issue — we do not auto Continue or auto No-Go until the cycle is clearer.,true,"Both models agree on **Review**. Adding the inferred interval changed churn probability by +1.2% (with=98%, without=97%).",20260712_032913,10,1.0
QIj04LC1OFAWXKE3,2025-03-05,irregular,0.1275,We inferred **irregular / no clear calendar billing cycle** because the gaps between invoices (typical gap ≈ 1 days) do not line up cleanly with monthly / quarterly / semi-annual / annual calendars Confidence in this label is **13%**.,Review,low_interval_confidence,interval_confidence 0.13 < 0.50; insufficient billing history to auto-decide (data-quality guardrail).,false,0.99,75.14,We recommended **Review** (trained WITH inferred-interval features) because the billing-cycle signal is too uncertain (confidence 13% for “irregular / no clear calendar billing cycle”). Thin or ambiguous history is treated as a data-quality issue — we do not auto Continue or auto No-Go until the cycle is clearer.,Review,0.99,We recommended **Review** (trained WITH inferred-interval features) because the billing-cycle signal is too uncertain (confidence 13% for “irregular / no clear calendar billing cycle”). Thin or ambiguous history is treated as a data-quality issue — we do not auto Continue or auto No-Go until the cycle is clearer.,Review,0.9914,We recommended **Review** (trained WITHOUT inferred-interval features) because the billing-cycle signal is too uncertain (confidence 13% for “irregular / no clear calendar billing cycle”). Thin or ambiguous history is treated as a data-quality issue — we do not auto Continue or auto No-Go until the cycle is clearer.,true,"Both models agree on **Review**. Adding the inferred interval changed churn probability by -0.1% (with=99%, without=99%).",20260712_032913,11,1.0
itUCn6DB3kaPfjXk,2025-03-05,monthly,0.5288,"We inferred **monthly billing (about every month)** because the typical gap between billing days is about 1 days, which matches monthly billing (about every month) across 10 observed cycle(s) (about 100% of gaps fit that pattern) and spacing looks somewhat uneven Confidence in this label is **53%**.",No-Go,high_churn_risk,"churn_prob 0.99 vs Continue<= 0.45, No-Go>= 0.70.",true,0.99,8.93,"Using the model **trained WITH inferred-interval features**, predicted chance of dollar churn is **99%** (high risk). That sits above the No-Go threshold, and interval confidence (53%) is high enough to auto-decide, so the recommendation is **No-Go** — decline or escalate for credit risk.",No-Go,0.99,"Using the model **trained WITH inferred-interval features**, predicted chance of dollar churn is **99%** (high risk). That sits above the No-Go threshold, and interval confidence (53%) is high enough to auto-decide, so the recommendation is **No-Go** — decline or escalate for credit risk.",No-Go,0.9927,"Using the model **trained WITHOUT inferred-interval features**, predicted chance of dollar churn is **99%** (high risk). That sits above the No-Go threshold, and interval confidence (53%) is high enough to auto-decide, so the recommendation is **No-Go** — decline or escalate for credit risk.",true,"Both models agree on **No-Go**. Adding the inferred interval changed churn probability by -0.3% (with=99%, without=99%).",20260712_032913,11,1.0
FOcrHtvKMHbHnB38,2025-03-05,irregular,0.05,We inferred **irregular / no clear calendar billing cycle** because the gaps between invoices (typical gap ≈ 1 days) do not line up cleanly with monthly / quarterly / semi-annual / annual calendars Confidence in this label is **5%**.,Review,low_interval_confidence,interval_confidence 0.05 < 0.50; insufficient billing history to auto-decide (data-quality guardrail).,false,0.9861,79.68,We recommended **Review** (trained WITH inferred-interval features) because the billing-cycle signal is too uncertain (confidence 5% for “irregular / no clear calendar billing cycle”). Thin or ambiguous history is treated as a data-quality issue — we do not auto Continue or auto No-Go until the cycle is clearer.,Review,0.9861,We recommended **Review** (trained WITH inferred-interval features) because the billing-cycle signal is too uncertain (confidence 5% for “irregular / no clear calendar billing cycle”). Thin or ambiguous history is treated as a data-quality issue — we do not auto Continue or auto No-Go until the cycle is clearer.,Review,0.9697,We recommended **Review** (trained WITHOUT inferred-interval features) because the billing-cycle signal is too uncertain (confidence 5% for “irregular / no clear calendar billing cycle”). Thin or ambiguous history is treated as a data-quality issue — we do not auto Continue or auto No-Go until the cycle is clearer.,true,"Both models agree on **Review**. Adding the inferred interval changed churn probability by +1.6% (with=99%, without=97%).",20260712_032913,10,1.0
CipH65A2VcXqcxHD,2025-03-05,irregular,0.0892,We inferred **irregular / no clear calendar billing cycle** because the gaps between invoices (typical gap ≈ 1 days) do not line up cleanly with monthly / quarterly / semi-annual / annual calendars Confidence in this label is **9%**.,Review,low_interval_confidence,interval_confidence 0.09 < 0.50; insufficient billing history to auto-decide (data-quality guardrail).,false,0.99,340.88,We recommended **Review** (trained WITH inferred-interval features) because the billing-cycle signal is too uncertain (confidence 9% for “irregular / no clear calendar billing cycle”). Thin or ambiguous history is treated as a data-quality issue — we do not auto Continue or auto No-Go until the cycle is clearer.,Review,0.99,We recommended **Review** (trained WITH inferred-interval features) because the billing-cycle signal is too uncertain (confidence 9% for “irregular / no clear calendar billing cycle”). Thin or ambiguous history is treated as a data-quality issue — we do not auto Continue or auto No-Go until the cycle is clearer.,Review,0.9697,We recommended **Review** (trained WITHOUT inferred-interval features) because the billing-cycle signal is too uncertain (confidence 9% for “irregular / no clear calendar billing cycle”). Thin or ambiguous history is treated as a data-quality issue — we do not auto Continue or auto No-Go until the cycle is clearer.,true,"Both models agree on **Review**. Adding the inferred interval changed churn probability by +2.0% (with=99%, without=97%).",20260712_032913,11,1.0
ON9xlUZG1NeIQDZD,2025-03-05,irregular,0.1275,We inferred **irregular / no clear calendar billing cycle** because the gaps between invoices (typical gap ≈ 1 days) do not line up cleanly with monthly / quarterly / semi-annual / annual calendars Confidence in this label is **13%**.,Review,low_interval_confidence,interval_confidence 0.13 < 0.50; insufficient billing history to auto-decide (data-quality guardrail).,false,0.99,75.14,We recommended **Review** (trained WITH inferred-interval features) because the billing-cycle signal is too uncertain (confidence 13% for “irregular / no clear calendar billing cycle”). Thin or ambiguous history is treated as a data-quality issue — we do not auto Continue or auto No-Go until the cycle is clearer.,Review,0.99,We recommended **Review** (trained WITH inferred-interval features) because the billing-cycle signal is too uncertain (confidence 13% for “irregular / no clear calendar billing cycle”). Thin or ambiguous history is treated as a data-quality issue — we do not auto Continue or auto No-Go until the cycle is clearer.,Review,0.9914,We recommended **Review** (trained WITHOUT inferred-interval features) because the billing-cycle signal is too uncertain (confidence 13% for “irregular / no clear calendar billing cycle”). Thin or ambiguous history is treated as a data-quality issue — we do not auto Continue or auto No-Go until the cycle is clearer.,true,"Both models agree on **Review**. Adding the inferred interval changed churn probability by -0.1% (with=99%, without=99%).",20260712_032913,11,1.0
Buojv8LO2qp5qXkm,2025-03-05,irregular,0.1275,We inferred **irregular / no clear calendar billing cycle** because the gaps between invoices (typical gap ≈ 1 days) do not line up cleanly with monthly / quarterly / semi-annual / annual calendars Confidence in this label is **13%**.,Review,low_interval_confidence,interval_confidence 0.13 < 0.50; insufficient billing history to auto-decide (data-quality guardrail).,false,0.99,340.88,We recommended **Review** (trained WITH inferred-interval features) because the billing-cycle signal is too uncertain (confidence 13% for “irregular / no clear calendar billing cycle”). Thin or ambiguous history is treated as a data-quality issue — we do not auto Continue or auto No-Go until the cycle is clearer.,Review,0.99,We recommended **Review** (trained WITH inferred-interval features) because the billing-cycle signal is too uncertain (confidence 13% for “irregular / no clear calendar billing cycle”). Thin or ambiguous history is treated as a data-quality issue — we do not auto Continue or auto No-Go until the cycle is clearer.,Review,0.9697,We recommended **Review** (trained WITHOUT inferred-interval features) because the billing-cycle signal is too uncertain (confidence 13% for “irregular / no clear calendar billing cycle”). Thin or ambiguous history is treated as a data-quality issue — we do not auto Continue or auto No-Go until the cycle is clearer.,true,"Both models agree on **Review**. Adding the inferred interval changed churn probability by +2.0% (with=99%, without=97%).",20260712_032913,11,1.0
Zssv3kmTJ0fVjkEr,2025-03-05,monthly,0.7078,"We inferred **monthly billing (about every month)** because the typical gap between billing days is about 31 days, which matches monthly billing (about every month) across 22 observed cycle(s) (about 100% of gaps fit that pattern) and spacing looks fairly regular Confidence in this label is **71%**.",No-Go,high_churn_risk,"churn_prob 0.80 vs Continue<= 0.45, No-Go>= 0.70.",true,0.8031,601.92,"Using the model **trained WITH inferred-interval features**, predicted chance of dollar churn is **80%** (high risk). That sits above the No-Go threshold, and interval confidence (71%) is high enough to auto-decide, so the recommendation is **No-Go** — decline or escalate for credit risk.",No-Go,0.8031,"Using the model **trained WITH inferred-interval features**, predicted chance of dollar churn is **80%** (high risk). That sits above the No-Go threshold, and interval confidence (71%) is high enough to auto-decide, so the recommendation is **No-Go** — decline or escalate for credit risk.",No-Go,0.9295,"Using the model **trained WITHOUT inferred-interval features**, predicted chance of dollar churn is **93%** (high risk). That sits above the No-Go threshold, and interval confidence (71%) is high enough to auto-decide, so the recommendation is **No-Go** — decline or escalate for credit risk.",true,"Both models agree on **No-Go**. Adding the inferred interval changed churn probability by -12.6% (with=80%, without=93%).",20260712_032913,23,31.0
AjgBEIr6w01VHn96,2025-03-05,annual,0.8653,"We inferred **annual billing (about once a year)** because the typical gap between billing days is about 366 days, which matches annual billing (about once a year) across 2 observed cycle(s) (about 100% of gaps fit that pattern) and spacing looks very regular Confidence in this label is **87%**.",Review,borderline_churn_risk,"churn_prob 0.50 vs Continue<= 0.45, No-Go>= 0.70.",false,0.4952,299.12,"Using the model **trained WITH inferred-interval features**, predicted chance of dollar churn is **50%** (elevated risk). That sits between the Continue and No-Go bands (or still needs analyst judgment), so the recommendation is **Review**.",Review,0.4952,"Using the model **trained WITH inferred-interval features**, predicted chance of dollar churn is **50%** (elevated risk). That sits between the Continue and No-Go bands (or still needs analyst judgment), so the recommendation is **Review**.",Review,0.5812,"Using the model **trained WITHOUT inferred-interval features**, predicted chance of dollar churn is **58%** (elevated risk). That sits between the Continue and No-Go bands (or still needs analyst judgment), so the recommendation is **Review**.",true,"Both models agree on **Review**. Adding the inferred interval changed churn probability by -8.6% (with=50%, without=58%).",20260712_032913,3,365.5
wkn7N4GnB2Q9YQ9A,2025-03-05,monthly,0.4261,"We inferred **monthly billing (about every month)** because the typical gap between billing days is about 30 days, which matches monthly billing (about every month) across 4 observed cycle(s) (about 100% of gaps fit that pattern) and spacing looks somewhat uneven Confidence in this label is **43%**.",Review,low_interval_confidence,interval_confidence 0.43 < 0.50; insufficient billing history to auto-decide (data-quality guardrail).,false,0.9912,0.59,We recommended **Review** (trained WITH inferred-interval features) because the billing-cycle signal is too uncertain (confidence 43% for “monthly billing (about every month)”). Thin or ambiguous history is treated as a data-quality issue — we do not auto Continue or auto No-Go until the cycle is clearer.,Review,0.9912,We recommended **Review** (trained WITH inferred-interval features) because the billing-cycle signal is too uncertain (confidence 43% for “monthly billing (about every month)”). Thin or ambiguous history is treated as a data-quality issue — we do not auto Continue or auto No-Go until the cycle is clearer.,Review,0.9927,We recommended **Review** (trained WITHOUT inferred-interval features) because the billing-cycle signal is too uncertain (confidence 43% for “monthly billing (about every month)”). Thin or ambiguous history is treated as a data-quality issue — we do not auto Continue or auto No-Go until the cycle is clearer.,true,"Both models agree on **Review**. Adding the inferred interval changed churn probability by -0.1% (with=99%, without=99%).",20260712_032913,5,30.0
UX97tX47eCnb0QOq,2025-03-05,irregular,0.3,We inferred **irregular / no clear calendar billing cycle** because the gaps between invoices (typical gap ≈ 1 days) do not line up cleanly with monthly / quarterly / semi-annual / annual calendars Confidence in this label is **30%**.,Review,low_interval_confidence,interval_confidence 0.30 < 0.50; insufficient billing history to auto-decide (data-quality guardrail).,false,0.982,191.94,We recommended **Review** (trained WITH inferred-interval features) because the billing-cycle signal is too uncertain (confidence 30% for “irregular / no clear calendar billing cycle”). Thin or ambiguous history is treated as a data-quality issue — we do not auto Continue or auto No-Go until the cycle is clearer.,Review,0.982,We recommended **Review** (trained WITH inferred-interval features) because the billing-cycle signal is too uncertain (confidence 30% for “irregular / no clear calendar billing cycle”). Thin or ambiguous history is treated as a data-quality issue — we do not auto Continue or auto No-Go until the cycle is clearer.,Review,0.9697,We recommended **Review** (trained WITHOUT inferred-interval features) because the billing-cycle signal is too uncertain (confidence 30% for “irregular / no clear calendar billing cycle”). Thin or ambiguous history is treated as a data-quality issue — we do not auto Continue or auto No-Go until the cycle is clearer.,true,"Both models agree on **Review**. Adding the inferred interval changed churn probability by +1.2% (with=98%, without=97%).",20260712_032913,10,1.0
QwIPFHjXUlH7AzRR,2025-03-05,monthly,0.6344,"We inferred **monthly billing (about every month)** because the typical gap between billing days is about 30 days, which matches monthly billing (about every month) across 13 observed cycle(s) (about 100% of gaps fit that pattern) and spacing looks somewhat uneven Confidence in this label is **63%**.",No-Go,high_churn_risk,"churn_prob 0.99 vs Continue<= 0.45, No-Go>= 0.70.",true,0.9948,2.37,"Using the model **trained WITH inferred-interval features**, predicted chance of dollar churn is **99%** (high risk). That sits above the No-Go threshold, and interval confidence (63%) is high enough to auto-decide, so the recommendation is **No-Go** — decline or escalate for credit risk.",No-Go,0.9948,"Using the model **trained WITH inferred-interval features**, predicted chance of dollar churn is **99%** (high risk). That sits above the No-Go threshold, and interval confidence (63%) is high enough to auto-decide, so the recommendation is **No-Go** — decline or escalate for credit risk.",No-Go,0.9927,"Using the model **trained WITHOUT inferred-interval features**, predicted chance of dollar churn is **99%** (high risk). That sits above the No-Go threshold, and interval confidence (63%) is high enough to auto-decide, so the recommendation is **No-Go** — decline or escalate for credit risk.",true,"Both models agree on **No-Go**. Adding the inferred interval changed churn probability by +0.2% (with=99%, without=99%).",20260712_032913,14,30.0
uLoKNPZ7BiAMzeod,2025-03-05,annual,0.8,"We inferred **annual billing (about once a year)** because the typical gap between billing days is about 365 days, which matches annual billing (about once a year) across 1 observed cycle(s) (about 100% of gaps fit that pattern) Confidence in this label is **80%**.",No-Go,high_churn_risk,"churn_prob 0.90 vs Continue<= 0.45, No-Go>= 0.70.",true,0.9015,34.68,"Using the model **trained WITH inferred-interval features**, predicted chance of dollar churn is **90%** (high risk). That sits above the No-Go threshold, and interval confidence (80%) is high enough to auto-decide, so the recommendation is **No-Go** — decline or escalate for credit risk.",No-Go,0.9015,"Using the model **trained WITH inferred-interval features**, predicted chance of dollar churn is **90%** (high risk). That sits above the No-Go threshold, and interval confidence (80%) is high enough to auto-decide, so the recommendation is **No-Go** — decline or escalate for credit risk.",No-Go,0.9022,"Using the model **trained WITHOUT inferred-interval features**, predicted chance of dollar churn is **90%** (high risk). That sits above the No-Go threshold, and interval confidence (80%) is high enough to auto-decide, so the recommendation is **No-Go** — decline or escalate for credit risk.",true,"Both models agree on **No-Go**. Adding the inferred interval changed churn probability by -0.1% (with=90%, without=90%).",20260712_032913,2,365.0
P9Wj90TEcfOffFzM,2025-03-05,mixed,0.2191,We inferred **mixed cadence (more than one regular billing pattern)** because invoice gaps cluster around more than one calendar period (for example a monthly subscription plus an annual fee) — the strongest pattern is monthly (about 67% of matched gaps) Confidence in this label is **22%**.,Review,low_interval_confidence,interval_confidence 0.22 < 0.50; insufficient billing history to auto-decide (data-quality guardrail).,false,0.6331,365.72,We recommended **Review** (trained WITH inferred-interval features) because the billing-cycle signal is too uncertain (confidence 22% for “mixed cadence (more than one regular billing pattern)”). Thin or ambiguous history is treated as a data-quality issue — we do not auto Continue or auto No-Go until the cycle is clearer.,Review,0.6331,We recommended **Review** (trained WITH inferred-interval features) because the billing-cycle signal is too uncertain (confidence 22% for “mixed cadence (more than one regular billing pattern)”). Thin or ambiguous history is treated as a data-quality issue — we do not auto Continue or auto No-Go until the cycle is clearer.,Review,0.7134,We recommended **Review** (trained WITHOUT inferred-interval features) because the billing-cycle signal is too uncertain (confidence 22% for “mixed cadence (more than one regular billing pattern)”). Thin or ambiguous history is treated as a data-quality issue — we do not auto Continue or auto No-Go until the cycle is clearer.,true,"Both models agree on **Review**. Adding the inferred interval changed churn probability by -8.0% (with=63%, without=71%).",20260712_032913,4,322.0
ZKqukMSyssgcLGsb,2025-03-05,quarterly,0.6321,"We inferred **quarterly billing (about every 3 months)** because the typical gap between billing days is about 1 days, which matches quarterly billing (about every 3 months) across 12 observed cycle(s) (about 100% of gaps fit that pattern) and spacing looks somewhat uneven Confidence in this label is **63%**.",No-Go,high_churn_risk,"churn_prob 1.00 vs Continue<= 0.45, No-Go>= 0.70.",true,1.0,2063.35,"Using the model **trained WITH inferred-interval features**, predicted chance of dollar churn is **100%** (high risk). That sits above the No-Go threshold, and interval confidence (63%) is high enough to auto-decide, so the recommendation is **No-Go** — decline or escalate for credit risk.",No-Go,1.0,"Using the model **trained WITH inferred-interval features**, predicted chance of dollar churn is **100%** (high risk). That sits above the No-Go threshold, and interval confidence (63%) is high enough to auto-decide, so the recommendation is **No-Go** — decline or escalate for credit risk.",No-Go,0.9956,"Using the model **trained WITHOUT inferred-interval features**, predicted chance of dollar churn is **100%** (high risk). That sits above the No-Go threshold, and interval confidence (63%) is high enough to auto-decide, so the recommendation is **No-Go** — decline or escalate for credit risk.",true,"Both models agree on **No-Go**. Adding the inferred interval changed churn probability by +0.4% (with=100%, without=100%).",20260712_032913,13,1.0
lawZ7OAZ9YUrwo7S,2025-03-05,irregular,0.1275,We inferred **irregular / no clear calendar billing cycle** because the gaps between invoices (typical gap ≈ 1 days) do not line up cleanly with monthly / quarterly / semi-annual / annual calendars Confidence in this label is **13%**.,Review,low_interval_confidence,interval_confidence 0.13 < 0.50; insufficient billing history to auto-decide (data-quality guardrail).,false,0.99,75.14,We recommended **Review** (trained WITH inferred-interval features) because the billing-cycle signal is too uncertain (confidence 13% for “irregular / no clear calendar billing cycle”). Thin or ambiguous history is treated as a data-quality issue — we do not auto Continue or auto No-Go until the cycle is clearer.,Review,0.99,We recommended **Review** (trained WITH inferred-interval features) because the billing-cycle signal is too uncertain (confidence 13% for “irregular / no clear calendar billing cycle”). Thin or ambiguous history is treated as a data-quality issue — we do not auto Continue or auto No-Go until the cycle is clearer.,Review,0.9914,We recommended **Review** (trained WITHOUT inferred-interval features) because the billing-cycle signal is too uncertain (confidence 13% for “irregular / no clear calendar billing cycle”). Thin or ambiguous history is treated as a data-quality issue — we do not auto Continue or auto No-Go until the cycle is clearer.,true,"Both models agree on **Review**. Adding the inferred interval changed churn probability by -0.1% (with=99%, without=99%).",20260712_032913,11,1.0
zQi3zN7sBrmjwPPS,2025-03-05,one_time_candidate,0.95,We inferred **looks like a one-time / non-recurring charge pattern** because there is essentially a single invoice followed by a long quiet period with no repeat billing Confidence in this label is **95%**.,No-Go,high_churn_risk,"churn_prob 0.98 vs Continue<= 0.45, No-Go>= 0.70.",true,0.982,1.12,"Using the model **trained WITH inferred-interval features**, predicted chance of dollar churn is **98%** (high risk). That sits above the No-Go threshold, and interval confidence (95%) is high enough to auto-decide, so the recommendation is **No-Go** — decline or escalate for credit risk.",No-Go,0.982,"Using the model **trained WITH inferred-interval features**, predicted chance of dollar churn is **98%** (high risk). That sits above the No-Go threshold, and interval confidence (95%) is high enough to auto-decide, so the recommendation is **No-Go** — decline or escalate for credit risk.",No-Go,0.9667,"Using the model **trained WITHOUT inferred-interval features**, predicted chance of dollar churn is **97%** (high risk). That sits above the No-Go threshold, and interval confidence (95%) is high enough to auto-decide, so the recommendation is **No-Go** — decline or escalate for credit risk.",true,"Both models agree on **No-Go**. Adding the inferred interval changed churn probability by +1.5% (with=98%, without=97%).",20260712_032913,1,
s8DTDo1OlFmezJ3v,2025-03-05,monthly,0.7984,"We inferred **monthly billing (about every month)** because the typical gap between billing days is about 361 days, which matches monthly billing (about every month) across 1 observed cycle(s) (about 100% of gaps fit that pattern) Confidence in this label is **80%**.",No-Go,high_churn_risk,"churn_prob 0.94 vs Continue<= 0.45, No-Go>= 0.70.",true,0.9429,17.96,"Using the model **trained WITH inferred-interval features**, predicted chance of dollar churn is **94%** (high risk). That sits above the No-Go threshold, and interval confidence (80%) is high enough to auto-decide, so the recommendation is **No-Go** — decline or escalate for credit risk.",No-Go,0.9429,"Using the model **trained WITH inferred-interval features**, predicted chance of dollar churn is **94%** (high risk). That sits above the No-Go threshold, and interval confidence (80%) is high enough to auto-decide, so the recommendation is **No-Go** — decline or escalate for credit risk.",No-Go,0.9504,"Using the model **trained WITHOUT inferred-interval features**, predicted chance of dollar churn is **95%** (high risk). That sits above the No-Go threshold, and interval confidence (80%) is high enough to auto-decide, so the recommendation is **No-Go** — decline or escalate for credit risk.",true,"Both models agree on **No-Go**. Adding the inferred interval changed churn probability by -0.8% (with=94%, without=95%).",20260712_032913,2,361.0
RZOQOwqaAY7RkKgk,2025-03-05,monthly,0.6332,"We inferred **monthly billing (about every month)** because the typical gap between billing days is about 134 days, which matches monthly billing (about every month) across 5 observed cycle(s) (about 100% of gaps fit that pattern) and spacing looks somewhat uneven Confidence in this label is **63%**.",Review,borderline_churn_risk,"churn_prob 0.50 vs Continue<= 0.45, No-Go>= 0.70.",false,0.4952,379.45,"Using the model **trained WITH inferred-interval features**, predicted chance of dollar churn is **50%** (elevated risk). That sits between the Continue and No-Go bands (or still needs analyst judgment), so the recommendation is **Review**.",Review,0.4952,"Using the model **trained WITH inferred-interval features**, predicted chance of dollar churn is **50%** (elevated risk). That sits between the Continue and No-Go bands (or still needs analyst judgment), so the recommendation is **Review**.",Review,0.5812,"Using the model **trained WITHOUT inferred-interval features**, predicted chance of dollar churn is **58%** (elevated risk). That sits between the Continue and No-Go bands (or still needs analyst judgment), so the recommendation is **Review**.",true,"Both models agree on **Review**. Adding the inferred interval changed churn probability by -8.6% (with=50%, without=58%).",20260712_032913,6,134.0
Pt995WfuVr49kKIe,2025-03-05,monthly,0.4957,"We inferred **monthly billing (about every month)** because the typical gap between billing days is about 1 days, which matches monthly billing (about every month) across 5 observed cycle(s) (about 100% of gaps fit that pattern) and spacing looks somewhat uneven Confidence in this label is **50%**.",Review,low_interval_confidence,interval_confidence 0.50 < 0.50; insufficient billing history to auto-decide (data-quality guardrail).,false,0.982,69.53,We recommended **Review** (trained WITH inferred-interval features) because the billing-cycle signal is too uncertain (confidence 50% for “monthly billing (about every month)”). Thin or ambiguous history is treated as a data-quality issue — we do not auto Continue or auto No-Go until the cycle is clearer.,Review,0.982,We recommended **Review** (trained WITH inferred-interval features) because the billing-cycle signal is too uncertain (confidence 50% for “monthly billing (about every month)”). Thin or ambiguous history is treated as a data-quality issue — we do not auto Continue or auto No-Go until the cycle is clearer.,Review,0.9697,We recommended **Review** (trained WITHOUT inferred-interval features) because the billing-cycle signal is too uncertain (confidence 50% for “monthly billing (about every month)”). Thin or ambiguous history is treated as a data-quality issue — we do not auto Continue or auto No-Go until the cycle is clearer.,true,"Both models agree on **Review**. Adding the inferred interval changed churn probability by +1.2% (with=98%, without=97%).",20260712_032913,6,1.0
bqf9enWILjto2nOy,2025-03-05,monthly,0.5365,"We inferred **monthly billing (about every month)** because the typical gap between billing days is about 30 days, which matches monthly billing (about every month) across 24 observed cycle(s) (about 100% of gaps fit that pattern) and spacing looks somewhat uneven Confidence in this label is **54%**.",No-Go,high_churn_risk,"churn_prob 0.98 vs Continue<= 0.45, No-Go>= 0.70.",true,0.982,716.16,"Using the model **trained WITH inferred-interval features**, predicted chance of dollar churn is **98%** (high risk). That sits above the No-Go threshold, and interval confidence (54%) is high enough to auto-decide, so the recommendation is **No-Go** — decline or escalate for credit risk.",No-Go,0.982,"Using the model **trained WITH inferred-interval features**, predicted chance of dollar churn is **98%** (high risk). That sits above the No-Go threshold, and interval confidence (54%) is high enough to auto-decide, so the recommendation is **No-Go** — decline or escalate for credit risk.",No-Go,0.9856,"Using the model **trained WITHOUT inferred-interval features**, predicted chance of dollar churn is **99%** (high risk). That sits above the No-Go threshold, and interval confidence (54%) is high enough to auto-decide, so the recommendation is **No-Go** — decline or escalate for credit risk.",true,"Both models agree on **No-Go**. Adding the inferred interval changed churn probability by -0.4% (with=98%, without=99%).",20260712_032913,25,30.0
gf6GMqy2cXagQf0o,2025-03-05,monthly,0.6719,"We inferred **monthly billing (about every month)** because the typical gap between billing days is about 29 days, which matches monthly billing (about every month) across 20 observed cycle(s) (about 100% of gaps fit that pattern) and spacing looks somewhat uneven Confidence in this label is **67%**.",No-Go,high_churn_risk,"churn_prob 0.99 vs Continue<= 0.45, No-Go>= 0.70.",true,0.9912,8.53,"Using the model **trained WITH inferred-interval features**, predicted chance of dollar churn is **99%** (high risk). That sits above the No-Go threshold, and interval confidence (67%) is high enough to auto-decide, so the recommendation is **No-Go** — decline or escalate for credit risk.",No-Go,0.9912,"Using the model **trained WITH inferred-interval features**, predicted chance of dollar churn is **99%** (high risk). That sits above the No-Go threshold, and interval confidence (67%) is high enough to auto-decide, so the recommendation is **No-Go** — decline or escalate for credit risk.",No-Go,0.9927,"Using the model **trained WITHOUT inferred-interval features**, predicted chance of dollar churn is **99%** (high risk). That sits above the No-Go threshold, and interval confidence (67%) is high enough to auto-decide, so the recommendation is **No-Go** — decline or escalate for credit risk.",true,"Both models agree on **No-Go**. Adding the inferred interval changed churn probability by -0.1% (with=99%, without=99%).",20260712_032913,21,29.0
UJf9XnHnoqcQjz9B,2025-03-05,irregular,0.3,We inferred **irregular / no clear calendar billing cycle** because the gaps between invoices (typical gap ≈ 1 days) do not line up cleanly with monthly / quarterly / semi-annual / annual calendars Confidence in this label is **30%**.,Review,low_interval_confidence,interval_confidence 0.30 < 0.50; insufficient billing history to auto-decide (data-quality guardrail).,false,0.8031,49.86,We recommended **Review** (trained WITH inferred-interval features) because the billing-cycle signal is too uncertain (confidence 30% for “irregular / no clear calendar billing cycle”). Thin or ambiguous history is treated as a data-quality issue — we do not auto Continue or auto No-Go until the cycle is clearer.,Review,0.8031,We recommended **Review** (trained WITH inferred-interval features) because the billing-cycle signal is too uncertain (confidence 30% for “irregular / no clear calendar billing cycle”). Thin or ambiguous history is treated as a data-quality issue — we do not auto Continue or auto No-Go until the cycle is clearer.,Review,0.8052,We recommended **Review** (trained WITHOUT inferred-interval features) because the billing-cycle signal is too uncertain (confidence 30% for “irregular / no clear calendar billing cycle”). Thin or ambiguous history is treated as a data-quality issue — we do not auto Continue or auto No-Go until the cycle is clearer.,true,"Both models agree on **Review**. Adding the inferred interval changed churn probability by -0.2% (with=80%, without=81%).",20260712_032913,3,1.0
YV99duMA27PbnY4b,2025-03-05,annual,0.4373,"We inferred **annual billing (about once a year)** because the typical gap between billing days is about 184 days, which matches annual billing (about once a year) across 2 observed cycle(s) (about 100% of gaps fit that pattern) and spacing looks somewhat uneven Confidence in this label is **44%**.",Review,low_interval_confidence,interval_confidence 0.44 < 0.50; insufficient billing history to auto-decide (data-quality guardrail).,false,0.6331,19.32,We recommended **Review** (trained WITH inferred-interval features) because the billing-cycle signal is too uncertain (confidence 44% for “annual billing (about once a year)”). Thin or ambiguous history is treated as a data-quality issue — we do not auto Continue or auto No-Go until the cycle is clearer.,Review,0.6331,We recommended **Review** (trained WITH inferred-interval features) because the billing-cycle signal is too uncertain (confidence 44% for “annual billing (about once a year)”). Thin or ambiguous history is treated as a data-quality issue — we do not auto Continue or auto No-Go until the cycle is clearer.,Review,0.7134,We recommended **Review** (trained WITHOUT inferred-interval features) because the billing-cycle signal is too uncertain (confidence 44% for “annual billing (about once a year)”). Thin or ambiguous history is treated as a data-quality issue — we do not auto Continue or auto No-Go until the cycle is clearer.,true,"Both models agree on **Review**. Adding the inferred interval changed churn probability by -8.0% (with=63%, without=71%).",20260712_032913,3,184.0
P6nzQt1hKpBRHmuO,2025-03-05,monthly,0.8651,"We inferred **monthly billing (about every month)** because the typical gap between billing days is about 31 days, which matches monthly billing (about every month) across 7 observed cycle(s) (about 100% of gaps fit that pattern) and spacing looks very regular Confidence in this label is **87%**.",No-Go,high_churn_risk,"churn_prob 0.99 vs Continue<= 0.45, No-Go>= 0.70.",true,0.99,0.94,"Using the model **trained WITH inferred-interval features**, predicted chance of dollar churn is **99%** (high risk). That sits above the No-Go threshold, and interval confidence (87%) is high enough to auto-decide, so the recommendation is **No-Go** — decline or escalate for credit risk.",No-Go,0.99,"Using the model **trained WITH inferred-interval features**, predicted chance of dollar churn is **99%** (high risk). That sits above the No-Go threshold, and interval confidence (87%) is high enough to auto-decide, so the recommendation is **No-Go** — decline or escalate for credit risk.",No-Go,0.9856,"Using the model **trained WITHOUT inferred-interval features**, predicted chance of dollar churn is **99%** (high risk). That sits above the No-Go threshold, and interval confidence (87%) is high enough to auto-decide, so the recommendation is **No-Go** — decline or escalate for credit risk.",true,"Both models agree on **No-Go**. Adding the inferred interval changed churn probability by +0.4% (with=99%, without=99%).",20260712_032913,8,31.0
AXJ2z2d83ZSShJs2,2025-03-05,monthly,0.7074,"We inferred **monthly billing (about every month)** because the typical gap between billing days is about 27 days, which matches monthly billing (about every month) across 2 observed cycle(s) (about 100% of gaps fit that pattern) and spacing looks very regular Confidence in this label is **71%**.",No-Go,high_churn_risk,"churn_prob 0.97 vs Continue<= 0.45, No-Go>= 0.70.",true,0.9656,0.0,"Using the model **trained WITH inferred-interval features**, predicted chance of dollar churn is **97%** (high risk). That sits above the No-Go threshold, and interval confidence (71%) is high enough to auto-decide, so the recommendation is **No-Go** — decline or escalate for credit risk.",No-Go,0.9656,"Using the model **trained WITH inferred-interval features**, predicted chance of dollar churn is **97%** (high risk). That sits above the No-Go threshold, and interval confidence (71%) is high enough to auto-decide, so the recommendation is **No-Go** — decline or escalate for credit risk.",No-Go,0.9697,"Using the model **trained WITHOUT inferred-interval features**, predicted chance of dollar churn is **97%** (high risk). That sits above the No-Go threshold, and interval confidence (71%) is high enough to auto-decide, so the recommendation is **No-Go** — decline or escalate for credit risk.",true,"Both models agree on **No-Go**. Adding the inferred interval changed churn probability by -0.4% (with=97%, without=97%).",20260712_032913,3,27.0
sK3WFioikjbw2faG,2025-03-05,annual,0.6636,"We inferred **annual billing (about once a year)** because the typical gap between billing days is about 1 days, which matches annual billing (about once a year) across 10 observed cycle(s) (about 100% of gaps fit that pattern) and spacing looks somewhat uneven Confidence in this label is **66%**.",No-Go,high_churn_risk,"churn_prob 0.99 vs Continue<= 0.45, No-Go>= 0.70.",true,0.99,272.18,"Using the model **trained WITH inferred-interval features**, predicted chance of dollar churn is **99%** (high risk). That sits above the No-Go threshold, and interval confidence (66%) is high enough to auto-decide, so the recommendation is **No-Go** — decline or escalate for credit risk.",No-Go,0.99,"Using the model **trained WITH inferred-interval features**, predicted chance of dollar churn is **99%** (high risk). That sits above the No-Go threshold, and interval confidence (66%) is high enough to auto-decide, so the recommendation is **No-Go** — decline or escalate for credit risk.",No-Go,0.9856,"Using the model **trained WITHOUT inferred-interval features**, predicted chance of dollar churn is **99%** (high risk). That sits above the No-Go threshold, and interval confidence (66%) is high enough to auto-decide, so the recommendation is **No-Go** — decline or escalate for credit risk.",true,"Both models agree on **No-Go**. Adding the inferred interval changed churn probability by +0.4% (with=99%, without=99%).",20260712_032913,11,1.0
tAcA7X00Y8zfhnNo,2025-03-05,monthly,0.5906,"We inferred **monthly billing (about every month)** because the typical gap between billing days is about 1 days, which matches monthly billing (about every month) across 10 observed cycle(s) (about 100% of gaps fit that pattern) and spacing looks somewhat uneven Confidence in this label is **59%**.",No-Go,high_churn_risk,"churn_prob 0.99 vs Continue<= 0.45, No-Go>= 0.70.",true,0.9912,166.62,"Using the model **trained WITH inferred-interval features**, predicted chance of dollar churn is **99%** (high risk). That sits above the No-Go threshold, and interval confidence (59%) is high enough to auto-decide, so the recommendation is **No-Go** — decline or escalate for credit risk.",No-Go,0.9912,"Using the model **trained WITH inferred-interval features**, predicted chance of dollar churn is **99%** (high risk). That sits above the No-Go threshold, and interval confidence (59%) is high enough to auto-decide, so the recommendation is **No-Go** — decline or escalate for credit risk.",No-Go,0.9927,"Using the model **trained WITHOUT inferred-interval features**, predicted chance of dollar churn is **99%** (high risk). That sits above the No-Go threshold, and interval confidence (59%) is high enough to auto-decide, so the recommendation is **No-Go** — decline or escalate for credit risk.",true,"Both models agree on **No-Go**. Adding the inferred interval changed churn probability by -0.1% (with=99%, without=99%).",20260712_032913,11,1.0
Tw6tVPHMU41S5T8K,2025-03-05,monthly,0.9512,"We inferred **monthly billing (about every month)** because the typical gap between billing days is about 31 days, which matches monthly billing (about every month) across 24 observed cycle(s) (about 100% of gaps fit that pattern) and spacing looks very regular Confidence in this label is **95%**.",Review,borderline_churn_risk,"churn_prob 0.50 vs Continue<= 0.45, No-Go>= 0.70.",false,0.4952,218.69,"Using the model **trained WITH inferred-interval features**, predicted chance of dollar churn is **50%** (elevated risk). That sits between the Continue and No-Go bands (or still needs analyst judgment), so the recommendation is **Review**.",Review,0.4952,"Using the model **trained WITH inferred-interval features**, predicted chance of dollar churn is **50%** (elevated risk). That sits between the Continue and No-Go bands (or still needs analyst judgment), so the recommendation is **Review**.",Continue,0.3002,"Using the model **trained WITHOUT inferred-interval features**, predicted chance of dollar churn is **30%** (elevated risk). That sits below the Continue threshold, and interval confidence (95%) is high enough to auto-decide, so the recommendation is **Continue** — proceed with onboarding.",false,"The models **disagree**: with interval → **Review**, without interval → **Continue**. Churn probability shifts from 30% (no interval) to 50% (with interval), Δ=+19.5%. This is exactly the decision-relevant value of the inferred cycle.",20260712_032913,25,31.0
OWSfpNqqKTsfViQ0,2025-03-05,monthly,0.5579,"We inferred **monthly billing (about every month)** because the typical gap between billing days is about 1 days, which matches monthly billing (about every month) across 12 observed cycle(s) (about 100% of gaps fit that pattern) and spacing looks somewhat uneven Confidence in this label is **56%**.",No-Go,high_churn_risk,"churn_prob 0.99 vs Continue<= 0.45, No-Go>= 0.70.",true,0.9948,8.49,"Using the model **trained WITH inferred-interval features**, predicted chance of dollar churn is **99%** (high risk). That sits above the No-Go threshold, and interval confidence (56%) is high enough to auto-decide, so the recommendation is **No-Go** — decline or escalate for credit risk.",No-Go,0.9948,"Using the model **trained WITH inferred-interval features**, predicted chance of dollar churn is **99%** (high risk). That sits above the No-Go threshold, and interval confidence (56%) is high enough to auto-decide, so the recommendation is **No-Go** — decline or escalate for credit risk.",No-Go,0.9927,"Using the model **trained WITHOUT inferred-interval features**, predicted chance of dollar churn is **99%** (high risk). That sits above the No-Go threshold, and interval confidence (56%) is high enough to auto-decide, so the recommendation is **No-Go** — decline or escalate for credit risk.",true,"Both models agree on **No-Go**. Adding the inferred interval changed churn probability by +0.2% (with=99%, without=99%).",20260712_032913,13,1.0
r6ffA5oXVLlyseX8,2025-03-05,annual,0.8653,"We inferred **annual billing (about once a year)** because the typical gap between billing days is about 366 days, which matches annual billing (about once a year) across 2 observed cycle(s) (about 100% of gaps fit that pattern) and spacing looks very regular Confidence in this label is **87%**.",Review,borderline_churn_risk,"churn_prob 0.50 vs Continue<= 0.45, No-Go>= 0.70.",false,0.4952,299.21,"Using the model **trained WITH inferred-interval features**, predicted chance of dollar churn is **50%** (elevated risk). That sits between the Continue and No-Go bands (or still needs analyst judgment), so the recommendation is **Review**.",Review,0.4952,"Using the model **trained WITH inferred-interval features**, predicted chance of dollar churn is **50%** (elevated risk). That sits between the Continue and No-Go bands (or still needs analyst judgment), so the recommendation is **Review**.",Review,0.5812,"Using the model **trained WITHOUT inferred-interval features**, predicted chance of dollar churn is **58%** (elevated risk). That sits between the Continue and No-Go bands (or still needs analyst judgment), so the recommendation is **Review**.",true,"Both models agree on **Review**. Adding the inferred interval changed churn probability by -8.6% (with=50%, without=58%).",20260712_032913,3,365.5
uW6t8UMOTejQckpv,2025-03-05,quarterly,0.4064,"We inferred **quarterly billing (about every 3 months)** because the typical gap between billing days is about 1 days, which matches quarterly billing (about every 3 months) across 10 observed cycle(s) (about 100% of gaps fit that pattern) and spacing looks somewhat uneven Confidence in this label is **41%**.",Review,low_interval_confidence,interval_confidence 0.41 < 0.50; insufficient billing history to auto-decide (data-quality guardrail).,false,0.9861,28.94,We recommended **Review** (trained WITH inferred-interval features) because the billing-cycle signal is too uncertain (confidence 41% for “quarterly billing (about every 3 months)”). Thin or ambiguous history is treated as a data-quality issue — we do not auto Continue or auto No-Go until the cycle is clearer.,Review,0.9861,We recommended **Review** (trained WITH inferred-interval features) because the billing-cycle signal is too uncertain (confidence 41% for “quarterly billing (about every 3 months)”). Thin or ambiguous history is treated as a data-quality issue — we do not auto Continue or auto No-Go until the cycle is clearer.,Review,0.9697,We recommended **Review** (trained WITHOUT inferred-interval features) because the billing-cycle signal is too uncertain (confidence 41% for “quarterly billing (about every 3 months)”). Thin or ambiguous history is treated as a data-quality issue — we do not auto Continue or auto No-Go until the cycle is clearer.,true,"Both models agree on **Review**. Adding the inferred interval changed churn probability by +1.6% (with=99%, without=97%).",20260712_032913,11,1.0
uAr55F6LP6gpdTQG,2025-03-05,monthly,0.6615,"We inferred **monthly billing (about every month)** because the typical gap between billing days is about 28 days, which matches monthly billing (about every month) across 1 observed cycle(s) (about 100% of gaps fit that pattern) Confidence in this label is **66%**.",No-Go,high_churn_risk,"churn_prob 0.95 vs Continue<= 0.45, No-Go>= 0.70.",true,0.9494,0.78,"Using the model **trained WITH inferred-interval features**, predicted chance of dollar churn is **95%** (high risk). That sits above the No-Go threshold, and interval confidence (66%) is high enough to auto-decide, so the recommendation is **No-Go** — decline or escalate for credit risk.",No-Go,0.9494,"Using the model **trained WITH inferred-interval features**, predicted chance of dollar churn is **95%** (high risk). That sits above the No-Go threshold, and interval confidence (66%) is high enough to auto-decide, so the recommendation is **No-Go** — decline or escalate for credit risk.",No-Go,0.9295,"Using the model **trained WITHOUT inferred-interval features**, predicted chance of dollar churn is **93%** (high risk). That sits above the No-Go threshold, and interval confidence (66%) is high enough to auto-decide, so the recommendation is **No-Go** — decline or escalate for credit risk.",true,"Both models agree on **No-Go**. Adding the inferred interval changed churn probability by +2.0% (with=95%, without=93%).",20260712_032913,2,28.0
OYPJElfoK44J0Cz5,2025-03-05,monthly,0.8205,"We inferred **monthly billing (about every month)** because the typical gap between billing days is about 30 days, which matches monthly billing (about every month) across 5 observed cycle(s) (about 100% of gaps fit that pattern) and spacing looks very regular Confidence in this label is **82%**.",No-Go,high_churn_risk,"churn_prob 0.99 vs Continue<= 0.45, No-Go>= 0.70.",true,0.99,17.37,"Using the model **trained WITH inferred-interval features**, predicted chance of dollar churn is **99%** (high risk). That sits above the No-Go threshold, and interval confidence (82%) is high enough to auto-decide, so the recommendation is **No-Go** — decline or escalate for credit risk.",No-Go,0.99,"Using the model **trained WITH inferred-interval features**, predicted chance of dollar churn is **99%** (high risk). That sits above the No-Go threshold, and interval confidence (82%) is high enough to auto-decide, so the recommendation is **No-Go** — decline or escalate for credit risk.",No-Go,0.9914,"Using the model **trained WITHOUT inferred-interval features**, predicted chance of dollar churn is **99%** (high risk). That sits above the No-Go threshold, and interval confidence (82%) is high enough to auto-decide, so the recommendation is **No-Go** — decline or escalate for credit risk.",true,"Both models agree on **No-Go**. Adding the inferred interval changed churn probability by -0.1% (with=99%, without=99%).",20260712_032913,6,30.0
J9bLSa8iJG27L3S6,2025-03-05,monthly,0.9031,"We inferred **monthly billing (about every month)** because the typical gap between billing days is about 30 days, which matches monthly billing (about every month) across 10 observed cycle(s) (about 100% of gaps fit that pattern) and spacing looks very regular Confidence in this label is **90%**.",No-Go,high_churn_risk,"churn_prob 0.98 vs Continue<= 0.45, No-Go>= 0.70.",true,0.982,1.63,"Using the model **trained WITH inferred-interval features**, predicted chance of dollar churn is **98%** (high risk). That sits above the No-Go threshold, and interval confidence (90%) is high enough to auto-decide, so the recommendation is **No-Go** — decline or escalate for credit risk.",No-Go,0.982,"Using the model **trained WITH inferred-interval features**, predicted chance of dollar churn is **98%** (high risk). That sits above the No-Go threshold, and interval confidence (90%) is high enough to auto-decide, so the recommendation is **No-Go** — decline or escalate for credit risk.",No-Go,0.9718,"Using the model **trained WITHOUT inferred-interval features**, predicted chance of dollar churn is **97%** (high risk). That sits above the No-Go threshold, and interval confidence (90%) is high enough to auto-decide, so the recommendation is **No-Go** — decline or escalate for credit risk.",true,"Both models agree on **No-Go**. Adding the inferred interval changed churn probability by +1.0% (with=98%, without=97%).",20260712_032913,11,30.5
IO8niLiZ1xnOni2t,2025-03-05,annual,0.6636,"We inferred **annual billing (about once a year)** because the typical gap between billing days is about 1 days, which matches annual billing (about once a year) across 10 observed cycle(s) (about 100% of gaps fit that pattern) and spacing looks somewhat uneven Confidence in this label is **66%**.",No-Go,high_churn_risk,"churn_prob 0.99 vs Continue<= 0.45, No-Go>= 0.70.",true,0.99,272.18,"Using the model **trained WITH inferred-interval features**, predicted chance of dollar churn is **99%** (high risk). That sits above the No-Go threshold, and interval confidence (66%) is high enough to auto-decide, so the recommendation is **No-Go** — decline or escalate for credit risk.",No-Go,0.99,"Using the model **trained WITH inferred-interval features**, predicted chance of dollar churn is **99%** (high risk). That sits above the No-Go threshold, and interval confidence (66%) is high enough to auto-decide, so the recommendation is **No-Go** — decline or escalate for credit risk.",No-Go,0.9856,"Using the model **trained WITHOUT inferred-interval features**, predicted chance of dollar churn is **99%** (high risk). That sits above the No-Go threshold, and interval confidence (66%) is high enough to auto-decide, so the recommendation is **No-Go** — decline or escalate for credit risk.",true,"Both models agree on **No-Go**. Adding the inferred interval changed churn probability by +0.4% (with=99%, without=99%).",20260712_032913,11,1.0
bvBpq44pFzTNNhnJ,2025-03-05,monthly,0.5595,"We inferred **monthly billing (about every month)** because the typical gap between billing days is about 1 days, which matches monthly billing (about every month) across 12 observed cycle(s) (about 100% of gaps fit that pattern) and spacing looks somewhat uneven Confidence in this label is **56%**.",No-Go,high_churn_risk,"churn_prob 0.99 vs Continue<= 0.45, No-Go>= 0.70.",true,0.9948,8.49,"Using the model **trained WITH inferred-interval features**, predicted chance of dollar churn is **99%** (high risk). That sits above the No-Go threshold, and interval confidence (56%) is high enough to auto-decide, so the recommendation is **No-Go** — decline or escalate for credit risk.",No-Go,0.9948,"Using the model **trained WITH inferred-interval features**, predicted chance of dollar churn is **99%** (high risk). That sits above the No-Go threshold, and interval confidence (56%) is high enough to auto-decide, so the recommendation is **No-Go** — decline or escalate for credit risk.",No-Go,0.9927,"Using the model **trained WITHOUT inferred-interval features**, predicted chance of dollar churn is **99%** (high risk). That sits above the No-Go threshold, and interval confidence (56%) is high enough to auto-decide, so the recommendation is **No-Go** — decline or escalate for credit risk.",true,"Both models agree on **No-Go**. Adding the inferred interval changed churn probability by +0.2% (with=99%, without=99%).",20260712_032913,13,1.0
KgqVLyUalT5lAbzl,2025-03-05,irregular,0.05,We inferred **irregular / no clear calendar billing cycle** because the gaps between invoices (typical gap ≈ 1 days) do not line up cleanly with monthly / quarterly / semi-annual / annual calendars Confidence in this label is **5%**.,Review,low_interval_confidence,interval_confidence 0.05 < 0.50; insufficient billing history to auto-decide (data-quality guardrail).,false,0.982,51.97,We recommended **Review** (trained WITH inferred-interval features) because the billing-cycle signal is too uncertain (confidence 5% for “irregular / no clear calendar billing cycle”). Thin or ambiguous history is treated as a data-quality issue — we do not auto Continue or auto No-Go until the cycle is clearer.,Review,0.982,We recommended **Review** (trained WITH inferred-interval features) because the billing-cycle signal is too uncertain (confidence 5% for “irregular / no clear calendar billing cycle”). Thin or ambiguous history is treated as a data-quality issue — we do not auto Continue or auto No-Go until the cycle is clearer.,Review,0.9697,We recommended **Review** (trained WITHOUT inferred-interval features) because the billing-cycle signal is too uncertain (confidence 5% for “irregular / no clear calendar billing cycle”). Thin or ambiguous history is treated as a data-quality issue — we do not auto Continue or auto No-Go until the cycle is clearer.,true,"Both models agree on **Review**. Adding the inferred interval changed churn probability by +1.2% (with=98%, without=97%).",20260712_032913,12,1.0
ipV3F2oDpBDayfZc,2025-03-05,annual,0.7997,"We inferred **annual billing (about once a year)** because the typical gap between billing days is about 365 days, which matches annual billing (about once a year) across 1 observed cycle(s) (about 100% of gaps fit that pattern) Confidence in this label is **80%**.",No-Go,high_churn_risk,"churn_prob 0.83 vs Continue<= 0.45, No-Go>= 0.70.",true,0.8318,32.25,"Using the model **trained WITH inferred-interval features**, predicted chance of dollar churn is **83%** (high risk). That sits above the No-Go threshold, and interval confidence (80%) is high enough to auto-decide, so the recommendation is **No-Go** — decline or escalate for credit risk.",No-Go,0.8318,"Using the model **trained WITH inferred-interval features**, predicted chance of dollar churn is **83%** (high risk). That sits above the No-Go threshold, and interval confidence (80%) is high enough to auto-decide, so the recommendation is **No-Go** — decline or escalate for credit risk.",No-Go,0.819,"Using the model **trained WITHOUT inferred-interval features**, predicted chance of dollar churn is **82%** (high risk). That sits above the No-Go threshold, and interval confidence (80%) is high enough to auto-decide, so the recommendation is **No-Go** — decline or escalate for credit risk.",true,"Both models agree on **No-Go**. Adding the inferred interval changed churn probability by +1.3% (with=83%, without=82%).",20260712_032913,2,365.0
4ENfV39I5y0D0S4o,2025-03-05,monthly,0.4373,"We inferred **monthly billing (about every month)** because the typical gap between billing days is about 200 days, which matches monthly billing (about every month) across 2 observed cycle(s) (about 100% of gaps fit that pattern) and spacing looks somewhat uneven Confidence in this label is **44%**.",Review,low_interval_confidence,interval_confidence 0.44 < 0.50; insufficient billing history to auto-decide (data-quality guardrail).,false,0.4503,173.9,We recommended **Review** (trained WITH inferred-interval features) because the billing-cycle signal is too uncertain (confidence 44% for “monthly billing (about every month)”). Thin or ambiguous history is treated as a data-quality issue — we do not auto Continue or auto No-Go until the cycle is clearer.,Review,0.4503,We recommended **Review** (trained WITH inferred-interval features) because the billing-cycle signal is too uncertain (confidence 44% for “monthly billing (about every month)”). Thin or ambiguous history is treated as a data-quality issue — we do not auto Continue or auto No-Go until the cycle is clearer.,Review,0.4082,We recommended **Review** (trained WITHOUT inferred-interval features) because the billing-cycle signal is too uncertain (confidence 44% for “monthly billing (about every month)”). Thin or ambiguous history is treated as a data-quality issue — we do not auto Continue or auto No-Go until the cycle is clearer.,true,"Both models agree on **Review**. Adding the inferred interval changed churn probability by +4.2% (with=45%, without=41%).",20260712_032913,3,199.5
QKDgF1epeQuMXROb,2025-03-05,monthly,0.6738,"We inferred **monthly billing (about every month)** because the typical gap between billing days is about 30 days, which matches monthly billing (about every month) across 22 observed cycle(s) (about 95% of gaps fit that pattern; 2 competing patterns seen) and spacing looks fairly regular Confidence in this label is **67%**.",Review,borderline_churn_risk,"churn_prob 0.52 vs Continue<= 0.45, No-Go>= 0.70.",false,0.5207,213.96,"Using the model **trained WITH inferred-interval features**, predicted chance of dollar churn is **52%** (elevated risk). That sits between the Continue and No-Go bands (or still needs analyst judgment), so the recommendation is **Review**.",Review,0.5207,"Using the model **trained WITH inferred-interval features**, predicted chance of dollar churn is **52%** (elevated risk). That sits between the Continue and No-Go bands (or still needs analyst judgment), so the recommendation is **Review**.",Review,0.5812,"Using the model **trained WITHOUT inferred-interval features**, predicted chance of dollar churn is **58%** (elevated risk). That sits between the Continue and No-Go bands (or still needs analyst judgment), so the recommendation is **Review**.",true,"Both models agree on **Review**. Adding the inferred interval changed churn probability by -6.1% (with=52%, without=58%).",20260712_032913,23,30.5
xvuOz9eknhCFR8fQ,2025-03-05,monthly,0.4762,"We inferred **monthly billing (about every month)** because the typical gap between billing days is about 359 days, which matches monthly billing (about every month) across 3 observed cycle(s) (about 100% of gaps fit that pattern) and spacing looks somewhat uneven Confidence in this label is **48%**.",Review,low_interval_confidence,interval_confidence 0.48 < 0.50; insufficient billing history to auto-decide (data-quality guardrail).,false,0.7826,1681.3,We recommended **Review** (trained WITH inferred-interval features) because the billing-cycle signal is too uncertain (confidence 48% for “monthly billing (about every month)”). Thin or ambiguous history is treated as a data-quality issue — we do not auto Continue or auto No-Go until the cycle is clearer.,Review,0.7826,We recommended **Review** (trained WITH inferred-interval features) because the billing-cycle signal is too uncertain (confidence 48% for “monthly billing (about every month)”). Thin or ambiguous history is treated as a data-quality issue — we do not auto Continue or auto No-Go until the cycle is clearer.,Review,0.4908,We recommended **Review** (trained WITHOUT inferred-interval features) because the billing-cycle signal is too uncertain (confidence 48% for “monthly billing (about every month)”). Thin or ambiguous history is treated as a data-quality issue — we do not auto Continue or auto No-Go until the cycle is clearer.,true,"Both models agree on **Review**. Adding the inferred interval changed churn probability by +29.2% (with=78%, without=49%).",20260712_032913,4,359.0
LRWftCU3gJL0OM1c,2025-03-05,monthly,0.5994,"We inferred **monthly billing (about every month)** because the typical gap between billing days is about 1 days, which matches monthly billing (about every month) across 27 observed cycle(s) (about 100% of gaps fit that pattern) and spacing looks somewhat uneven Confidence in this label is **60%**.",No-Go,high_churn_risk,"churn_prob 0.99 vs Continue<= 0.45, No-Go>= 0.70.",true,0.9948,33.02,"Using the model **trained WITH inferred-interval features**, predicted chance of dollar churn is **99%** (high risk). That sits above the No-Go threshold, and interval confidence (60%) is high enough to auto-decide, so the recommendation is **No-Go** — decline or escalate for credit risk.",No-Go,0.9948,"Using the model **trained WITH inferred-interval features**, predicted chance of dollar churn is **99%** (high risk). That sits above the No-Go threshold, and interval confidence (60%) is high enough to auto-decide, so the recommendation is **No-Go** — decline or escalate for credit risk.",No-Go,0.9927,"Using the model **trained WITHOUT inferred-interval features**, predicted chance of dollar churn is **99%** (high risk). That sits above the No-Go threshold, and interval confidence (60%) is high enough to auto-decide, so the recommendation is **No-Go** — decline or escalate for credit risk.",true,"Both models agree on **No-Go**. Adding the inferred interval changed churn probability by +0.2% (with=99%, without=99%).",20260712_032913,28,1.0
I5RI5kpYUscmH7ca,2025-03-05,monthly,0.6615,"We inferred **monthly billing (about every month)** because the typical gap between billing days is about 28 days, which matches monthly billing (about every month) across 1 observed cycle(s) (about 100% of gaps fit that pattern) Confidence in this label is **66%**.",No-Go,high_churn_risk,"churn_prob 0.95 vs Continue<= 0.45, No-Go>= 0.70.",true,0.9494,0.78,"Using the model **trained WITH inferred-interval features**, predicted chance of dollar churn is **95%** (high risk). That sits above the No-Go threshold, and interval confidence (66%) is high enough to auto-decide, so the recommendation is **No-Go** — decline or escalate for credit risk.",No-Go,0.9494,"Using the model **trained WITH inferred-interval features**, predicted chance of dollar churn is **95%** (high risk). That sits above the No-Go threshold, and interval confidence (66%) is high enough to auto-decide, so the recommendation is **No-Go** — decline or escalate for credit risk.",No-Go,0.9295,"Using the model **trained WITHOUT inferred-interval features**, predicted chance of dollar churn is **93%** (high risk). That sits above the No-Go threshold, and interval confidence (66%) is high enough to auto-decide, so the recommendation is **No-Go** — decline or escalate for credit risk.",true,"Both models agree on **No-Go**. Adding the inferred interval changed churn probability by +2.0% (with=95%, without=93%).",20260712_032913,2,28.0
hC62LUJeIccWJJzq,2025-03-05,annual,0.5693,"We inferred **annual billing (about once a year)** because the typical gap between billing days is about 1 days, which matches annual billing (about once a year) across 20 observed cycle(s) (about 100% of gaps fit that pattern) and spacing looks somewhat uneven Confidence in this label is **57%**.",No-Go,high_churn_risk,"churn_prob 1.00 vs Continue<= 0.45, No-Go>= 0.70.",true,1.0,1745.22,"Using the model **trained WITH inferred-interval features**, predicted chance of dollar churn is **100%** (high risk). That sits above the No-Go threshold, and interval confidence (57%) is high enough to auto-decide, so the recommendation is **No-Go** — decline or escalate for credit risk.",No-Go,1.0,"Using the model **trained WITH inferred-interval features**, predicted chance of dollar churn is **100%** (high risk). That sits above the No-Go threshold, and interval confidence (57%) is high enough to auto-decide, so the recommendation is **No-Go** — decline or escalate for credit risk.",No-Go,1.0,"Using the model **trained WITHOUT inferred-interval features**, predicted chance of dollar churn is **100%** (high risk). That sits above the No-Go threshold, and interval confidence (57%) is high enough to auto-decide, so the recommendation is **No-Go** — decline or escalate for credit risk.",true,"Both models agree on **No-Go**. Adding the inferred interval changed churn probability by +0.0% (with=100%, without=100%).",20260712_032913,21,1.0
1k8Z5pR8UnpzipWJ,2025-03-05,one_time_candidate,0.9338,We inferred **looks like a one-time / non-recurring charge pattern** because there is essentially a single invoice followed by a long quiet period with no repeat billing Confidence in this label is **93%**.,Review,borderline_churn_risk,"churn_prob 0.63 vs Continue<= 0.45, No-Go>= 0.70.",false,0.6331,49.53,"Using the model **trained WITH inferred-interval features**, predicted chance of dollar churn is **63%** (elevated risk). That sits between the Continue and No-Go bands (or still needs analyst judgment), so the recommendation is **Review**.",Review,0.6331,"Using the model **trained WITH inferred-interval features**, predicted chance of dollar churn is **63%** (elevated risk). That sits between the Continue and No-Go bands (or still needs analyst judgment), so the recommendation is **Review**.",Review,0.4946,"Using the model **trained WITHOUT inferred-interval features**, predicted chance of dollar churn is **49%** (elevated risk). That sits between the Continue and No-Go bands (or still needs analyst judgment), so the recommendation is **Review**.",true,"Both models agree on **Review**. Adding the inferred interval changed churn probability by +13.9% (with=63%, without=49%).",20260712_032913,1,
mOx8CSqiXN8PoBD1,2025-03-05,monthly,0.7316,"We inferred **monthly billing (about every month)** because the typical gap between billing days is about 28 days, which matches monthly billing (about every month) across 3 observed cycle(s) (about 100% of gaps fit that pattern) and spacing looks very regular Confidence in this label is **73%**.",No-Go,high_churn_risk,"churn_prob 0.99 vs Continue<= 0.45, No-Go>= 0.70.",true,0.99,17.25,"Using the model **trained WITH inferred-interval features**, predicted chance of dollar churn is **99%** (high risk). That sits above the No-Go threshold, and interval confidence (73%) is high enough to auto-decide, so the recommendation is **No-Go** — decline or escalate for credit risk.",No-Go,0.99,"Using the model **trained WITH inferred-interval features**, predicted chance of dollar churn is **99%** (high risk). That sits above the No-Go threshold, and interval confidence (73%) is high enough to auto-decide, so the recommendation is **No-Go** — decline or escalate for credit risk.",No-Go,0.9914,"Using the model **trained WITHOUT inferred-interval features**, predicted chance of dollar churn is **99%** (high risk). That sits above the No-Go threshold, and interval confidence (73%) is high enough to auto-decide, so the recommendation is **No-Go** — decline or escalate for credit risk.",true,"Both models agree on **No-Go**. Adding the inferred interval changed churn probability by -0.1% (with=99%, without=99%).",20260712_032913,4,28.0
cdZnhAmhN3yj0XCz,2025-03-05,irregular,0.3,We inferred **irregular / no clear calendar billing cycle** because the gaps between invoices (typical gap ≈ 1 days) do not line up cleanly with monthly / quarterly / semi-annual / annual calendars Confidence in this label is **30%**.,Review,low_interval_confidence,interval_confidence 0.30 < 0.50; insufficient billing history to auto-decide (data-quality guardrail).,false,0.982,191.94,We recommended **Review** (trained WITH inferred-interval features) because the billing-cycle signal is too uncertain (confidence 30% for “irregular / no clear calendar billing cycle”). Thin or ambiguous history is treated as a data-quality issue — we do not auto Continue or auto No-Go until the cycle is clearer.,Review,0.982,We recommended **Review** (trained WITH inferred-interval features) because the billing-cycle signal is too uncertain (confidence 30% for “irregular / no clear calendar billing cycle”). Thin or ambiguous history is treated as a data-quality issue — we do not auto Continue or auto No-Go until the cycle is clearer.,Review,0.9697,We recommended **Review** (trained WITHOUT inferred-interval features) because the billing-cycle signal is too uncertain (confidence 30% for “irregular / no clear calendar billing cycle”). Thin or ambiguous history is treated as a data-quality issue — we do not auto Continue or auto No-Go until the cycle is clearer.,true,"Both models agree on **Review**. Adding the inferred interval changed churn probability by +1.2% (with=98%, without=97%).",20260712_032913,10,1.0
qvBCAx2zuWZtfegL,2025-03-05,irregular,0.1275,We inferred **irregular / no clear calendar billing cycle** because the gaps between invoices (typical gap ≈ 1 days) do not line up cleanly with monthly / quarterly / semi-annual / annual calendars Confidence in this label is **13%**.,Review,low_interval_confidence,interval_confidence 0.13 < 0.50; insufficient billing history to auto-decide (data-quality guardrail).,false,0.99,340.88,We recommended **Review** (trained WITH inferred-interval features) because the billing-cycle signal is too uncertain (confidence 13% for “irregular / no clear calendar billing cycle”). Thin or ambiguous history is treated as a data-quality issue — we do not auto Continue or auto No-Go until the cycle is clearer.,Review,0.99,We recommended **Review** (trained WITH inferred-interval features) because the billing-cycle signal is too uncertain (confidence 13% for “irregular / no clear calendar billing cycle”). Thin or ambiguous history is treated as a data-quality issue — we do not auto Continue or auto No-Go until the cycle is clearer.,Review,0.9697,We recommended **Review** (trained WITHOUT inferred-interval features) because the billing-cycle signal is too uncertain (confidence 13% for “irregular / no clear calendar billing cycle”). Thin or ambiguous history is treated as a data-quality issue — we do not auto Continue or auto No-Go until the cycle is clearer.,true,"Both models agree on **Review**. Adding the inferred interval changed churn probability by +2.0% (with=99%, without=97%).",20260712_032913,11,1.0
LUa0RjcVElVqOY5e,2025-03-05,irregular,0.3,We inferred **irregular / no clear calendar billing cycle** because the gaps between invoices (typical gap ≈ 1 days) do not line up cleanly with monthly / quarterly / semi-annual / annual calendars Confidence in this label is **30%**.,Review,low_interval_confidence,interval_confidence 0.30 < 0.50; insufficient billing history to auto-decide (data-quality guardrail).,false,0.982,191.94,We recommended **Review** (trained WITH inferred-interval features) because the billing-cycle signal is too uncertain (confidence 30% for “irregular / no clear calendar billing cycle”). Thin or ambiguous history is treated as a data-quality issue — we do not auto Continue or auto No-Go until the cycle is clearer.,Review,0.982,We recommended **Review** (trained WITH inferred-interval features) because the billing-cycle signal is too uncertain (confidence 30% for “irregular / no clear calendar billing cycle”). Thin or ambiguous history is treated as a data-quality issue — we do not auto Continue or auto No-Go until the cycle is clearer.,Review,0.9697,We recommended **Review** (trained WITHOUT inferred-interval features) because the billing-cycle signal is too uncertain (confidence 30% for “irregular / no clear calendar billing cycle”). Thin or ambiguous history is treated as a data-quality issue — we do not auto Continue or auto No-Go until the cycle is clearer.,true,"Both models agree on **Review**. Adding the inferred interval changed churn probability by +1.2% (with=98%, without=97%).",20260712_032913,10,1.0
VNWmJHxYawJfMOQJ,2025-03-05,monthly,0.7693,"We inferred **monthly billing (about every month)** because the typical gap between billing days is about 30 days, which matches monthly billing (about every month) across 20 observed cycle(s) (about 100% of gaps fit that pattern) and spacing looks fairly regular Confidence in this label is **77%**.",No-Go,high_churn_risk,"churn_prob 0.99 vs Continue<= 0.45, No-Go>= 0.70.",true,0.99,377.44,"Using the model **trained WITH inferred-interval features**, predicted chance of dollar churn is **99%** (high risk). That sits above the No-Go threshold, and interval confidence (77%) is high enough to auto-decide, so the recommendation is **No-Go** — decline or escalate for credit risk.",No-Go,0.99,"Using the model **trained WITH inferred-interval features**, predicted chance of dollar churn is **99%** (high risk). That sits above the No-Go threshold, and interval confidence (77%) is high enough to auto-decide, so the recommendation is **No-Go** — decline or escalate for credit risk.",No-Go,0.9718,"Using the model **trained WITHOUT inferred-interval features**, predicted chance of dollar churn is **97%** (high risk). That sits above the No-Go threshold, and interval confidence (77%) is high enough to auto-decide, so the recommendation is **No-Go** — decline or escalate for credit risk.",true,"Both models agree on **No-Go**. Adding the inferred interval changed churn probability by +1.8% (with=99%, without=97%).",20260712_032913,21,30.5
pQzNUVYipndCznMv,2025-03-05,irregular,0.05,We inferred **irregular / no clear calendar billing cycle** because the gaps between invoices (typical gap ≈ 1 days) do not line up cleanly with monthly / quarterly / semi-annual / annual calendars Confidence in this label is **5%**.,Review,low_interval_confidence,interval_confidence 0.05 < 0.50; insufficient billing history to auto-decide (data-quality guardrail).,false,0.9861,79.19,We recommended **Review** (trained WITH inferred-interval features) because the billing-cycle signal is too uncertain (confidence 5% for “irregular / no clear calendar billing cycle”). Thin or ambiguous history is treated as a data-quality issue — we do not auto Continue or auto No-Go until the cycle is clearer.,Review,0.9861,We recommended **Review** (trained WITH inferred-interval features) because the billing-cycle signal is too uncertain (confidence 5% for “irregular / no clear calendar billing cycle”). Thin or ambiguous history is treated as a data-quality issue — we do not auto Continue or auto No-Go until the cycle is clearer.,Review,0.9856,We recommended **Review** (trained WITHOUT inferred-interval features) because the billing-cycle signal is too uncertain (confidence 5% for “irregular / no clear calendar billing cycle”). Thin or ambiguous history is treated as a data-quality issue — we do not auto Continue or auto No-Go until the cycle is clearer.,true,"Both models agree on **Review**. Adding the inferred interval changed churn probability by +0.1% (with=99%, without=99%).",20260712_032913,11,1.0
oiM9xFLiLNWP4kmH,2025-03-05,monthly,0.6615,"We inferred **monthly billing (about every month)** because the typical gap between billing days is about 28 days, which matches monthly billing (about every month) across 1 observed cycle(s) (about 100% of gaps fit that pattern) Confidence in this label is **66%**.",No-Go,high_churn_risk,"churn_prob 0.95 vs Continue<= 0.45, No-Go>= 0.70.",true,0.9494,0.78,"Using the model **trained WITH inferred-interval features**, predicted chance of dollar churn is **95%** (high risk). That sits above the No-Go threshold, and interval confidence (66%) is high enough to auto-decide, so the recommendation is **No-Go** — decline or escalate for credit risk.",No-Go,0.9494,"Using the model **trained WITH inferred-interval features**, predicted chance of dollar churn is **95%** (high risk). That sits above the No-Go threshold, and interval confidence (66%) is high enough to auto-decide, so the recommendation is **No-Go** — decline or escalate for credit risk.",No-Go,0.9295,"Using the model **trained WITHOUT inferred-interval features**, predicted chance of dollar churn is **93%** (high risk). That sits above the No-Go threshold, and interval confidence (66%) is high enough to auto-decide, so the recommendation is **No-Go** — decline or escalate for credit risk.",true,"Both models agree on **No-Go**. Adding the inferred interval changed churn probability by +2.0% (with=95%, without=93%).",20260712_032913,2,28.0
AsjiD97K8QyIPNXc,2025-03-05,monthly,0.587,"We inferred **monthly billing (about every month)** because the typical gap between billing days is about 1 days, which matches monthly billing (about every month) across 14 observed cycle(s) (about 100% of gaps fit that pattern) and spacing looks somewhat uneven Confidence in this label is **59%**.",No-Go,high_churn_risk,"churn_prob 0.99 vs Continue<= 0.45, No-Go>= 0.70.",true,0.9948,4.92,"Using the model **trained WITH inferred-interval features**, predicted chance of dollar churn is **99%** (high risk). That sits above the No-Go threshold, and interval confidence (59%) is high enough to auto-decide, so the recommendation is **No-Go** — decline or escalate for credit risk.",No-Go,0.9948,"Using the model **trained WITH inferred-interval features**, predicted chance of dollar churn is **99%** (high risk). That sits above the No-Go threshold, and interval confidence (59%) is high enough to auto-decide, so the recommendation is **No-Go** — decline or escalate for credit risk.",No-Go,0.9927,"Using the model **trained WITHOUT inferred-interval features**, predicted chance of dollar churn is **99%** (high risk). That sits above the No-Go threshold, and interval confidence (59%) is high enough to auto-decide, so the recommendation is **No-Go** — decline or escalate for credit risk.",true,"Both models agree on **No-Go**. Adding the inferred interval changed churn probability by +0.2% (with=99%, without=99%).",20260712_032913,15,1.0
U8J7tn2Malg3YFGY,2025-03-05,monthly,0.6615,"We inferred **monthly billing (about every month)** because the typical gap between billing days is about 28 days, which matches monthly billing (about every month) across 1 observed cycle(s) (about 100% of gaps fit that pattern) Confidence in this label is **66%**.",No-Go,high_churn_risk,"churn_prob 0.95 vs Continue<= 0.45, No-Go>= 0.70.",true,0.9494,0.78,"Using the model **trained WITH inferred-interval features**, predicted chance of dollar churn is **95%** (high risk). That sits above the No-Go threshold, and interval confidence (66%) is high enough to auto-decide, so the recommendation is **No-Go** — decline or escalate for credit risk.",No-Go,0.9494,"Using the model **trained WITH inferred-interval features**, predicted chance of dollar churn is **95%** (high risk). That sits above the No-Go threshold, and interval confidence (66%) is high enough to auto-decide, so the recommendation is **No-Go** — decline or escalate for credit risk.",No-Go,0.9295,"Using the model **trained WITHOUT inferred-interval features**, predicted chance of dollar churn is **93%** (high risk). That sits above the No-Go threshold, and interval confidence (66%) is high enough to auto-decide, so the recommendation is **No-Go** — decline or escalate for credit risk.",true,"Both models agree on **No-Go**. Adding the inferred interval changed churn probability by +2.0% (with=95%, without=93%).",20260712_032913,2,28.0
torZ36cWlGVVJk45,2025-03-05,irregular,0.3,We inferred **irregular / no clear calendar billing cycle** because the gaps between invoices (typical gap ≈ 1 days) do not line up cleanly with monthly / quarterly / semi-annual / annual calendars Confidence in this label is **30%**.,Review,low_interval_confidence,interval_confidence 0.30 < 0.50; insufficient billing history to auto-decide (data-quality guardrail).,false,0.9861,175.15,We recommended **Review** (trained WITH inferred-interval features) because the billing-cycle signal is too uncertain (confidence 30% for “irregular / no clear calendar billing cycle”). Thin or ambiguous history is treated as a data-quality issue — we do not auto Continue or auto No-Go until the cycle is clearer.,Review,0.9861,We recommended **Review** (trained WITH inferred-interval features) because the billing-cycle signal is too uncertain (confidence 30% for “irregular / no clear calendar billing cycle”). Thin or ambiguous history is treated as a data-quality issue — we do not auto Continue or auto No-Go until the cycle is clearer.,Review,0.9697,We recommended **Review** (trained WITHOUT inferred-interval features) because the billing-cycle signal is too uncertain (confidence 30% for “irregular / no clear calendar billing cycle”). Thin or ambiguous history is treated as a data-quality issue — we do not auto Continue or auto No-Go until the cycle is clearer.,true,"Both models agree on **Review**. Adding the inferred interval changed churn probability by +1.6% (with=99%, without=97%).",20260712_032913,11,1.0
hXGn4BrCZyrI3pxB,2025-03-05,monthly,0.5724,"We inferred **monthly billing (about every month)** because the typical gap between billing days is about 1 days, which matches monthly billing (about every month) across 13 observed cycle(s) (about 100% of gaps fit that pattern) and spacing looks somewhat uneven Confidence in this label is **57%**.",No-Go,high_churn_risk,"churn_prob 0.99 vs Continue<= 0.45, No-Go>= 0.70.",true,0.9948,2.49,"Using the model **trained WITH inferred-interval features**, predicted chance of dollar churn is **99%** (high risk). That sits above the No-Go threshold, and interval confidence (57%) is high enough to auto-decide, so the recommendation is **No-Go** — decline or escalate for credit risk.",No-Go,0.9948,"Using the model **trained WITH inferred-interval features**, predicted chance of dollar churn is **99%** (high risk). That sits above the No-Go threshold, and interval confidence (57%) is high enough to auto-decide, so the recommendation is **No-Go** — decline or escalate for credit risk.",No-Go,0.9927,"Using the model **trained WITHOUT inferred-interval features**, predicted chance of dollar churn is **99%** (high risk). That sits above the No-Go threshold, and interval confidence (57%) is high enough to auto-decide, so the recommendation is **No-Go** — decline or escalate for credit risk.",true,"Both models agree on **No-Go**. Adding the inferred interval changed churn probability by +0.2% (with=99%, without=99%).",20260712_032913,14,1.0
h9PRKkRYqYs2ZP1T,2025-03-05,monthly,0.825,"We inferred **monthly billing (about every month)** because the typical gap between billing days is about 30 days, which matches monthly billing (about every month) across 6 observed cycle(s) (about 100% of gaps fit that pattern) and spacing looks very regular Confidence in this label is **82%**.",No-Go,high_churn_risk,"churn_prob 0.99 vs Continue<= 0.45, No-Go>= 0.70.",true,0.99,0.74,"Using the model **trained WITH inferred-interval features**, predicted chance of dollar churn is **99%** (high risk). That sits above the No-Go threshold, and interval confidence (82%) is high enough to auto-decide, so the recommendation is **No-Go** — decline or escalate for credit risk.",No-Go,0.99,"Using the model **trained WITH inferred-interval features**, predicted chance of dollar churn is **99%** (high risk). That sits above the No-Go threshold, and interval confidence (82%) is high enough to auto-decide, so the recommendation is **No-Go** — decline or escalate for credit risk.",No-Go,0.9914,"Using the model **trained WITHOUT inferred-interval features**, predicted chance of dollar churn is **99%** (high risk). That sits above the No-Go threshold, and interval confidence (82%) is high enough to auto-decide, so the recommendation is **No-Go** — decline or escalate for credit risk.",true,"Both models agree on **No-Go**. Adding the inferred interval changed churn probability by -0.1% (with=99%, without=99%).",20260712_032913,7,30.0
nxgM7VVhlh52fizc,2025-03-05,monthly,0.684,"We inferred **monthly billing (about every month)** because the typical gap between billing days is about 30 days, which matches monthly billing (about every month) across 24 observed cycle(s) (about 100% of gaps fit that pattern) and spacing looks somewhat uneven Confidence in this label is **68%**.",No-Go,high_churn_risk,"churn_prob 0.99 vs Continue<= 0.45, No-Go>= 0.70.",true,0.9912,589.87,"Using the model **trained WITH inferred-interval features**, predicted chance of dollar churn is **99%** (high risk). That sits above the No-Go threshold, and interval confidence (68%) is high enough to auto-decide, so the recommendation is **No-Go** — decline or escalate for credit risk.",No-Go,0.9912,"Using the model **trained WITH inferred-interval features**, predicted chance of dollar churn is **99%** (high risk). That sits above the No-Go threshold, and interval confidence (68%) is high enough to auto-decide, so the recommendation is **No-Go** — decline or escalate for credit risk.",No-Go,0.9927,"Using the model **trained WITHOUT inferred-interval features**, predicted chance of dollar churn is **99%** (high risk). That sits above the No-Go threshold, and interval confidence (68%) is high enough to auto-decide, so the recommendation is **No-Go** — decline or escalate for credit risk.",true,"Both models agree on **No-Go**. Adding the inferred interval changed churn probability by -0.1% (with=99%, without=99%).",20260712_032913,25,30.0
Xe58XSyk7RXQqHUh,2025-03-05,monthly,0.8845,"We inferred **monthly billing (about every month)** because the typical gap between billing days is about 30 days, which matches monthly billing (about every month) across 8 observed cycle(s) (about 100% of gaps fit that pattern) and spacing looks very regular Confidence in this label is **88%**.",No-Go,high_churn_risk,"churn_prob 0.98 vs Continue<= 0.45, No-Go>= 0.70.",true,0.9847,1.87,"Using the model **trained WITH inferred-interval features**, predicted chance of dollar churn is **98%** (high risk). That sits above the No-Go threshold, and interval confidence (88%) is high enough to auto-decide, so the recommendation is **No-Go** — decline or escalate for credit risk.",No-Go,0.9847,"Using the model **trained WITH inferred-interval features**, predicted chance of dollar churn is **98%** (high risk). That sits above the No-Go threshold, and interval confidence (88%) is high enough to auto-decide, so the recommendation is **No-Go** — decline or escalate for credit risk.",No-Go,0.9914,"Using the model **trained WITHOUT inferred-interval features**, predicted chance of dollar churn is **99%** (high risk). That sits above the No-Go threshold, and interval confidence (88%) is high enough to auto-decide, so the recommendation is **No-Go** — decline or escalate for credit risk.",true,"Both models agree on **No-Go**. Adding the inferred interval changed churn probability by -0.7% (with=98%, without=99%).",20260712_032913,9,30.5
a4cDJrkxzNM5cDVt,2025-03-05,irregular,0.1275,We inferred **irregular / no clear calendar billing cycle** because the gaps between invoices (typical gap ≈ 1 days) do not line up cleanly with monthly / quarterly / semi-annual / annual calendars Confidence in this label is **13%**.,Review,low_interval_confidence,interval_confidence 0.13 < 0.50; insufficient billing history to auto-decide (data-quality guardrail).,false,0.99,75.14,We recommended **Review** (trained WITH inferred-interval features) because the billing-cycle signal is too uncertain (confidence 13% for “irregular / no clear calendar billing cycle”). Thin or ambiguous history is treated as a data-quality issue — we do not auto Continue or auto No-Go until the cycle is clearer.,Review,0.99,We recommended **Review** (trained WITH inferred-interval features) because the billing-cycle signal is too uncertain (confidence 13% for “irregular / no clear calendar billing cycle”). Thin or ambiguous history is treated as a data-quality issue — we do not auto Continue or auto No-Go until the cycle is clearer.,Review,0.9914,We recommended **Review** (trained WITHOUT inferred-interval features) because the billing-cycle signal is too uncertain (confidence 13% for “irregular / no clear calendar billing cycle”). Thin or ambiguous history is treated as a data-quality issue — we do not auto Continue or auto No-Go until the cycle is clearer.,true,"Both models agree on **Review**. Adding the inferred interval changed churn probability by -0.1% (with=99%, without=99%).",20260712_032913,11,1.0
305zNPH1n0yG02FH,2025-03-05,irregular,0.3,We inferred **irregular / no clear calendar billing cycle** because the gaps between invoices (typical gap ≈ 1 days) do not line up cleanly with monthly / quarterly / semi-annual / annual calendars Confidence in this label is **30%**.,Review,low_interval_confidence,interval_confidence 0.30 < 0.50; insufficient billing history to auto-decide (data-quality guardrail).,false,0.9861,62.35,We recommended **Review** (trained WITH inferred-interval features) because the billing-cycle signal is too uncertain (confidence 30% for “irregular / no clear calendar billing cycle”). Thin or ambiguous history is treated as a data-quality issue — we do not auto Continue or auto No-Go until the cycle is clearer.,Review,0.9861,We recommended **Review** (trained WITH inferred-interval features) because the billing-cycle signal is too uncertain (confidence 30% for “irregular / no clear calendar billing cycle”). Thin or ambiguous history is treated as a data-quality issue — we do not auto Continue or auto No-Go until the cycle is clearer.,Review,0.9856,We recommended **Review** (trained WITHOUT inferred-interval features) because the billing-cycle signal is too uncertain (confidence 30% for “irregular / no clear calendar billing cycle”). Thin or ambiguous history is treated as a data-quality issue — we do not auto Continue or auto No-Go until the cycle is clearer.,true,"Both models agree on **Review**. Adding the inferred interval changed churn probability by +0.1% (with=99%, without=99%).",20260712_032913,10,1.0
cbkmZmuTmKYHTzf6,2025-03-05,irregular,0.05,We inferred **irregular / no clear calendar billing cycle** because the gaps between invoices (typical gap ≈ 12 days) do not line up cleanly with monthly / quarterly / semi-annual / annual calendars Confidence in this label is **5%**.,Review,low_interval_confidence,interval_confidence 0.05 < 0.50; insufficient billing history to auto-decide (data-quality guardrail).,false,0.7471,8.54,We recommended **Review** (trained WITH inferred-interval features) because the billing-cycle signal is too uncertain (confidence 5% for “irregular / no clear calendar billing cycle”). Thin or ambiguous history is treated as a data-quality issue — we do not auto Continue or auto No-Go until the cycle is clearer.,Review,0.7471,We recommended **Review** (trained WITH inferred-interval features) because the billing-cycle signal is too uncertain (confidence 5% for “irregular / no clear calendar billing cycle”). Thin or ambiguous history is treated as a data-quality issue — we do not auto Continue or auto No-Go until the cycle is clearer.,Review,0.7134,We recommended **Review** (trained WITHOUT inferred-interval features) because the billing-cycle signal is too uncertain (confidence 5% for “irregular / no clear calendar billing cycle”). Thin or ambiguous history is treated as a data-quality issue — we do not auto Continue or auto No-Go until the cycle is clearer.,true,"Both models agree on **Review**. Adding the inferred interval changed churn probability by +3.4% (with=75%, without=71%).",20260712_032913,3,12.5
cBXwNoIHZCkW0QTH,2025-03-05,irregular,0.0892,We inferred **irregular / no clear calendar billing cycle** because the gaps between invoices (typical gap ≈ 1 days) do not line up cleanly with monthly / quarterly / semi-annual / annual calendars Confidence in this label is **9%**.,Review,low_interval_confidence,interval_confidence 0.09 < 0.50; insufficient billing history to auto-decide (data-quality guardrail).,false,0.99,340.88,We recommended **Review** (trained WITH inferred-interval features) because the billing-cycle signal is too uncertain (confidence 9% for “irregular / no clear calendar billing cycle”). Thin or ambiguous history is treated as a data-quality issue — we do not auto Continue or auto No-Go until the cycle is clearer.,Review,0.99,We recommended **Review** (trained WITH inferred-interval features) because the billing-cycle signal is too uncertain (confidence 9% for “irregular / no clear calendar billing cycle”). Thin or ambiguous history is treated as a data-quality issue — we do not auto Continue or auto No-Go until the cycle is clearer.,Review,0.9697,We recommended **Review** (trained WITHOUT inferred-interval features) because the billing-cycle signal is too uncertain (confidence 9% for “irregular / no clear calendar billing cycle”). Thin or ambiguous history is treated as a data-quality issue — we do not auto Continue or auto No-Go until the cycle is clearer.,true,"Both models agree on **Review**. Adding the inferred interval changed churn probability by +2.0% (with=99%, without=97%).",20260712_032913,11,1.0
Wf957PZDdml41NWU,2025-03-05,monthly,0.4786,"We inferred **monthly billing (about every month)** because the typical gap between billing days is about 9 days, which matches monthly billing (about every month) across 21 observed cycle(s) (about 90% of gaps fit that pattern; 2 competing patterns seen) and spacing looks somewhat uneven Confidence in this label is **48%**.",Review,low_interval_confidence,interval_confidence 0.48 < 0.50; insufficient billing history to auto-decide (data-quality guardrail).,false,0.6331,294.91,We recommended **Review** (trained WITH inferred-interval features) because the billing-cycle signal is too uncertain (confidence 48% for “monthly billing (about every month)”). Thin or ambiguous history is treated as a data-quality issue — we do not auto Continue or auto No-Go until the cycle is clearer.,Review,0.6331,We recommended **Review** (trained WITH inferred-interval features) because the billing-cycle signal is too uncertain (confidence 48% for “monthly billing (about every month)”). Thin or ambiguous history is treated as a data-quality issue — we do not auto Continue or auto No-Go until the cycle is clearer.,Review,0.6091,We recommended **Review** (trained WITHOUT inferred-interval features) because the billing-cycle signal is too uncertain (confidence 48% for “monthly billing (about every month)”). Thin or ambiguous history is treated as a data-quality issue — we do not auto Continue or auto No-Go until the cycle is clearer.,true,"Both models agree on **Review**. Adding the inferred interval changed churn probability by +2.4% (with=63%, without=61%).",20260712_032913,22,9.0
QvrRBUAqPvnQhsAB,2025-03-05,one_time_candidate,0.9475,We inferred **looks like a one-time / non-recurring charge pattern** because there is essentially a single invoice followed by a long quiet period with no repeat billing Confidence in this label is **95%**.,Review,borderline_churn_risk,"churn_prob 0.57 vs Continue<= 0.45, No-Go>= 0.70.",false,0.5736,44.69,"Using the model **trained WITH inferred-interval features**, predicted chance of dollar churn is **57%** (elevated risk). That sits between the Continue and No-Go bands (or still needs analyst judgment), so the recommendation is **Review**.",Review,0.5736,"Using the model **trained WITH inferred-interval features**, predicted chance of dollar churn is **57%** (elevated risk). That sits between the Continue and No-Go bands (or still needs analyst judgment), so the recommendation is **Review**.",Review,0.4908,"Using the model **trained WITHOUT inferred-interval features**, predicted chance of dollar churn is **49%** (elevated risk). That sits between the Continue and No-Go bands (or still needs analyst judgment), so the recommendation is **Review**.",true,"Both models agree on **Review**. Adding the inferred interval changed churn probability by +8.3% (with=57%, without=49%).",20260712_032913,1,
L4rwapxeJEM1ybw1,2025-03-05,monthly,0.6978,"We inferred **monthly billing (about every month)** because the typical gap between billing days is about 30 days, which matches monthly billing (about every month) across 2 observed cycle(s) (about 100% of gaps fit that pattern) and spacing looks very regular Confidence in this label is **70%**.",No-Go,high_churn_risk,"churn_prob 0.96 vs Continue<= 0.45, No-Go>= 0.70.",true,0.963,0.0,"Using the model **trained WITH inferred-interval features**, predicted chance of dollar churn is **96%** (high risk). That sits above the No-Go threshold, and interval confidence (70%) is high enough to auto-decide, so the recommendation is **No-Go** — decline or escalate for credit risk.",No-Go,0.963,"Using the model **trained WITH inferred-interval features**, predicted chance of dollar churn is **96%** (high risk). That sits above the No-Go threshold, and interval confidence (70%) is high enough to auto-decide, so the recommendation is **No-Go** — decline or escalate for credit risk.",No-Go,0.9697,"Using the model **trained WITHOUT inferred-interval features**, predicted chance of dollar churn is **97%** (high risk). That sits above the No-Go threshold, and interval confidence (70%) is high enough to auto-decide, so the recommendation is **No-Go** — decline or escalate for credit risk.",true,"Both models agree on **No-Go**. Adding the inferred interval changed churn probability by -0.7% (with=96%, without=97%).",20260712_032913,3,29.5
RRPIEzJt7YkOxBZx,2025-03-05,irregular,0.0892,We inferred **irregular / no clear calendar billing cycle** because the gaps between invoices (typical gap ≈ 1 days) do not line up cleanly with monthly / quarterly / semi-annual / annual calendars Confidence in this label is **9%**.,Review,low_interval_confidence,interval_confidence 0.09 < 0.50; insufficient billing history to auto-decide (data-quality guardrail).,false,0.99,340.88,We recommended **Review** (trained WITH inferred-interval features) because the billing-cycle signal is too uncertain (confidence 9% for “irregular / no clear calendar billing cycle”). Thin or ambiguous history is treated as a data-quality issue — we do not auto Continue or auto No-Go until the cycle is clearer.,Review,0.99,We recommended **Review** (trained WITH inferred-interval features) because the billing-cycle signal is too uncertain (confidence 9% for “irregular / no clear calendar billing cycle”). Thin or ambiguous history is treated as a data-quality issue — we do not auto Continue or auto No-Go until the cycle is clearer.,Review,0.9697,We recommended **Review** (trained WITHOUT inferred-interval features) because the billing-cycle signal is too uncertain (confidence 9% for “irregular / no clear calendar billing cycle”). Thin or ambiguous history is treated as a data-quality issue — we do not auto Continue or auto No-Go until the cycle is clearer.,true,"Both models agree on **Review**. Adding the inferred interval changed churn probability by +2.0% (with=99%, without=97%).",20260712_032913,11,1.0
n2ne0u6oXlVLAkm5,2025-03-05,monthly,0.6012,"We inferred **monthly billing (about every month)** because the typical gap between billing days is about 13 days, which matches monthly billing (about every month) across 13 observed cycle(s) (about 100% of gaps fit that pattern) and spacing looks somewhat uneven Confidence in this label is **60%**.",No-Go,high_churn_risk,"churn_prob 0.99 vs Continue<= 0.45, No-Go>= 0.70.",true,0.9948,75.55,"Using the model **trained WITH inferred-interval features**, predicted chance of dollar churn is **99%** (high risk). That sits above the No-Go threshold, and interval confidence (60%) is high enough to auto-decide, so the recommendation is **No-Go** — decline or escalate for credit risk.",No-Go,0.9948,"Using the model **trained WITH inferred-interval features**, predicted chance of dollar churn is **99%** (high risk). That sits above the No-Go threshold, and interval confidence (60%) is high enough to auto-decide, so the recommendation is **No-Go** — decline or escalate for credit risk.",No-Go,0.9956,"Using the model **trained WITHOUT inferred-interval features**, predicted chance of dollar churn is **100%** (high risk). That sits above the No-Go threshold, and interval confidence (60%) is high enough to auto-decide, so the recommendation is **No-Go** — decline or escalate for credit risk.",true,"Both models agree on **No-Go**. Adding the inferred interval changed churn probability by -0.1% (with=99%, without=100%).",20260712_032913,14,13.0
pqe5d7lzHGNOYY4U,2025-03-05,mixed,0.166,We inferred **mixed cadence (more than one regular billing pattern)** because invoice gaps cluster around more than one calendar period (for example a monthly subscription plus an annual fee) — the strongest pattern is annual (about 50% of matched gaps) Confidence in this label is **17%**.,Review,low_interval_confidence,interval_confidence 0.17 < 0.50; insufficient billing history to auto-decide (data-quality guardrail).,false,0.5163,179.23,We recommended **Review** (trained WITH inferred-interval features) because the billing-cycle signal is too uncertain (confidence 17% for “mixed cadence (more than one regular billing pattern)”). Thin or ambiguous history is treated as a data-quality issue — we do not auto Continue or auto No-Go until the cycle is clearer.,Review,0.5163,We recommended **Review** (trained WITH inferred-interval features) because the billing-cycle signal is too uncertain (confidence 17% for “mixed cadence (more than one regular billing pattern)”). Thin or ambiguous history is treated as a data-quality issue — we do not auto Continue or auto No-Go until the cycle is clearer.,Review,0.4908,We recommended **Review** (trained WITHOUT inferred-interval features) because the billing-cycle signal is too uncertain (confidence 17% for “mixed cadence (more than one regular billing pattern)”). Thin or ambiguous history is treated as a data-quality issue — we do not auto Continue or auto No-Go until the cycle is clearer.,true,"Both models agree on **Review**. Adding the inferred interval changed churn probability by +2.5% (with=52%, without=49%).",20260712_032913,5,56.5
ujQ7AtNgk1fuUGbh,2025-03-05,one_time_candidate,0.9475,We inferred **looks like a one-time / non-recurring charge pattern** because there is essentially a single invoice followed by a long quiet period with no repeat billing Confidence in this label is **95%**.,Review,borderline_churn_risk,"churn_prob 0.63 vs Continue<= 0.45, No-Go>= 0.70.",false,0.6331,49.53,"Using the model **trained WITH inferred-interval features**, predicted chance of dollar churn is **63%** (elevated risk). That sits between the Continue and No-Go bands (or still needs analyst judgment), so the recommendation is **Review**.",Review,0.6331,"Using the model **trained WITH inferred-interval features**, predicted chance of dollar churn is **63%** (elevated risk). That sits between the Continue and No-Go bands (or still needs analyst judgment), so the recommendation is **Review**.",Review,0.4946,"Using the model **trained WITHOUT inferred-interval features**, predicted chance of dollar churn is **49%** (elevated risk). That sits between the Continue and No-Go bands (or still needs analyst judgment), so the recommendation is **Review**.",true,"Both models agree on **Review**. Adding the inferred interval changed churn probability by +13.9% (with=63%, without=49%).",20260712_032913,1,
0del8XQM7eGNUK1V,2025-03-05,monthly,0.9512,"We inferred **monthly billing (about every month)** because the typical gap between billing days is about 31 days, which matches monthly billing (about every month) across 24 observed cycle(s) (about 100% of gaps fit that pattern) and spacing looks very regular Confidence in this label is **95%**.",Review,borderline_churn_risk,"churn_prob 0.50 vs Continue<= 0.45, No-Go>= 0.70.",false,0.4952,218.69,"Using the model **trained WITH inferred-interval features**, predicted chance of dollar churn is **50%** (elevated risk). That sits between the Continue and No-Go bands (or still needs analyst judgment), so the recommendation is **Review**.",Review,0.4952,"Using the model **trained WITH inferred-interval features**, predicted chance of dollar churn is **50%** (elevated risk). That sits between the Continue and No-Go bands (or still needs analyst judgment), so the recommendation is **Review**.",Continue,0.3002,"Using the model **trained WITHOUT inferred-interval features**, predicted chance of dollar churn is **30%** (elevated risk). That sits below the Continue threshold, and interval confidence (95%) is high enough to auto-decide, so the recommendation is **Continue** — proceed with onboarding.",false,"The models **disagree**: with interval → **Review**, without interval → **Continue**. Churn probability shifts from 30% (no interval) to 50% (with interval), Δ=+19.5%. This is exactly the decision-relevant value of the inferred cycle.",20260712_032913,25,31.0
xwbGkdUm8AYQAgRT,2025-03-05,monthly,0.791,"We inferred **monthly billing (about every month)** because the typical gap between billing days is about 30 days, which matches monthly billing (about every month) across 4 observed cycle(s) (about 100% of gaps fit that pattern) and spacing looks very regular Confidence in this label is **79%**.",No-Go,high_churn_risk,"churn_prob 0.99 vs Continue<= 0.45, No-Go>= 0.70.",true,0.99,17.26,"Using the model **trained WITH inferred-interval features**, predicted chance of dollar churn is **99%** (high risk). That sits above the No-Go threshold, and interval confidence (79%) is high enough to auto-decide, so the recommendation is **No-Go** — decline or escalate for credit risk.",No-Go,0.99,"Using the model **trained WITH inferred-interval features**, predicted chance of dollar churn is **99%** (high risk). That sits above the No-Go threshold, and interval confidence (79%) is high enough to auto-decide, so the recommendation is **No-Go** — decline or escalate for credit risk.",No-Go,0.9856,"Using the model **trained WITHOUT inferred-interval features**, predicted chance of dollar churn is **99%** (high risk). That sits above the No-Go threshold, and interval confidence (79%) is high enough to auto-decide, so the recommendation is **No-Go** — decline or escalate for credit risk.",true,"Both models agree on **No-Go**. Adding the inferred interval changed churn probability by +0.4% (with=99%, without=99%).",20260712_032913,5,30.5
Y5dhWBlM1JCSTfa7,2025-03-05,annual,0.5642,"We inferred **annual billing (about once a year)** because the typical gap between billing days is about 185 days, which matches annual billing (about once a year) across 4 observed cycle(s) (about 100% of gaps fit that pattern) and spacing looks somewhat uneven Confidence in this label is **56%**.",No-Go,high_churn_risk,"churn_prob 0.95 vs Continue<= 0.45, No-Go>= 0.70.",true,0.9494,1029.95,"Using the model **trained WITH inferred-interval features**, predicted chance of dollar churn is **95%** (high risk). That sits above the No-Go threshold, and interval confidence (56%) is high enough to auto-decide, so the recommendation is **No-Go** — decline or escalate for credit risk.",No-Go,0.9494,"Using the model **trained WITH inferred-interval features**, predicted chance of dollar churn is **95%** (high risk). That sits above the No-Go threshold, and interval confidence (56%) is high enough to auto-decide, so the recommendation is **No-Go** — decline or escalate for credit risk.",No-Go,0.9159,"Using the model **trained WITHOUT inferred-interval features**, predicted chance of dollar churn is **92%** (high risk). That sits above the No-Go threshold, and interval confidence (56%) is high enough to auto-decide, so the recommendation is **No-Go** — decline or escalate for credit risk.",true,"Both models agree on **No-Go**. Adding the inferred interval changed churn probability by +3.4% (with=95%, without=92%).",20260712_032913,5,185.0
Wp5uXM1KRJNcMF4Q,2025-03-05,irregular,0.3,We inferred **irregular / no clear calendar billing cycle** because the gaps between invoices (typical gap ≈ 1 days) do not line up cleanly with monthly / quarterly / semi-annual / annual calendars Confidence in this label is **30%**.,Review,low_interval_confidence,interval_confidence 0.30 < 0.50; insufficient billing history to auto-decide (data-quality guardrail).,false,0.9861,109.39,We recommended **Review** (trained WITH inferred-interval features) because the billing-cycle signal is too uncertain (confidence 30% for “irregular / no clear calendar billing cycle”). Thin or ambiguous history is treated as a data-quality issue — we do not auto Continue or auto No-Go until the cycle is clearer.,Review,0.9861,We recommended **Review** (trained WITH inferred-interval features) because the billing-cycle signal is too uncertain (confidence 30% for “irregular / no clear calendar billing cycle”). Thin or ambiguous history is treated as a data-quality issue — we do not auto Continue or auto No-Go until the cycle is clearer.,Review,0.9697,We recommended **Review** (trained WITHOUT inferred-interval features) because the billing-cycle signal is too uncertain (confidence 30% for “irregular / no clear calendar billing cycle”). Thin or ambiguous history is treated as a data-quality issue — we do not auto Continue or auto No-Go until the cycle is clearer.,true,"Both models agree on **Review**. Adding the inferred interval changed churn probability by +1.6% (with=99%, without=97%).",20260712_032913,8,1.0
0XVSwkih2LoCHcV4,2025-03-05,irregular,0.0778,We inferred **irregular / no clear calendar billing cycle** because the gaps between invoices (typical gap ≈ 1 days) do not line up cleanly with monthly / quarterly / semi-annual / annual calendars Confidence in this label is **8%**.,Review,low_interval_confidence,interval_confidence 0.08 < 0.50; insufficient billing history to auto-decide (data-quality guardrail).,false,0.99,76.45,We recommended **Review** (trained WITH inferred-interval features) because the billing-cycle signal is too uncertain (confidence 8% for “irregular / no clear calendar billing cycle”). Thin or ambiguous history is treated as a data-quality issue — we do not auto Continue or auto No-Go until the cycle is clearer.,Review,0.99,We recommended **Review** (trained WITH inferred-interval features) because the billing-cycle signal is too uncertain (confidence 8% for “irregular / no clear calendar billing cycle”). Thin or ambiguous history is treated as a data-quality issue — we do not auto Continue or auto No-Go until the cycle is clearer.,Review,0.9914,We recommended **Review** (trained WITHOUT inferred-interval features) because the billing-cycle signal is too uncertain (confidence 8% for “irregular / no clear calendar billing cycle”). Thin or ambiguous history is treated as a data-quality issue — we do not auto Continue or auto No-Go until the cycle is clearer.,true,"Both models agree on **Review**. Adding the inferred interval changed churn probability by -0.1% (with=99%, without=99%).",20260712_032913,9,1.0
i4WFPZUeS0tEgad3,2025-03-05,one_time_candidate,0.9475,We inferred **looks like a one-time / non-recurring charge pattern** because there is essentially a single invoice followed by a long quiet period with no repeat billing Confidence in this label is **95%**.,Review,borderline_churn_risk,"churn_prob 0.63 vs Continue<= 0.45, No-Go>= 0.70.",false,0.6331,49.53,"Using the model **trained WITH inferred-interval features**, predicted chance of dollar churn is **63%** (elevated risk). That sits between the Continue and No-Go bands (or still needs analyst judgment), so the recommendation is **Review**.",Review,0.6331,"Using the model **trained WITH inferred-interval features**, predicted chance of dollar churn is **63%** (elevated risk). That sits between the Continue and No-Go bands (or still needs analyst judgment), so the recommendation is **Review**.",Review,0.4946,"Using the model **trained WITHOUT inferred-interval features**, predicted chance of dollar churn is **49%** (elevated risk). That sits between the Continue and No-Go bands (or still needs analyst judgment), so the recommendation is **Review**.",true,"Both models agree on **Review**. Adding the inferred interval changed churn probability by +13.9% (with=63%, without=49%).",20260712_032913,1,
LeaLLerrmSOIdlGk,2025-03-05,monthly,0.6607,"We inferred **monthly billing (about every month)** because the typical gap between billing days is about 26 days, which matches monthly billing (about every month) across 1 observed cycle(s) (about 100% of gaps fit that pattern) Confidence in this label is **66%**.",No-Go,high_churn_risk,"churn_prob 0.80 vs Continue<= 0.45, No-Go>= 0.70.",true,0.8031,8.12,"Using the model **trained WITH inferred-interval features**, predicted chance of dollar churn is **80%** (high risk). That sits above the No-Go threshold, and interval confidence (66%) is high enough to auto-decide, so the recommendation is **No-Go** — decline or escalate for credit risk.",No-Go,0.8031,"Using the model **trained WITH inferred-interval features**, predicted chance of dollar churn is **80%** (high risk). That sits above the No-Go threshold, and interval confidence (66%) is high enough to auto-decide, so the recommendation is **No-Go** — decline or escalate for credit risk.",No-Go,0.7134,"Using the model **trained WITHOUT inferred-interval features**, predicted chance of dollar churn is **71%** (high risk). That sits above the No-Go threshold, and interval confidence (66%) is high enough to auto-decide, so the recommendation is **No-Go** — decline or escalate for credit risk.",true,"Both models agree on **No-Go**. Adding the inferred interval changed churn probability by +9.0% (with=80%, without=71%).",20260712_032913,2,26.0
ZNbdbrPqgDMkw7F5,2025-03-05,irregular,0.1275,We inferred **irregular / no clear calendar billing cycle** because the gaps between invoices (typical gap ≈ 1 days) do not line up cleanly with monthly / quarterly / semi-annual / annual calendars Confidence in this label is **13%**.,Review,low_interval_confidence,interval_confidence 0.13 < 0.50; insufficient billing history to auto-decide (data-quality guardrail).,false,0.99,340.88,We recommended **Review** (trained WITH inferred-interval features) because the billing-cycle signal is too uncertain (confidence 13% for “irregular / no clear calendar billing cycle”). Thin or ambiguous history is treated as a data-quality issue — we do not auto Continue or auto No-Go until the cycle is clearer.,Review,0.99,We recommended **Review** (trained WITH inferred-interval features) because the billing-cycle signal is too uncertain (confidence 13% for “irregular / no clear calendar billing cycle”). Thin or ambiguous history is treated as a data-quality issue — we do not auto Continue or auto No-Go until the cycle is clearer.,Review,0.9697,We recommended **Review** (trained WITHOUT inferred-interval features) because the billing-cycle signal is too uncertain (confidence 13% for “irregular / no clear calendar billing cycle”). Thin or ambiguous history is treated as a data-quality issue — we do not auto Continue or auto No-Go until the cycle is clearer.,true,"Both models agree on **Review**. Adding the inferred interval changed churn probability by +2.0% (with=99%, without=97%).",20260712_032913,11,1.0
opK6CgbvljzfBDbw,2025-03-05,one_time_candidate,0.9338,We inferred **looks like a one-time / non-recurring charge pattern** because there is essentially a single invoice followed by a long quiet period with no repeat billing Confidence in this label is **93%**.,Review,borderline_churn_risk,"churn_prob 0.63 vs Continue<= 0.45, No-Go>= 0.70.",false,0.6331,49.53,"Using the model **trained WITH inferred-interval features**, predicted chance of dollar churn is **63%** (elevated risk). That sits between the Continue and No-Go bands (or still needs analyst judgment), so the recommendation is **Review**.",Review,0.6331,"Using the model **trained WITH inferred-interval features**, predicted chance of dollar churn is **63%** (elevated risk). That sits between the Continue and No-Go bands (or still needs analyst judgment), so the recommendation is **Review**.",Review,0.4946,"Using the model **trained WITHOUT inferred-interval features**, predicted chance of dollar churn is **49%** (elevated risk). That sits between the Continue and No-Go bands (or still needs analyst judgment), so the recommendation is **Review**.",true,"Both models agree on **Review**. Adding the inferred interval changed churn probability by +13.9% (with=63%, without=49%).",20260712_032913,1,
M5Wzn6H3RQ2o7Zsy,2025-03-05,irregular,0.05,We inferred **irregular / no clear calendar billing cycle** because the gaps between invoices (typical gap ≈ 1 days) do not line up cleanly with monthly / quarterly / semi-annual / annual calendars Confidence in this label is **5%**.,Review,low_interval_confidence,interval_confidence 0.05 < 0.50; insufficient billing history to auto-decide (data-quality guardrail).,false,0.9833,79.31,We recommended **Review** (trained WITH inferred-interval features) because the billing-cycle signal is too uncertain (confidence 5% for “irregular / no clear calendar billing cycle”). Thin or ambiguous history is treated as a data-quality issue — we do not auto Continue or auto No-Go until the cycle is clearer.,Review,0.9833,We recommended **Review** (trained WITH inferred-interval features) because the billing-cycle signal is too uncertain (confidence 5% for “irregular / no clear calendar billing cycle”). Thin or ambiguous history is treated as a data-quality issue — we do not auto Continue or auto No-Go until the cycle is clearer.,Review,0.9856,We recommended **Review** (trained WITHOUT inferred-interval features) because the billing-cycle signal is too uncertain (confidence 5% for “irregular / no clear calendar billing cycle”). Thin or ambiguous history is treated as a data-quality issue — we do not auto Continue or auto No-Go until the cycle is clearer.,true,"Both models agree on **Review**. Adding the inferred interval changed churn probability by -0.2% (with=98%, without=99%).",20260712_032913,11,1.0
5IZ8aFPC5HsSKvUr,2025-03-05,irregular,0.3,We inferred **irregular / no clear calendar billing cycle** because the gaps between invoices (typical gap ≈ 1 days) do not line up cleanly with monthly / quarterly / semi-annual / annual calendars Confidence in this label is **30%**.,Review,low_interval_confidence,interval_confidence 0.30 < 0.50; insufficient billing history to auto-decide (data-quality guardrail).,false,0.982,191.94,We recommended **Review** (trained WITH inferred-interval features) because the billing-cycle signal is too uncertain (confidence 30% for “irregular / no clear calendar billing cycle”). Thin or ambiguous history is treated as a data-quality issue — we do not auto Continue or auto No-Go until the cycle is clearer.,Review,0.982,We recommended **Review** (trained WITH inferred-interval features) because the billing-cycle signal is too uncertain (confidence 30% for “irregular / no clear calendar billing cycle”). Thin or ambiguous history is treated as a data-quality issue — we do not auto Continue or auto No-Go until the cycle is clearer.,Review,0.9697,We recommended **Review** (trained WITHOUT inferred-interval features) because the billing-cycle signal is too uncertain (confidence 30% for “irregular / no clear calendar billing cycle”). Thin or ambiguous history is treated as a data-quality issue — we do not auto Continue or auto No-Go until the cycle is clearer.,true,"Both models agree on **Review**. Adding the inferred interval changed churn probability by +1.2% (with=98%, without=97%).",20260712_032913,10,1.0
gka0qam5QiAbbH6e,2025-03-05,monthly,0.5352,"We inferred **monthly billing (about every month)** because the typical gap between billing days is about 29 days, which matches monthly billing (about every month) across 26 observed cycle(s) (about 100% of gaps fit that pattern) and spacing looks somewhat uneven Confidence in this label is **54%**.",No-Go,high_churn_risk,"churn_prob 0.99 vs Continue<= 0.45, No-Go>= 0.70.",true,0.99,1231.55,"Using the model **trained WITH inferred-interval features**, predicted chance of dollar churn is **99%** (high risk). That sits above the No-Go threshold, and interval confidence (54%) is high enough to auto-decide, so the recommendation is **No-Go** — decline or escalate for credit risk.",No-Go,0.99,"Using the model **trained WITH inferred-interval features**, predicted chance of dollar churn is **99%** (high risk). That sits above the No-Go threshold, and interval confidence (54%) is high enough to auto-decide, so the recommendation is **No-Go** — decline or escalate for credit risk.",No-Go,0.9927,"Using the model **trained WITHOUT inferred-interval features**, predicted chance of dollar churn is **99%** (high risk). That sits above the No-Go threshold, and interval confidence (54%) is high enough to auto-decide, so the recommendation is **No-Go** — decline or escalate for credit risk.",true,"Both models agree on **No-Go**. Adding the inferred interval changed churn probability by -0.3% (with=99%, without=99%).",20260712_032913,27,29.0
xlUqhCrP5CrlTzn0,2025-03-05,monthly,0.587,"We inferred **monthly billing (about every month)** because the typical gap between billing days is about 1 days, which matches monthly billing (about every month) across 14 observed cycle(s) (about 100% of gaps fit that pattern) and spacing looks somewhat uneven Confidence in this label is **59%**.",No-Go,high_churn_risk,"churn_prob 0.99 vs Continue<= 0.45, No-Go>= 0.70.",true,0.9948,4.92,"Using the model **trained WITH inferred-interval features**, predicted chance of dollar churn is **99%** (high risk). That sits above the No-Go threshold, and interval confidence (59%) is high enough to auto-decide, so the recommendation is **No-Go** — decline or escalate for credit risk.",No-Go,0.9948,"Using the model **trained WITH inferred-interval features**, predicted chance of dollar churn is **99%** (high risk). That sits above the No-Go threshold, and interval confidence (59%) is high enough to auto-decide, so the recommendation is **No-Go** — decline or escalate for credit risk.",No-Go,0.9927,"Using the model **trained WITHOUT inferred-interval features**, predicted chance of dollar churn is **99%** (high risk). That sits above the No-Go threshold, and interval confidence (59%) is high enough to auto-decide, so the recommendation is **No-Go** — decline or escalate for credit risk.",true,"Both models agree on **No-Go**. Adding the inferred interval changed churn probability by +0.2% (with=99%, without=99%).",20260712_032913,15,1.0
1c3LEr5plL0CfUfh,2025-03-05,annual,0.7997,"We inferred **annual billing (about once a year)** because the typical gap between billing days is about 365 days, which matches annual billing (about once a year) across 1 observed cycle(s) (about 100% of gaps fit that pattern) Confidence in this label is **80%**.",No-Go,high_churn_risk,"churn_prob 0.83 vs Continue<= 0.45, No-Go>= 0.70.",true,0.8318,32.25,"Using the model **trained WITH inferred-interval features**, predicted chance of dollar churn is **83%** (high risk). That sits above the No-Go threshold, and interval confidence (80%) is high enough to auto-decide, so the recommendation is **No-Go** — decline or escalate for credit risk.",No-Go,0.8318,"Using the model **trained WITH inferred-interval features**, predicted chance of dollar churn is **83%** (high risk). That sits above the No-Go threshold, and interval confidence (80%) is high enough to auto-decide, so the recommendation is **No-Go** — decline or escalate for credit risk.",No-Go,0.819,"Using the model **trained WITHOUT inferred-interval features**, predicted chance of dollar churn is **82%** (high risk). That sits above the No-Go threshold, and interval confidence (80%) is high enough to auto-decide, so the recommendation is **No-Go** — decline or escalate for credit risk.",true,"Both models agree on **No-Go**. Adding the inferred interval changed churn probability by +1.3% (with=83%, without=82%).",20260712_032913,2,365.0
LoNld46A89yeSWqs,2025-03-05,mixed,0.2333,We inferred **mixed cadence (more than one regular billing pattern)** because invoice gaps cluster around more than one calendar period (for example a monthly subscription plus an annual fee) — the strongest pattern is annual (about 50% of matched gaps) Confidence in this label is **23%**.,Review,low_interval_confidence,interval_confidence 0.23 < 0.50; insufficient billing history to auto-decide (data-quality guardrail).,false,0.9656,612.67,We recommended **Review** (trained WITH inferred-interval features) because the billing-cycle signal is too uncertain (confidence 23% for “mixed cadence (more than one regular billing pattern)”). Thin or ambiguous history is treated as a data-quality issue — we do not auto Continue or auto No-Go until the cycle is clearer.,Review,0.9656,We recommended **Review** (trained WITH inferred-interval features) because the billing-cycle signal is too uncertain (confidence 23% for “mixed cadence (more than one regular billing pattern)”). Thin or ambiguous history is treated as a data-quality issue — we do not auto Continue or auto No-Go until the cycle is clearer.,Review,0.7134,We recommended **Review** (trained WITHOUT inferred-interval features) because the billing-cycle signal is too uncertain (confidence 23% for “mixed cadence (more than one regular billing pattern)”). Thin or ambiguous history is treated as a data-quality issue — we do not auto Continue or auto No-Go until the cycle is clearer.,true,"Both models agree on **Review**. Adding the inferred interval changed churn probability by +25.2% (with=97%, without=71%).",20260712_032913,12,1.0
HiVf73tboJBBFsUi,2025-03-05,one_time_candidate,0.9475,We inferred **looks like a one-time / non-recurring charge pattern** because there is essentially a single invoice followed by a long quiet period with no repeat billing Confidence in this label is **95%**.,No-Go,high_churn_risk,"churn_prob 0.99 vs Continue<= 0.45, No-Go>= 0.70.",true,0.9861,0.0,"Using the model **trained WITH inferred-interval features**, predicted chance of dollar churn is **99%** (high risk). That sits above the No-Go threshold, and interval confidence (95%) is high enough to auto-decide, so the recommendation is **No-Go** — decline or escalate for credit risk.",No-Go,0.9861,"Using the model **trained WITH inferred-interval features**, predicted chance of dollar churn is **99%** (high risk). That sits above the No-Go threshold, and interval confidence (95%) is high enough to auto-decide, so the recommendation is **No-Go** — decline or escalate for credit risk.",No-Go,0.9697,"Using the model **trained WITHOUT inferred-interval features**, predicted chance of dollar churn is **97%** (high risk). That sits above the No-Go threshold, and interval confidence (95%) is high enough to auto-decide, so the recommendation is **No-Go** — decline or escalate for credit risk.",true,"Both models agree on **No-Go**. Adding the inferred interval changed churn probability by +1.6% (with=99%, without=97%).",20260712_032913,1,
1PIeXPAyd4s5YbQA,2025-03-05,monthly,0.5288,"We inferred **monthly billing (about every month)** because the typical gap between billing days is about 1 days, which matches monthly billing (about every month) across 10 observed cycle(s) (about 100% of gaps fit that pattern) and spacing looks somewhat uneven Confidence in this label is **53%**.",No-Go,high_churn_risk,"churn_prob 0.99 vs Continue<= 0.45, No-Go>= 0.70.",true,0.99,95.7,"Using the model **trained WITH inferred-interval features**, predicted chance of dollar churn is **99%** (high risk). That sits above the No-Go threshold, and interval confidence (53%) is high enough to auto-decide, so the recommendation is **No-Go** — decline or escalate for credit risk.",No-Go,0.99,"Using the model **trained WITH inferred-interval features**, predicted chance of dollar churn is **99%** (high risk). That sits above the No-Go threshold, and interval confidence (53%) is high enough to auto-decide, so the recommendation is **No-Go** — decline or escalate for credit risk.",No-Go,0.9927,"Using the model **trained WITHOUT inferred-interval features**, predicted chance of dollar churn is **99%** (high risk). That sits above the No-Go threshold, and interval confidence (53%) is high enough to auto-decide, so the recommendation is **No-Go** — decline or escalate for credit risk.",true,"Both models agree on **No-Go**. Adding the inferred interval changed churn probability by -0.3% (with=99%, without=99%).",20260712_032913,11,1.0
lsCVaCUHUpk4Lclu,2025-03-05,irregular,0.0892,We inferred **irregular / no clear calendar billing cycle** because the gaps between invoices (typical gap ≈ 1 days) do not line up cleanly with monthly / quarterly / semi-annual / annual calendars Confidence in this label is **9%**.,Review,low_interval_confidence,interval_confidence 0.09 < 0.50; insufficient billing history to auto-decide (data-quality guardrail).,false,0.99,340.88,We recommended **Review** (trained WITH inferred-interval features) because the billing-cycle signal is too uncertain (confidence 9% for “irregular / no clear calendar billing cycle”). Thin or ambiguous history is treated as a data-quality issue — we do not auto Continue or auto No-Go until the cycle is clearer.,Review,0.99,We recommended **Review** (trained WITH inferred-interval features) because the billing-cycle signal is too uncertain (confidence 9% for “irregular / no clear calendar billing cycle”). Thin or ambiguous history is treated as a data-quality issue — we do not auto Continue or auto No-Go until the cycle is clearer.,Review,0.9697,We recommended **Review** (trained WITHOUT inferred-interval features) because the billing-cycle signal is too uncertain (confidence 9% for “irregular / no clear calendar billing cycle”). Thin or ambiguous history is treated as a data-quality issue — we do not auto Continue or auto No-Go until the cycle is clearer.,true,"Both models agree on **Review**. Adding the inferred interval changed churn probability by +2.0% (with=99%, without=97%).",20260712_032913,11,1.0
3DeQ9oeKjfO2LC6O,2025-03-05,irregular,0.1275,We inferred **irregular / no clear calendar billing cycle** because the gaps between invoices (typical gap ≈ 1 days) do not line up cleanly with monthly / quarterly / semi-annual / annual calendars Confidence in this label is **13%**.,Review,low_interval_confidence,interval_confidence 0.13 < 0.50; insufficient billing history to auto-decide (data-quality guardrail).,false,0.99,75.14,We recommended **Review** (trained WITH inferred-interval features) because the billing-cycle signal is too uncertain (confidence 13% for “irregular / no clear calendar billing cycle”). Thin or ambiguous history is treated as a data-quality issue — we do not auto Continue or auto No-Go until the cycle is clearer.,Review,0.99,We recommended **Review** (trained WITH inferred-interval features) because the billing-cycle signal is too uncertain (confidence 13% for “irregular / no clear calendar billing cycle”). Thin or ambiguous history is treated as a data-quality issue — we do not auto Continue or auto No-Go until the cycle is clearer.,Review,0.9914,We recommended **Review** (trained WITHOUT inferred-interval features) because the billing-cycle signal is too uncertain (confidence 13% for “irregular / no clear calendar billing cycle”). Thin or ambiguous history is treated as a data-quality issue — we do not auto Continue or auto No-Go until the cycle is clearer.,true,"Both models agree on **Review**. Adding the inferred interval changed churn probability by -0.1% (with=99%, without=99%).",20260712_032913,11,1.0
uFQBXnnrb5zMVKc0,2025-03-05,one_time_candidate,0.9475,We inferred **looks like a one-time / non-recurring charge pattern** because there is essentially a single invoice followed by a long quiet period with no repeat billing Confidence in this label is **95%**.,Review,borderline_churn_risk,"churn_prob 0.63 vs Continue<= 0.45, No-Go>= 0.70.",false,0.6331,49.53,"Using the model **trained WITH inferred-interval features**, predicted chance of dollar churn is **63%** (elevated risk). That sits between the Continue and No-Go bands (or still needs analyst judgment), so the recommendation is **Review**.",Review,0.6331,"Using the model **trained WITH inferred-interval features**, predicted chance of dollar churn is **63%** (elevated risk). That sits between the Continue and No-Go bands (or still needs analyst judgment), so the recommendation is **Review**.",Review,0.4946,"Using the model **trained WITHOUT inferred-interval features**, predicted chance of dollar churn is **49%** (elevated risk). That sits between the Continue and No-Go bands (or still needs analyst judgment), so the recommendation is **Review**.",true,"Both models agree on **Review**. Adding the inferred interval changed churn probability by +13.9% (with=63%, without=49%).",20260712_032913,1,
h2pRNb9r68Ro0lAF,2025-03-05,monthly,0.5947,"We inferred **monthly billing (about every month)** because the typical gap between billing days is about 30 days, which matches monthly billing (about every month) across 9 observed cycle(s) (about 100% of gaps fit that pattern) and spacing looks somewhat uneven Confidence in this label is **59%**.",No-Go,high_churn_risk,"churn_prob 0.99 vs Continue<= 0.45, No-Go>= 0.70.",true,0.9912,2.0,"Using the model **trained WITH inferred-interval features**, predicted chance of dollar churn is **99%** (high risk). That sits above the No-Go threshold, and interval confidence (59%) is high enough to auto-decide, so the recommendation is **No-Go** — decline or escalate for credit risk.",No-Go,0.9912,"Using the model **trained WITH inferred-interval features**, predicted chance of dollar churn is **99%** (high risk). That sits above the No-Go threshold, and interval confidence (59%) is high enough to auto-decide, so the recommendation is **No-Go** — decline or escalate for credit risk.",No-Go,0.9927,"Using the model **trained WITHOUT inferred-interval features**, predicted chance of dollar churn is **99%** (high risk). That sits above the No-Go threshold, and interval confidence (59%) is high enough to auto-decide, so the recommendation is **No-Go** — decline or escalate for credit risk.",true,"Both models agree on **No-Go**. Adding the inferred interval changed churn probability by -0.1% (with=99%, without=99%).",20260712_032913,10,30.0
yjkom2GVaJCACYvj,2025-03-05,irregular,0.1275,We inferred **irregular / no clear calendar billing cycle** because the gaps between invoices (typical gap ≈ 1 days) do not line up cleanly with monthly / quarterly / semi-annual / annual calendars Confidence in this label is **13%**.,Review,low_interval_confidence,interval_confidence 0.13 < 0.50; insufficient billing history to auto-decide (data-quality guardrail).,false,0.99,231.3,We recommended **Review** (trained WITH inferred-interval features) because the billing-cycle signal is too uncertain (confidence 13% for “irregular / no clear calendar billing cycle”). Thin or ambiguous history is treated as a data-quality issue — we do not auto Continue or auto No-Go until the cycle is clearer.,Review,0.99,We recommended **Review** (trained WITH inferred-interval features) because the billing-cycle signal is too uncertain (confidence 13% for “irregular / no clear calendar billing cycle”). Thin or ambiguous history is treated as a data-quality issue — we do not auto Continue or auto No-Go until the cycle is clearer.,Review,0.9856,We recommended **Review** (trained WITHOUT inferred-interval features) because the billing-cycle signal is too uncertain (confidence 13% for “irregular / no clear calendar billing cycle”). Thin or ambiguous history is treated as a data-quality issue — we do not auto Continue or auto No-Go until the cycle is clearer.,true,"Both models agree on **Review**. Adding the inferred interval changed churn probability by +0.4% (with=99%, without=99%).",20260712_032913,11,1.0
AXUPhU89TlwKwgcx,2025-03-05,monthly,0.8845,"We inferred **monthly billing (about every month)** because the typical gap between billing days is about 30 days, which matches monthly billing (about every month) across 8 observed cycle(s) (about 100% of gaps fit that pattern) and spacing looks very regular Confidence in this label is **88%**.",No-Go,high_churn_risk,"churn_prob 0.98 vs Continue<= 0.45, No-Go>= 0.70.",true,0.9847,1.87,"Using the model **trained WITH inferred-interval features**, predicted chance of dollar churn is **98%** (high risk). That sits above the No-Go threshold, and interval confidence (88%) is high enough to auto-decide, so the recommendation is **No-Go** — decline or escalate for credit risk.",No-Go,0.9847,"Using the model **trained WITH inferred-interval features**, predicted chance of dollar churn is **98%** (high risk). That sits above the No-Go threshold, and interval confidence (88%) is high enough to auto-decide, so the recommendation is **No-Go** — decline or escalate for credit risk.",No-Go,0.9914,"Using the model **trained WITHOUT inferred-interval features**, predicted chance of dollar churn is **99%** (high risk). That sits above the No-Go threshold, and interval confidence (88%) is high enough to auto-decide, so the recommendation is **No-Go** — decline or escalate for credit risk.",true,"Both models agree on **No-Go**. Adding the inferred interval changed churn probability by -0.7% (with=98%, without=99%).",20260712_032913,9,30.5
1u0X4TQdsTVhd0OQ,2025-03-05,monthly,0.4286,"We inferred **monthly billing (about every month)** because the typical gap between billing days is about 30 days, which matches monthly billing (about every month) across 7 observed cycle(s) (about 86% of gaps fit that pattern; 2 competing patterns seen) and spacing looks somewhat uneven Confidence in this label is **43%**.",Review,low_interval_confidence,interval_confidence 0.43 < 0.50; insufficient billing history to auto-decide (data-quality guardrail).,false,0.7761,274.61,We recommended **Review** (trained WITH inferred-interval features) because the billing-cycle signal is too uncertain (confidence 43% for “monthly billing (about every month)”). Thin or ambiguous history is treated as a data-quality issue — we do not auto Continue or auto No-Go until the cycle is clearer.,Review,0.7761,We recommended **Review** (trained WITH inferred-interval features) because the billing-cycle signal is too uncertain (confidence 43% for “monthly billing (about every month)”). Thin or ambiguous history is treated as a data-quality issue — we do not auto Continue or auto No-Go until the cycle is clearer.,Review,0.8613,We recommended **Review** (trained WITHOUT inferred-interval features) because the billing-cycle signal is too uncertain (confidence 43% for “monthly billing (about every month)”). Thin or ambiguous history is treated as a data-quality issue — we do not auto Continue or auto No-Go until the cycle is clearer.,true,"Both models agree on **Review**. Adding the inferred interval changed churn probability by -8.5% (with=78%, without=86%).",20260712_032913,8,30.0
vGR40eisgK2yXbzu,2025-03-05,irregular,0.1275,We inferred **irregular / no clear calendar billing cycle** because the gaps between invoices (typical gap ≈ 1 days) do not line up cleanly with monthly / quarterly / semi-annual / annual calendars Confidence in this label is **13%**.,Review,low_interval_confidence,interval_confidence 0.13 < 0.50; insufficient billing history to auto-decide (data-quality guardrail).,false,0.99,75.14,We recommended **Review** (trained WITH inferred-interval features) because the billing-cycle signal is too uncertain (confidence 13% for “irregular / no clear calendar billing cycle”). Thin or ambiguous history is treated as a data-quality issue — we do not auto Continue or auto No-Go until the cycle is clearer.,Review,0.99,We recommended **Review** (trained WITH inferred-interval features) because the billing-cycle signal is too uncertain (confidence 13% for “irregular / no clear calendar billing cycle”). Thin or ambiguous history is treated as a data-quality issue — we do not auto Continue or auto No-Go until the cycle is clearer.,Review,0.9914,We recommended **Review** (trained WITHOUT inferred-interval features) because the billing-cycle signal is too uncertain (confidence 13% for “irregular / no clear calendar billing cycle”). Thin or ambiguous history is treated as a data-quality issue — we do not auto Continue or auto No-Go until the cycle is clearer.,true,"Both models agree on **Review**. Adding the inferred interval changed churn probability by -0.1% (with=99%, without=99%).",20260712_032913,11,1.0
FMaLs6yup5zSX95k,2025-03-05,monthly,0.6607,"We inferred **monthly billing (about every month)** because the typical gap between billing days is about 26 days, which matches monthly billing (about every month) across 1 observed cycle(s) (about 100% of gaps fit that pattern) Confidence in this label is **66%**.",No-Go,high_churn_risk,"churn_prob 0.80 vs Continue<= 0.45, No-Go>= 0.70.",true,0.8031,8.12,"Using the model **trained WITH inferred-interval features**, predicted chance of dollar churn is **80%** (high risk). That sits above the No-Go threshold, and interval confidence (66%) is high enough to auto-decide, so the recommendation is **No-Go** — decline or escalate for credit risk.",No-Go,0.8031,"Using the model **trained WITH inferred-interval features**, predicted chance of dollar churn is **80%** (high risk). That sits above the No-Go threshold, and interval confidence (66%) is high enough to auto-decide, so the recommendation is **No-Go** — decline or escalate for credit risk.",No-Go,0.7134,"Using the model **trained WITHOUT inferred-interval features**, predicted chance of dollar churn is **71%** (high risk). That sits above the No-Go threshold, and interval confidence (66%) is high enough to auto-decide, so the recommendation is **No-Go** — decline or escalate for credit risk.",true,"Both models agree on **No-Go**. Adding the inferred interval changed churn probability by +9.0% (with=80%, without=71%).",20260712_032913,2,26.0
WE3YxC8D9yaEi06R,2025-03-05,one_time_candidate,0.9475,We inferred **looks like a one-time / non-recurring charge pattern** because there is essentially a single invoice followed by a long quiet period with no repeat billing Confidence in this label is **95%**.,No-Go,high_churn_risk,"churn_prob 0.99 vs Continue<= 0.45, No-Go>= 0.70.",true,0.99,0.0,"Using the model **trained WITH inferred-interval features**, predicted chance of dollar churn is **99%** (high risk). That sits above the No-Go threshold, and interval confidence (95%) is high enough to auto-decide, so the recommendation is **No-Go** — decline or escalate for credit risk.",No-Go,0.99,"Using the model **trained WITH inferred-interval features**, predicted chance of dollar churn is **99%** (high risk). That sits above the No-Go threshold, and interval confidence (95%) is high enough to auto-decide, so the recommendation is **No-Go** — decline or escalate for credit risk.",No-Go,0.9856,"Using the model **trained WITHOUT inferred-interval features**, predicted chance of dollar churn is **99%** (high risk). That sits above the No-Go threshold, and interval confidence (95%) is high enough to auto-decide, so the recommendation is **No-Go** — decline or escalate for credit risk.",true,"Both models agree on **No-Go**. Adding the inferred interval changed churn probability by +0.4% (with=99%, without=99%).",20260712_032913,1,
aDt74XFLqtJJLg5r,2025-03-05,one_time_candidate,0.9338,We inferred **looks like a one-time / non-recurring charge pattern** because there is essentially a single invoice followed by a long quiet period with no repeat billing Confidence in this label is **93%**.,No-Go,high_churn_risk,"churn_prob 0.99 vs Continue<= 0.45, No-Go>= 0.70.",true,0.99,0.0,"Using the model **trained WITH inferred-interval features**, predicted chance of dollar churn is **99%** (high risk). That sits above the No-Go threshold, and interval confidence (93%) is high enough to auto-decide, so the recommendation is **No-Go** — decline or escalate for credit risk.",No-Go,0.99,"Using the model **trained WITH inferred-interval features**, predicted chance of dollar churn is **99%** (high risk). That sits above the No-Go threshold, and interval confidence (93%) is high enough to auto-decide, so the recommendation is **No-Go** — decline or escalate for credit risk.",No-Go,0.9856,"Using the model **trained WITHOUT inferred-interval features**, predicted chance of dollar churn is **99%** (high risk). That sits above the No-Go threshold, and interval confidence (93%) is high enough to auto-decide, so the recommendation is **No-Go** — decline or escalate for credit risk.",true,"Both models agree on **No-Go**. Adding the inferred interval changed churn probability by +0.4% (with=99%, without=99%).",20260712_032913,1,
RuEXwI9tshAkLT3y,2025-03-05,irregular,0.3,We inferred **irregular / no clear calendar billing cycle** because the gaps between invoices (typical gap ≈ 1 days) do not line up cleanly with monthly / quarterly / semi-annual / annual calendars Confidence in this label is **30%**.,Review,low_interval_confidence,interval_confidence 0.30 < 0.50; insufficient billing history to auto-decide (data-quality guardrail).,false,0.9861,62.35,We recommended **Review** (trained WITH inferred-interval features) because the billing-cycle signal is too uncertain (confidence 30% for “irregular / no clear calendar billing cycle”). Thin or ambiguous history is treated as a data-quality issue — we do not auto Continue or auto No-Go until the cycle is clearer.,Review,0.9861,We recommended **Review** (trained WITH inferred-interval features) because the billing-cycle signal is too uncertain (confidence 30% for “irregular / no clear calendar billing cycle”). Thin or ambiguous history is treated as a data-quality issue — we do not auto Continue or auto No-Go until the cycle is clearer.,Review,0.9856,We recommended **Review** (trained WITHOUT inferred-interval features) because the billing-cycle signal is too uncertain (confidence 30% for “irregular / no clear calendar billing cycle”). Thin or ambiguous history is treated as a data-quality issue — we do not auto Continue or auto No-Go until the cycle is clearer.,true,"Both models agree on **Review**. Adding the inferred interval changed churn probability by +0.1% (with=99%, without=99%).",20260712_032913,10,1.0
Gk4vthM2jqUvPso1,2025-03-05,one_time_candidate,0.9475,We inferred **looks like a one-time / non-recurring charge pattern** because there is essentially a single invoice followed by a long quiet period with no repeat billing Confidence in this label is **95%**.,Review,borderline_churn_risk,"churn_prob 0.63 vs Continue<= 0.45, No-Go>= 0.70.",false,0.6331,49.53,"Using the model **trained WITH inferred-interval features**, predicted chance of dollar churn is **63%** (elevated risk). That sits between the Continue and No-Go bands (or still needs analyst judgment), so the recommendation is **Review**.",Review,0.6331,"Using the model **trained WITH inferred-interval features**, predicted chance of dollar churn is **63%** (elevated risk). That sits between the Continue and No-Go bands (or still needs analyst judgment), so the recommendation is **Review**.",Review,0.4946,"Using the model **trained WITHOUT inferred-interval features**, predicted chance of dollar churn is **49%** (elevated risk). That sits between the Continue and No-Go bands (or still needs analyst judgment), so the recommendation is **Review**.",true,"Both models agree on **Review**. Adding the inferred interval changed churn probability by +13.9% (with=63%, without=49%).",20260712_032913,1,
1U1Z6ZuekhWPjd7R,2025-03-05,irregular,0.3,We inferred **irregular / no clear calendar billing cycle** because the gaps between invoices (typical gap ≈ 1 days) do not line up cleanly with monthly / quarterly / semi-annual / annual calendars Confidence in this label is **30%**.,Review,low_interval_confidence,interval_confidence 0.30 < 0.50; insufficient billing history to auto-decide (data-quality guardrail).,false,0.9861,62.35,We recommended **Review** (trained WITH inferred-interval features) because the billing-cycle signal is too uncertain (confidence 30% for “irregular / no clear calendar billing cycle”). Thin or ambiguous history is treated as a data-quality issue — we do not auto Continue or auto No-Go until the cycle is clearer.,Review,0.9861,We recommended **Review** (trained WITH inferred-interval features) because the billing-cycle signal is too uncertain (confidence 30% for “irregular / no clear calendar billing cycle”). Thin or ambiguous history is treated as a data-quality issue — we do not auto Continue or auto No-Go until the cycle is clearer.,Review,0.9856,We recommended **Review** (trained WITHOUT inferred-interval features) because the billing-cycle signal is too uncertain (confidence 30% for “irregular / no clear calendar billing cycle”). Thin or ambiguous history is treated as a data-quality issue — we do not auto Continue or auto No-Go until the cycle is clearer.,true,"Both models agree on **Review**. Adding the inferred interval changed churn probability by +0.1% (with=99%, without=99%).",20260712_032913,10,1.0
LDSLd27yPzPyY2VU,2025-03-05,annual,0.62,"We inferred **annual billing (about once a year)** because the typical gap between billing days is about 1 days, which matches annual billing (about once a year) across 4 observed cycle(s) (about 100% of gaps fit that pattern) and spacing looks somewhat uneven Confidence in this label is **62%**.",No-Go,high_churn_risk,"churn_prob 0.80 vs Continue<= 0.45, No-Go>= 0.70.",true,0.8031,119.31,"Using the model **trained WITH inferred-interval features**, predicted chance of dollar churn is **80%** (high risk). That sits above the No-Go threshold, and interval confidence (62%) is high enough to auto-decide, so the recommendation is **No-Go** — decline or escalate for credit risk.",No-Go,0.8031,"Using the model **trained WITH inferred-interval features**, predicted chance of dollar churn is **80%** (high risk). That sits above the No-Go threshold, and interval confidence (62%) is high enough to auto-decide, so the recommendation is **No-Go** — decline or escalate for credit risk.",Review,0.6609,"Using the model **trained WITHOUT inferred-interval features**, predicted chance of dollar churn is **66%** (elevated risk). That sits between the Continue and No-Go bands (or still needs analyst judgment), so the recommendation is **Review**.",false,"The models **disagree**: with interval → **No-Go**, without interval → **Review**. Churn probability shifts from 66% (no interval) to 80% (with interval), Δ=+14.2%. This is exactly the decision-relevant value of the inferred cycle.",20260712_032913,5,1.0
u8iE9R5HwHDLr76b,2025-03-05,irregular,0.3,We inferred **irregular / no clear calendar billing cycle** because the gaps between invoices (typical gap ≈ 1 days) do not line up cleanly with monthly / quarterly / semi-annual / annual calendars Confidence in this label is **30%**.,Review,low_interval_confidence,interval_confidence 0.30 < 0.50; insufficient billing history to auto-decide (data-quality guardrail).,false,0.9861,175.15,We recommended **Review** (trained WITH inferred-interval features) because the billing-cycle signal is too uncertain (confidence 30% for “irregular / no clear calendar billing cycle”). Thin or ambiguous history is treated as a data-quality issue — we do not auto Continue or auto No-Go until the cycle is clearer.,Review,0.9861,We recommended **Review** (trained WITH inferred-interval features) because the billing-cycle signal is too uncertain (confidence 30% for “irregular / no clear calendar billing cycle”). Thin or ambiguous history is treated as a data-quality issue — we do not auto Continue or auto No-Go until the cycle is clearer.,Review,0.9697,We recommended **Review** (trained WITHOUT inferred-interval features) because the billing-cycle signal is too uncertain (confidence 30% for “irregular / no clear calendar billing cycle”). Thin or ambiguous history is treated as a data-quality issue — we do not auto Continue or auto No-Go until the cycle is clearer.,true,"Both models agree on **Review**. Adding the inferred interval changed churn probability by +1.6% (with=99%, without=97%).",20260712_032913,11,1.0
sOCiBkudxwpCwGMS,2025-03-05,monthly,0.7008,"We inferred **monthly billing (about every month)** because the typical gap between billing days is about 31 days, which matches monthly billing (about every month) across 7 observed cycle(s) (about 100% of gaps fit that pattern) and spacing looks fairly regular Confidence in this label is **70%**.",No-Go,high_churn_risk,"churn_prob 0.99 vs Continue<= 0.45, No-Go>= 0.70.",true,0.99,0.78,"Using the model **trained WITH inferred-interval features**, predicted chance of dollar churn is **99%** (high risk). That sits above the No-Go threshold, and interval confidence (70%) is high enough to auto-decide, so the recommendation is **No-Go** — decline or escalate for credit risk.",No-Go,0.99,"Using the model **trained WITH inferred-interval features**, predicted chance of dollar churn is **99%** (high risk). That sits above the No-Go threshold, and interval confidence (70%) is high enough to auto-decide, so the recommendation is **No-Go** — decline or escalate for credit risk.",No-Go,0.9914,"Using the model **trained WITHOUT inferred-interval features**, predicted chance of dollar churn is **99%** (high risk). That sits above the No-Go threshold, and interval confidence (70%) is high enough to auto-decide, so the recommendation is **No-Go** — decline or escalate for credit risk.",true,"Both models agree on **No-Go**. Adding the inferred interval changed churn probability by -0.1% (with=99%, without=99%).",20260712_032913,8,31.0
oRKiHWXnlNt98yYh,2025-03-05,monthly,0.8664,"We inferred **monthly billing (about every month)** because the typical gap between billing days is about 30 days, which matches monthly billing (about every month) across 8 observed cycle(s) (about 100% of gaps fit that pattern) and spacing looks very regular Confidence in this label is **87%**.",No-Go,high_churn_risk,"churn_prob 0.98 vs Continue<= 0.45, No-Go>= 0.70.",true,0.982,1.7,"Using the model **trained WITH inferred-interval features**, predicted chance of dollar churn is **98%** (high risk). That sits above the No-Go threshold, and interval confidence (87%) is high enough to auto-decide, so the recommendation is **No-Go** — decline or escalate for credit risk.",No-Go,0.982,"Using the model **trained WITH inferred-interval features**, predicted chance of dollar churn is **98%** (high risk). That sits above the No-Go threshold, and interval confidence (87%) is high enough to auto-decide, so the recommendation is **No-Go** — decline or escalate for credit risk.",No-Go,0.9856,"Using the model **trained WITHOUT inferred-interval features**, predicted chance of dollar churn is **99%** (high risk). That sits above the No-Go threshold, and interval confidence (87%) is high enough to auto-decide, so the recommendation is **No-Go** — decline or escalate for credit risk.",true,"Both models agree on **No-Go**. Adding the inferred interval changed churn probability by -0.4% (with=98%, without=99%).",20260712_032913,9,30.5
GrPice0fA0TmMIBG,2025-03-05,annual,0.5664,"We inferred **annual billing (about once a year)** because the typical gap between billing days is about 183 days, which matches annual billing (about once a year) across 2 observed cycle(s) (about 100% of gaps fit that pattern) and spacing looks somewhat uneven Confidence in this label is **57%**.",No-Go,high_churn_risk,"churn_prob 0.94 vs Continue<= 0.45, No-Go>= 0.70.",true,0.9429,45.16,"Using the model **trained WITH inferred-interval features**, predicted chance of dollar churn is **94%** (high risk). That sits above the No-Go threshold, and interval confidence (57%) is high enough to auto-decide, so the recommendation is **No-Go** — decline or escalate for credit risk.",No-Go,0.9429,"Using the model **trained WITH inferred-interval features**, predicted chance of dollar churn is **94%** (high risk). That sits above the No-Go threshold, and interval confidence (57%) is high enough to auto-decide, so the recommendation is **No-Go** — decline or escalate for credit risk.",No-Go,0.9022,"Using the model **trained WITHOUT inferred-interval features**, predicted chance of dollar churn is **90%** (high risk). That sits above the No-Go threshold, and interval confidence (57%) is high enough to auto-decide, so the recommendation is **No-Go** — decline or escalate for credit risk.",true,"Both models agree on **No-Go**. Adding the inferred interval changed churn probability by +4.1% (with=94%, without=90%).",20260712_032913,3,183.0
A8s2Papy3vgBnbu9,2025-03-05,monthly,0.5446,"We inferred **monthly billing (about every month)** because the typical gap between billing days is about 1 days, which matches monthly billing (about every month) across 11 observed cycle(s) (about 100% of gaps fit that pattern) and spacing looks somewhat uneven Confidence in this label is **54%**.",No-Go,high_churn_risk,"churn_prob 0.99 vs Continue<= 0.45, No-Go>= 0.70.",true,0.9861,8.97,"Using the model **trained WITH inferred-interval features**, predicted chance of dollar churn is **99%** (high risk). That sits above the No-Go threshold, and interval confidence (54%) is high enough to auto-decide, so the recommendation is **No-Go** — decline or escalate for credit risk.",No-Go,0.9861,"Using the model **trained WITH inferred-interval features**, predicted chance of dollar churn is **99%** (high risk). That sits above the No-Go threshold, and interval confidence (54%) is high enough to auto-decide, so the recommendation is **No-Go** — decline or escalate for credit risk.",No-Go,0.9856,"Using the model **trained WITHOUT inferred-interval features**, predicted chance of dollar churn is **99%** (high risk). That sits above the No-Go threshold, and interval confidence (54%) is high enough to auto-decide, so the recommendation is **No-Go** — decline or escalate for credit risk.",true,"Both models agree on **No-Go**. Adding the inferred interval changed churn probability by +0.1% (with=99%, without=99%).",20260712_032913,12,1.0
QxAoxzpO200cL858,2025-03-05,irregular,0.1275,We inferred **irregular / no clear calendar billing cycle** because the gaps between invoices (typical gap ≈ 1 days) do not line up cleanly with monthly / quarterly / semi-annual / annual calendars Confidence in this label is **13%**.,Review,low_interval_confidence,interval_confidence 0.13 < 0.50; insufficient billing history to auto-decide (data-quality guardrail).,false,0.99,75.14,We recommended **Review** (trained WITH inferred-interval features) because the billing-cycle signal is too uncertain (confidence 13% for “irregular / no clear calendar billing cycle”). Thin or ambiguous history is treated as a data-quality issue — we do not auto Continue or auto No-Go until the cycle is clearer.,Review,0.99,We recommended **Review** (trained WITH inferred-interval features) because the billing-cycle signal is too uncertain (confidence 13% for “irregular / no clear calendar billing cycle”). Thin or ambiguous history is treated as a data-quality issue — we do not auto Continue or auto No-Go until the cycle is clearer.,Review,0.9914,We recommended **Review** (trained WITHOUT inferred-interval features) because the billing-cycle signal is too uncertain (confidence 13% for “irregular / no clear calendar billing cycle”). Thin or ambiguous history is treated as a data-quality issue — we do not auto Continue or auto No-Go until the cycle is clearer.,true,"Both models agree on **Review**. Adding the inferred interval changed churn probability by -0.1% (with=99%, without=99%).",20260712_032913,11,1.0
jVzdHsCvWywq4jHs,2025-03-05,monthly,0.6607,"We inferred **monthly billing (about every month)** because the typical gap between billing days is about 26 days, which matches monthly billing (about every month) across 1 observed cycle(s) (about 100% of gaps fit that pattern) Confidence in this label is **66%**.",No-Go,high_churn_risk,"churn_prob 0.80 vs Continue<= 0.45, No-Go>= 0.70.",true,0.8031,8.12,"Using the model **trained WITH inferred-interval features**, predicted chance of dollar churn is **80%** (high risk). That sits above the No-Go threshold, and interval confidence (66%) is high enough to auto-decide, so the recommendation is **No-Go** — decline or escalate for credit risk.",No-Go,0.8031,"Using the model **trained WITH inferred-interval features**, predicted chance of dollar churn is **80%** (high risk). That sits above the No-Go threshold, and interval confidence (66%) is high enough to auto-decide, so the recommendation is **No-Go** — decline or escalate for credit risk.",No-Go,0.7134,"Using the model **trained WITHOUT inferred-interval features**, predicted chance of dollar churn is **71%** (high risk). That sits above the No-Go threshold, and interval confidence (66%) is high enough to auto-decide, so the recommendation is **No-Go** — decline or escalate for credit risk.",true,"Both models agree on **No-Go**. Adding the inferred interval changed churn probability by +9.0% (with=80%, without=71%).",20260712_032913,2,26.0
pcQ7fBBv7XrmO0eq,2025-03-05,irregular,0.05,We inferred **irregular / no clear calendar billing cycle** because the gaps between invoices (typical gap ≈ 1 days) do not line up cleanly with monthly / quarterly / semi-annual / annual calendars Confidence in this label is **5%**.,Review,low_interval_confidence,interval_confidence 0.05 < 0.50; insufficient billing history to auto-decide (data-quality guardrail).,false,0.99,79.51,We recommended **Review** (trained WITH inferred-interval features) because the billing-cycle signal is too uncertain (confidence 5% for “irregular / no clear calendar billing cycle”). Thin or ambiguous history is treated as a data-quality issue — we do not auto Continue or auto No-Go until the cycle is clearer.,Review,0.99,We recommended **Review** (trained WITH inferred-interval features) because the billing-cycle signal is too uncertain (confidence 5% for “irregular / no clear calendar billing cycle”). Thin or ambiguous history is treated as a data-quality issue — we do not auto Continue or auto No-Go until the cycle is clearer.,Review,0.9927,We recommended **Review** (trained WITHOUT inferred-interval features) because the billing-cycle signal is too uncertain (confidence 5% for “irregular / no clear calendar billing cycle”). Thin or ambiguous history is treated as a data-quality issue — we do not auto Continue or auto No-Go until the cycle is clearer.,true,"Both models agree on **Review**. Adding the inferred interval changed churn probability by -0.3% (with=99%, without=99%).",20260712_032913,11,1.0
VX8YpqWTbD00BTcY,2025-03-05,monthly,0.5167,"We inferred **monthly billing (about every month)** because the typical gap between billing days is about 1 days, which matches monthly billing (about every month) across 11 observed cycle(s) (about 100% of gaps fit that pattern) and spacing looks somewhat uneven Confidence in this label is **52%**.",No-Go,high_churn_risk,"churn_prob 0.98 vs Continue<= 0.45, No-Go>= 0.70.",true,0.982,386.05,"Using the model **trained WITH inferred-interval features**, predicted chance of dollar churn is **98%** (high risk). That sits above the No-Go threshold, and interval confidence (52%) is high enough to auto-decide, so the recommendation is **No-Go** — decline or escalate for credit risk.",No-Go,0.982,"Using the model **trained WITH inferred-interval features**, predicted chance of dollar churn is **98%** (high risk). That sits above the No-Go threshold, and interval confidence (52%) is high enough to auto-decide, so the recommendation is **No-Go** — decline or escalate for credit risk.",No-Go,0.9697,"Using the model **trained WITHOUT inferred-interval features**, predicted chance of dollar churn is **97%** (high risk). That sits above the No-Go threshold, and interval confidence (52%) is high enough to auto-decide, so the recommendation is **No-Go** — decline or escalate for credit risk.",true,"Both models agree on **No-Go**. Adding the inferred interval changed churn probability by +1.2% (with=98%, without=97%).",20260712_032913,12,1.0
KIOag0DYfv4vpgrv,2025-03-05,irregular,0.1275,We inferred **irregular / no clear calendar billing cycle** because the gaps between invoices (typical gap ≈ 1 days) do not line up cleanly with monthly / quarterly / semi-annual / annual calendars Confidence in this label is **13%**.,Review,low_interval_confidence,interval_confidence 0.13 < 0.50; insufficient billing history to auto-decide (data-quality guardrail).,false,0.99,75.14,We recommended **Review** (trained WITH inferred-interval features) because the billing-cycle signal is too uncertain (confidence 13% for “irregular / no clear calendar billing cycle”). Thin or ambiguous history is treated as a data-quality issue — we do not auto Continue or auto No-Go until the cycle is clearer.,Review,0.99,We recommended **Review** (trained WITH inferred-interval features) because the billing-cycle signal is too uncertain (confidence 13% for “irregular / no clear calendar billing cycle”). Thin or ambiguous history is treated as a data-quality issue — we do not auto Continue or auto No-Go until the cycle is clearer.,Review,0.9914,We recommended **Review** (trained WITHOUT inferred-interval features) because the billing-cycle signal is too uncertain (confidence 13% for “irregular / no clear calendar billing cycle”). Thin or ambiguous history is treated as a data-quality issue — we do not auto Continue or auto No-Go until the cycle is clearer.,true,"Both models agree on **Review**. Adding the inferred interval changed churn probability by -0.1% (with=99%, without=99%).",20260712_032913,11,1.0
BpUQPPmB3Xm5baAB,2025-03-05,monthly,0.6833,"We inferred **monthly billing (about every month)** because the typical gap between billing days is about 29 days, which matches monthly billing (about every month) across 23 observed cycle(s) (about 100% of gaps fit that pattern) and spacing looks somewhat uneven Confidence in this label is **68%**.",No-Go,high_churn_risk,"churn_prob 0.99 vs Continue<= 0.45, No-Go>= 0.70.",true,0.9912,539.26,"Using the model **trained WITH inferred-interval features**, predicted chance of dollar churn is **99%** (high risk). That sits above the No-Go threshold, and interval confidence (68%) is high enough to auto-decide, so the recommendation is **No-Go** — decline or escalate for credit risk.",No-Go,0.9912,"Using the model **trained WITH inferred-interval features**, predicted chance of dollar churn is **99%** (high risk). That sits above the No-Go threshold, and interval confidence (68%) is high enough to auto-decide, so the recommendation is **No-Go** — decline or escalate for credit risk.",No-Go,0.9927,"Using the model **trained WITHOUT inferred-interval features**, predicted chance of dollar churn is **99%** (high risk). That sits above the No-Go threshold, and interval confidence (68%) is high enough to auto-decide, so the recommendation is **No-Go** — decline or escalate for credit risk.",true,"Both models agree on **No-Go**. Adding the inferred interval changed churn probability by -0.1% (with=99%, without=99%).",20260712_032913,24,29.0
uJzT9H2KuTbmqWr0,2025-03-05,monthly,0.8856,"We inferred **monthly billing (about every month)** because the typical gap between billing days is about 30 days, which matches monthly billing (about every month) across 9 observed cycle(s) (about 100% of gaps fit that pattern) and spacing looks very regular Confidence in this label is **89%**.",No-Go,high_churn_risk,"churn_prob 0.98 vs Continue<= 0.45, No-Go>= 0.70.",true,0.982,1.69,"Using the model **trained WITH inferred-interval features**, predicted chance of dollar churn is **98%** (high risk). That sits above the No-Go threshold, and interval confidence (89%) is high enough to auto-decide, so the recommendation is **No-Go** — decline or escalate for credit risk.",No-Go,0.982,"Using the model **trained WITH inferred-interval features**, predicted chance of dollar churn is **98%** (high risk). That sits above the No-Go threshold, and interval confidence (89%) is high enough to auto-decide, so the recommendation is **No-Go** — decline or escalate for credit risk.",No-Go,0.9856,"Using the model **trained WITHOUT inferred-interval features**, predicted chance of dollar churn is **99%** (high risk). That sits above the No-Go threshold, and interval confidence (89%) is high enough to auto-decide, so the recommendation is **No-Go** — decline or escalate for credit risk.",true,"Both models agree on **No-Go**. Adding the inferred interval changed churn probability by -0.4% (with=98%, without=99%).",20260712_032913,10,30.0
JV1os9y9OV38hR3Z,2025-03-05,irregular,0.05,We inferred **irregular / no clear calendar billing cycle** because the gaps between invoices (typical gap ≈ 1 days) do not line up cleanly with monthly / quarterly / semi-annual / annual calendars Confidence in this label is **5%**.,Review,low_interval_confidence,interval_confidence 0.05 < 0.50; insufficient billing history to auto-decide (data-quality guardrail).,false,0.9861,79.11,We recommended **Review** (trained WITH inferred-interval features) because the billing-cycle signal is too uncertain (confidence 5% for “irregular / no clear calendar billing cycle”). Thin or ambiguous history is treated as a data-quality issue — we do not auto Continue or auto No-Go until the cycle is clearer.,Review,0.9861,We recommended **Review** (trained WITH inferred-interval features) because the billing-cycle signal is too uncertain (confidence 5% for “irregular / no clear calendar billing cycle”). Thin or ambiguous history is treated as a data-quality issue — we do not auto Continue or auto No-Go until the cycle is clearer.,Review,0.9718,We recommended **Review** (trained WITHOUT inferred-interval features) because the billing-cycle signal is too uncertain (confidence 5% for “irregular / no clear calendar billing cycle”). Thin or ambiguous history is treated as a data-quality issue — we do not auto Continue or auto No-Go until the cycle is clearer.,true,"Both models agree on **Review**. Adding the inferred interval changed churn probability by +1.4% (with=99%, without=97%).",20260712_032913,11,1.0
sEXLlSNZwoI9lBvv,2025-03-05,monthly,0.5628,"We inferred **monthly billing (about every month)** because the typical gap between billing days is about 1 days, which matches monthly billing (about every month) across 15 observed cycle(s) (about 100% of gaps fit that pattern) and spacing looks somewhat uneven Confidence in this label is **56%**.",No-Go,high_churn_risk,"churn_prob 0.99 vs Continue<= 0.45, No-Go>= 0.70.",true,0.9912,11.25,"Using the model **trained WITH inferred-interval features**, predicted chance of dollar churn is **99%** (high risk). That sits above the No-Go threshold, and interval confidence (56%) is high enough to auto-decide, so the recommendation is **No-Go** — decline or escalate for credit risk.",No-Go,0.9912,"Using the model **trained WITH inferred-interval features**, predicted chance of dollar churn is **99%** (high risk). That sits above the No-Go threshold, and interval confidence (56%) is high enough to auto-decide, so the recommendation is **No-Go** — decline or escalate for credit risk.",No-Go,0.9927,"Using the model **trained WITHOUT inferred-interval features**, predicted chance of dollar churn is **99%** (high risk). That sits above the No-Go threshold, and interval confidence (56%) is high enough to auto-decide, so the recommendation is **No-Go** — decline or escalate for credit risk.",true,"Both models agree on **No-Go**. Adding the inferred interval changed churn probability by -0.1% (with=99%, without=99%).",20260712_032913,16,1.0
SP60pNlS8SdZ1Wou,2025-03-05,annual,0.8,"We inferred **annual billing (about once a year)** because the typical gap between billing days is about 365 days, which matches annual billing (about once a year) across 1 observed cycle(s) (about 100% of gaps fit that pattern) Confidence in this label is **80%**.",No-Go,high_churn_risk,"churn_prob 0.90 vs Continue<= 0.45, No-Go>= 0.70.",true,0.9015,34.68,"Using the model **trained WITH inferred-interval features**, predicted chance of dollar churn is **90%** (high risk). That sits above the No-Go threshold, and interval confidence (80%) is high enough to auto-decide, so the recommendation is **No-Go** — decline or escalate for credit risk.",No-Go,0.9015,"Using the model **trained WITH inferred-interval features**, predicted chance of dollar churn is **90%** (high risk). That sits above the No-Go threshold, and interval confidence (80%) is high enough to auto-decide, so the recommendation is **No-Go** — decline or escalate for credit risk.",No-Go,0.9022,"Using the model **trained WITHOUT inferred-interval features**, predicted chance of dollar churn is **90%** (high risk). That sits above the No-Go threshold, and interval confidence (80%) is high enough to auto-decide, so the recommendation is **No-Go** — decline or escalate for credit risk.",true,"Both models agree on **No-Go**. Adding the inferred interval changed churn probability by -0.1% (with=90%, without=90%).",20260712_032913,2,365.0
qgrDmgNvDtURUPDD,2025-03-05,monthly,0.6293,"We inferred **monthly billing (about every month)** because the typical gap between billing days is about 1 days, which matches monthly billing (about every month) across 17 observed cycle(s) (about 100% of gaps fit that pattern) and spacing looks somewhat uneven Confidence in this label is **63%**.",No-Go,high_churn_risk,"churn_prob 0.99 vs Continue<= 0.45, No-Go>= 0.70.",true,0.9948,10.44,"Using the model **trained WITH inferred-interval features**, predicted chance of dollar churn is **99%** (high risk). That sits above the No-Go threshold, and interval confidence (63%) is high enough to auto-decide, so the recommendation is **No-Go** — decline or escalate for credit risk.",No-Go,0.9948,"Using the model **trained WITH inferred-interval features**, predicted chance of dollar churn is **99%** (high risk). That sits above the No-Go threshold, and interval confidence (63%) is high enough to auto-decide, so the recommendation is **No-Go** — decline or escalate for credit risk.",No-Go,0.9956,"Using the model **trained WITHOUT inferred-interval features**, predicted chance of dollar churn is **100%** (high risk). That sits above the No-Go threshold, and interval confidence (63%) is high enough to auto-decide, so the recommendation is **No-Go** — decline or escalate for credit risk.",true,"Both models agree on **No-Go**. Adding the inferred interval changed churn probability by -0.1% (with=99%, without=100%).",20260712_032913,18,1.0
siyFNpfEeJXKGc1Z,2025-03-05,quarterly,0.5588,"We inferred **quarterly billing (about every 3 months)** because the typical gap between billing days is about 1 days, which matches quarterly billing (about every 3 months) across 10 observed cycle(s) (about 100% of gaps fit that pattern) and spacing looks somewhat uneven Confidence in this label is **56%**.",No-Go,high_churn_risk,"churn_prob 0.99 vs Continue<= 0.45, No-Go>= 0.70.",true,0.9912,251.76,"Using the model **trained WITH inferred-interval features**, predicted chance of dollar churn is **99%** (high risk). That sits above the No-Go threshold, and interval confidence (56%) is high enough to auto-decide, so the recommendation is **No-Go** — decline or escalate for credit risk.",No-Go,0.9912,"Using the model **trained WITH inferred-interval features**, predicted chance of dollar churn is **99%** (high risk). That sits above the No-Go threshold, and interval confidence (56%) is high enough to auto-decide, so the recommendation is **No-Go** — decline or escalate for credit risk.",No-Go,0.9927,"Using the model **trained WITHOUT inferred-interval features**, predicted chance of dollar churn is **99%** (high risk). That sits above the No-Go threshold, and interval confidence (56%) is high enough to auto-decide, so the recommendation is **No-Go** — decline or escalate for credit risk.",true,"Both models agree on **No-Go**. Adding the inferred interval changed churn probability by -0.1% (with=99%, without=99%).",20260712_032913,11,1.0
7LxxugVfweGX9ZvB,2025-03-05,monthly,0.9357,"We inferred **monthly billing (about every month)** because the typical gap between billing days is about 31 days, which matches monthly billing (about every month) across 11 observed cycle(s) (about 100% of gaps fit that pattern) and spacing looks very regular Confidence in this label is **94%**.",No-Go,high_churn_risk,"churn_prob 0.98 vs Continue<= 0.45, No-Go>= 0.70.",true,0.982,1.78,"Using the model **trained WITH inferred-interval features**, predicted chance of dollar churn is **98%** (high risk). That sits above the No-Go threshold, and interval confidence (94%) is high enough to auto-decide, so the recommendation is **No-Go** — decline or escalate for credit risk.",No-Go,0.982,"Using the model **trained WITH inferred-interval features**, predicted chance of dollar churn is **98%** (high risk). That sits above the No-Go threshold, and interval confidence (94%) is high enough to auto-decide, so the recommendation is **No-Go** — decline or escalate for credit risk.",No-Go,0.9718,"Using the model **trained WITHOUT inferred-interval features**, predicted chance of dollar churn is **97%** (high risk). That sits above the No-Go threshold, and interval confidence (94%) is high enough to auto-decide, so the recommendation is **No-Go** — decline or escalate for credit risk.",true,"Both models agree on **No-Go**. Adding the inferred interval changed churn probability by +1.0% (with=98%, without=97%).",20260712_032913,12,31.0
vhVuzsOMgTuSUudN,2025-03-05,monthly,0.9604,"We inferred **monthly billing (about every month)** because the typical gap between billing days is about 31 days, which matches monthly billing (about every month) across 24 observed cycle(s) (about 100% of gaps fit that pattern) and spacing looks very regular Confidence in this label is **96%**.",No-Go,high_churn_risk,"churn_prob 0.80 vs Continue<= 0.45, No-Go>= 0.70.",true,0.8031,406.84,"Using the model **trained WITH inferred-interval features**, predicted chance of dollar churn is **80%** (high risk). That sits above the No-Go threshold, and interval confidence (96%) is high enough to auto-decide, so the recommendation is **No-Go** — decline or escalate for credit risk.",No-Go,0.8031,"Using the model **trained WITH inferred-interval features**, predicted chance of dollar churn is **80%** (high risk). That sits above the No-Go threshold, and interval confidence (96%) is high enough to auto-decide, so the recommendation is **No-Go** — decline or escalate for credit risk.",No-Go,0.8052,"Using the model **trained WITHOUT inferred-interval features**, predicted chance of dollar churn is **81%** (high risk). That sits above the No-Go threshold, and interval confidence (96%) is high enough to auto-decide, so the recommendation is **No-Go** — decline or escalate for credit risk.",true,"Both models agree on **No-Go**. Adding the inferred interval changed churn probability by -0.2% (with=80%, without=81%).",20260712_032913,25,31.0
XWqGAAiSIGKRbA4R,2025-03-05,irregular,0.1275,We inferred **irregular / no clear calendar billing cycle** because the gaps between invoices (typical gap ≈ 1 days) do not line up cleanly with monthly / quarterly / semi-annual / annual calendars Confidence in this label is **13%**.,Review,low_interval_confidence,interval_confidence 0.13 < 0.50; insufficient billing history to auto-decide (data-quality guardrail).,false,0.99,340.88,We recommended **Review** (trained WITH inferred-interval features) because the billing-cycle signal is too uncertain (confidence 13% for “irregular / no clear calendar billing cycle”). Thin or ambiguous history is treated as a data-quality issue — we do not auto Continue or auto No-Go until the cycle is clearer.,Review,0.99,We recommended **Review** (trained WITH inferred-interval features) because the billing-cycle signal is too uncertain (confidence 13% for “irregular / no clear calendar billing cycle”). Thin or ambiguous history is treated as a data-quality issue — we do not auto Continue or auto No-Go until the cycle is clearer.,Review,0.9697,We recommended **Review** (trained WITHOUT inferred-interval features) because the billing-cycle signal is too uncertain (confidence 13% for “irregular / no clear calendar billing cycle”). Thin or ambiguous history is treated as a data-quality issue — we do not auto Continue or auto No-Go until the cycle is clearer.,true,"Both models agree on **Review**. Adding the inferred interval changed churn probability by +2.0% (with=99%, without=97%).",20260712_032913,11,1.0
YNO5TbJIgyFv5c6p,2025-03-05,monthly,0.9515,"We inferred **monthly billing (about every month)** because the typical gap between billing days is about 31 days, which matches monthly billing (about every month) across 12 observed cycle(s) (about 100% of gaps fit that pattern) and spacing looks very regular Confidence in this label is **95%**.",No-Go,high_churn_risk,"churn_prob 0.99 vs Continue<= 0.45, No-Go>= 0.70.",true,0.99,1.99,"Using the model **trained WITH inferred-interval features**, predicted chance of dollar churn is **99%** (high risk). That sits above the No-Go threshold, and interval confidence (95%) is high enough to auto-decide, so the recommendation is **No-Go** — decline or escalate for credit risk.",No-Go,0.99,"Using the model **trained WITH inferred-interval features**, predicted chance of dollar churn is **99%** (high risk). That sits above the No-Go threshold, and interval confidence (95%) is high enough to auto-decide, so the recommendation is **No-Go** — decline or escalate for credit risk.",No-Go,0.9927,"Using the model **trained WITHOUT inferred-interval features**, predicted chance of dollar churn is **99%** (high risk). That sits above the No-Go threshold, and interval confidence (95%) is high enough to auto-decide, so the recommendation is **No-Go** — decline or escalate for credit risk.",true,"Both models agree on **No-Go**. Adding the inferred interval changed churn probability by -0.3% (with=99%, without=99%).",20260712_032913,13,31.0
v23zETHMdEuoYzJE,2025-03-05,monthly,0.6607,"We inferred **monthly billing (about every month)** because the typical gap between billing days is about 26 days, which matches monthly billing (about every month) across 1 observed cycle(s) (about 100% of gaps fit that pattern) Confidence in this label is **66%**.",No-Go,high_churn_risk,"churn_prob 0.80 vs Continue<= 0.45, No-Go>= 0.70.",true,0.8031,8.12,"Using the model **trained WITH inferred-interval features**, predicted chance of dollar churn is **80%** (high risk). That sits above the No-Go threshold, and interval confidence (66%) is high enough to auto-decide, so the recommendation is **No-Go** — decline or escalate for credit risk.",No-Go,0.8031,"Using the model **trained WITH inferred-interval features**, predicted chance of dollar churn is **80%** (high risk). That sits above the No-Go threshold, and interval confidence (66%) is high enough to auto-decide, so the recommendation is **No-Go** — decline or escalate for credit risk.",No-Go,0.7134,"Using the model **trained WITHOUT inferred-interval features**, predicted chance of dollar churn is **71%** (high risk). That sits above the No-Go threshold, and interval confidence (66%) is high enough to auto-decide, so the recommendation is **No-Go** — decline or escalate for credit risk.",true,"Both models agree on **No-Go**. Adding the inferred interval changed churn probability by +9.0% (with=80%, without=71%).",20260712_032913,2,26.0
8vT8NqXsZif0Nzqk,2025-03-05,one_time_candidate,0.9475,We inferred **looks like a one-time / non-recurring charge pattern** because there is essentially a single invoice followed by a long quiet period with no repeat billing Confidence in this label is **95%**.,No-Go,high_churn_risk,"churn_prob 0.99 vs Continue<= 0.45, No-Go>= 0.70.",true,0.99,0.0,"Using the model **trained WITH inferred-interval features**, predicted chance of dollar churn is **99%** (high risk). That sits above the No-Go threshold, and interval confidence (95%) is high enough to auto-decide, so the recommendation is **No-Go** — decline or escalate for credit risk.",No-Go,0.99,"Using the model **trained WITH inferred-interval features**, predicted chance of dollar churn is **99%** (high risk). That sits above the No-Go threshold, and interval confidence (95%) is high enough to auto-decide, so the recommendation is **No-Go** — decline or escalate for credit risk.",No-Go,0.9856,"Using the model **trained WITHOUT inferred-interval features**, predicted chance of dollar churn is **99%** (high risk). That sits above the No-Go threshold, and interval confidence (95%) is high enough to auto-decide, so the recommendation is **No-Go** — decline or escalate for credit risk.",true,"Both models agree on **No-Go**. Adding the inferred interval changed churn probability by +0.4% (with=99%, without=99%).",20260712_032913,1,
tBAQhlaExIY7pHmN,2025-03-05,annual,0.6635,"We inferred **annual billing (about once a year)** because the typical gap between billing days is about 1 days, which matches annual billing (about once a year) across 10 observed cycle(s) (about 100% of gaps fit that pattern) and spacing looks somewhat uneven Confidence in this label is **66%**.",No-Go,high_churn_risk,"churn_prob 0.99 vs Continue<= 0.45, No-Go>= 0.70.",true,0.9861,273.51,"Using the model **trained WITH inferred-interval features**, predicted chance of dollar churn is **99%** (high risk). That sits above the No-Go threshold, and interval confidence (66%) is high enough to auto-decide, so the recommendation is **No-Go** — decline or escalate for credit risk.",No-Go,0.9861,"Using the model **trained WITH inferred-interval features**, predicted chance of dollar churn is **99%** (high risk). That sits above the No-Go threshold, and interval confidence (66%) is high enough to auto-decide, so the recommendation is **No-Go** — decline or escalate for credit risk.",No-Go,0.9697,"Using the model **trained WITHOUT inferred-interval features**, predicted chance of dollar churn is **97%** (high risk). That sits above the No-Go threshold, and interval confidence (66%) is high enough to auto-decide, so the recommendation is **No-Go** — decline or escalate for credit risk.",true,"Both models agree on **No-Go**. Adding the inferred interval changed churn probability by +1.6% (with=99%, without=97%).",20260712_032913,11,1.0
MoAtuT8xyerTi92g,2025-03-05,quarterly,0.5167,"We inferred **quarterly billing (about every 3 months)** because the typical gap between billing days is about 1 days, which matches quarterly billing (about every 3 months) across 11 observed cycle(s) (about 100% of gaps fit that pattern) and spacing looks somewhat uneven Confidence in this label is **52%**.",No-Go,high_churn_risk,"churn_prob 0.99 vs Continue<= 0.45, No-Go>= 0.70.",true,0.9861,499.29,"Using the model **trained WITH inferred-interval features**, predicted chance of dollar churn is **99%** (high risk). That sits above the No-Go threshold, and interval confidence (52%) is high enough to auto-decide, so the recommendation is **No-Go** — decline or escalate for credit risk.",No-Go,0.9861,"Using the model **trained WITH inferred-interval features**, predicted chance of dollar churn is **99%** (high risk). That sits above the No-Go threshold, and interval confidence (52%) is high enough to auto-decide, so the recommendation is **No-Go** — decline or escalate for credit risk.",No-Go,0.9914,"Using the model **trained WITHOUT inferred-interval features**, predicted chance of dollar churn is **99%** (high risk). That sits above the No-Go threshold, and interval confidence (52%) is high enough to auto-decide, so the recommendation is **No-Go** — decline or escalate for credit risk.",true,"Both models agree on **No-Go**. Adding the inferred interval changed churn probability by -0.5% (with=99%, without=99%).",20260712_032913,12,1.0
4Pmrpe8R2V4fvrR2,2025-03-05,monthly,0.5288,"We inferred **monthly billing (about every month)** because the typical gap between billing days is about 1 days, which matches monthly billing (about every month) across 10 observed cycle(s) (about 100% of gaps fit that pattern) and spacing looks somewhat uneven Confidence in this label is **53%**.",No-Go,high_churn_risk,"churn_prob 0.99 vs Continue<= 0.45, No-Go>= 0.70.",true,0.99,8.93,"Using the model **trained WITH inferred-interval features**, predicted chance of dollar churn is **99%** (high risk). That sits above the No-Go threshold, and interval confidence (53%) is high enough to auto-decide, so the recommendation is **No-Go** — decline or escalate for credit risk.",No-Go,0.99,"Using the model **trained WITH inferred-interval features**, predicted chance of dollar churn is **99%** (high risk). That sits above the No-Go threshold, and interval confidence (53%) is high enough to auto-decide, so the recommendation is **No-Go** — decline or escalate for credit risk.",No-Go,0.9927,"Using the model **trained WITHOUT inferred-interval features**, predicted chance of dollar churn is **99%** (high risk). That sits above the No-Go threshold, and interval confidence (53%) is high enough to auto-decide, so the recommendation is **No-Go** — decline or escalate for credit risk.",true,"Both models agree on **No-Go**. Adding the inferred interval changed churn probability by -0.3% (with=99%, without=99%).",20260712_032913,11,1.0
ejMQcbbrsKqZR1Hj,2025-03-05,irregular,0.3,We inferred **irregular / no clear calendar billing cycle** because the gaps between invoices (typical gap ≈ 1 days) do not line up cleanly with monthly / quarterly / semi-annual / annual calendars Confidence in this label is **30%**.,Review,low_interval_confidence,interval_confidence 0.30 < 0.50; insufficient billing history to auto-decide (data-quality guardrail).,false,0.9861,175.15,We recommended **Review** (trained WITH inferred-interval features) because the billing-cycle signal is too uncertain (confidence 30% for “irregular / no clear calendar billing cycle”). Thin or ambiguous history is treated as a data-quality issue — we do not auto Continue or auto No-Go until the cycle is clearer.,Review,0.9861,We recommended **Review** (trained WITH inferred-interval features) because the billing-cycle signal is too uncertain (confidence 30% for “irregular / no clear calendar billing cycle”). Thin or ambiguous history is treated as a data-quality issue — we do not auto Continue or auto No-Go until the cycle is clearer.,Review,0.9697,We recommended **Review** (trained WITHOUT inferred-interval features) because the billing-cycle signal is too uncertain (confidence 30% for “irregular / no clear calendar billing cycle”). Thin or ambiguous history is treated as a data-quality issue — we do not auto Continue or auto No-Go until the cycle is clearer.,true,"Both models agree on **Review**. Adding the inferred interval changed churn probability by +1.6% (with=99%, without=97%).",20260712_032913,11,1.0
wCphVuaujf2MWfXt,2025-03-05,irregular,0.0892,We inferred **irregular / no clear calendar billing cycle** because the gaps between invoices (typical gap ≈ 1 days) do not line up cleanly with monthly / quarterly / semi-annual / annual calendars Confidence in this label is **9%**.,Review,low_interval_confidence,interval_confidence 0.09 < 0.50; insufficient billing history to auto-decide (data-quality guardrail).,false,0.99,75.13,We recommended **Review** (trained WITH inferred-interval features) because the billing-cycle signal is too uncertain (confidence 9% for “irregular / no clear calendar billing cycle”). Thin or ambiguous history is treated as a data-quality issue — we do not auto Continue or auto No-Go until the cycle is clearer.,Review,0.99,We recommended **Review** (trained WITH inferred-interval features) because the billing-cycle signal is too uncertain (confidence 9% for “irregular / no clear calendar billing cycle”). Thin or ambiguous history is treated as a data-quality issue — we do not auto Continue or auto No-Go until the cycle is clearer.,Review,0.9914,We recommended **Review** (trained WITHOUT inferred-interval features) because the billing-cycle signal is too uncertain (confidence 9% for “irregular / no clear calendar billing cycle”). Thin or ambiguous history is treated as a data-quality issue — we do not auto Continue or auto No-Go until the cycle is clearer.,true,"Both models agree on **Review**. Adding the inferred interval changed churn probability by -0.1% (with=99%, without=99%).",20260712_032913,11,1.0
J7Cn3iF5BQneIAWD,2025-03-05,quarterly,0.4858,"We inferred **quarterly billing (about every 3 months)** because the typical gap between billing days is about 1 days, which matches quarterly billing (about every 3 months) across 11 observed cycle(s) (about 100% of gaps fit that pattern) and spacing looks somewhat uneven Confidence in this label is **49%**.",Review,low_interval_confidence,interval_confidence 0.49 < 0.50; insufficient billing history to auto-decide (data-quality guardrail).,false,0.99,28.94,We recommended **Review** (trained WITH inferred-interval features) because the billing-cycle signal is too uncertain (confidence 49% for “quarterly billing (about every 3 months)”). Thin or ambiguous history is treated as a data-quality issue — we do not auto Continue or auto No-Go until the cycle is clearer.,Review,0.99,We recommended **Review** (trained WITH inferred-interval features) because the billing-cycle signal is too uncertain (confidence 49% for “quarterly billing (about every 3 months)”). Thin or ambiguous history is treated as a data-quality issue — we do not auto Continue or auto No-Go until the cycle is clearer.,Review,0.9927,We recommended **Review** (trained WITHOUT inferred-interval features) because the billing-cycle signal is too uncertain (confidence 49% for “quarterly billing (about every 3 months)”). Thin or ambiguous history is treated as a data-quality issue — we do not auto Continue or auto No-Go until the cycle is clearer.,true,"Both models agree on **Review**. Adding the inferred interval changed churn probability by -0.3% (with=99%, without=99%).",20260712_032913,12,1.0
zhAojgVlu42IAGsm,2025-03-05,one_time_candidate,0.9475,We inferred **looks like a one-time / non-recurring charge pattern** because there is essentially a single invoice followed by a long quiet period with no repeat billing Confidence in this label is **95%**.,Review,borderline_churn_risk,"churn_prob 0.57 vs Continue<= 0.45, No-Go>= 0.70.",false,0.5736,44.69,"Using the model **trained WITH inferred-interval features**, predicted chance of dollar churn is **57%** (elevated risk). That sits between the Continue and No-Go bands (or still needs analyst judgment), so the recommendation is **Review**.",Review,0.5736,"Using the model **trained WITH inferred-interval features**, predicted chance of dollar churn is **57%** (elevated risk). That sits between the Continue and No-Go bands (or still needs analyst judgment), so the recommendation is **Review**.",Review,0.4908,"Using the model **trained WITHOUT inferred-interval features**, predicted chance of dollar churn is **49%** (elevated risk). That sits between the Continue and No-Go bands (or still needs analyst judgment), so the recommendation is **Review**.",true,"Both models agree on **Review**. Adding the inferred interval changed churn probability by +8.3% (with=57%, without=49%).",20260712_032913,1,
2LqZVUwwccqJCKOQ,2025-03-05,irregular,0.3,We inferred **irregular / no clear calendar billing cycle** because the gaps between invoices (typical gap ≈ 1 days) do not line up cleanly with monthly / quarterly / semi-annual / annual calendars Confidence in this label is **30%**.,Review,low_interval_confidence,interval_confidence 0.30 < 0.50; insufficient billing history to auto-decide (data-quality guardrail).,false,0.99,62.28,We recommended **Review** (trained WITH inferred-interval features) because the billing-cycle signal is too uncertain (confidence 30% for “irregular / no clear calendar billing cycle”). Thin or ambiguous history is treated as a data-quality issue — we do not auto Continue or auto No-Go until the cycle is clearer.,Review,0.99,We recommended **Review** (trained WITH inferred-interval features) because the billing-cycle signal is too uncertain (confidence 30% for “irregular / no clear calendar billing cycle”). Thin or ambiguous history is treated as a data-quality issue — we do not auto Continue or auto No-Go until the cycle is clearer.,Review,0.9856,We recommended **Review** (trained WITHOUT inferred-interval features) because the billing-cycle signal is too uncertain (confidence 30% for “irregular / no clear calendar billing cycle”). Thin or ambiguous history is treated as a data-quality issue — we do not auto Continue or auto No-Go until the cycle is clearer.,true,"Both models agree on **Review**. Adding the inferred interval changed churn probability by +0.4% (with=99%, without=99%).",20260712_032913,11,1.0
xmcr1s0VRM5sNr6Q,2025-03-05,irregular,0.3,We inferred **irregular / no clear calendar billing cycle** because the gaps between invoices (typical gap ≈ 1 days) do not line up cleanly with monthly / quarterly / semi-annual / annual calendars Confidence in this label is **30%**.,Review,low_interval_confidence,interval_confidence 0.30 < 0.50; insufficient billing history to auto-decide (data-quality guardrail).,false,0.99,62.28,We recommended **Review** (trained WITH inferred-interval features) because the billing-cycle signal is too uncertain (confidence 30% for “irregular / no clear calendar billing cycle”). Thin or ambiguous history is treated as a data-quality issue — we do not auto Continue or auto No-Go until the cycle is clearer.,Review,0.99,We recommended **Review** (trained WITH inferred-interval features) because the billing-cycle signal is too uncertain (confidence 30% for “irregular / no clear calendar billing cycle”). Thin or ambiguous history is treated as a data-quality issue — we do not auto Continue or auto No-Go until the cycle is clearer.,Review,0.9856,We recommended **Review** (trained WITHOUT inferred-interval features) because the billing-cycle signal is too uncertain (confidence 30% for “irregular / no clear calendar billing cycle”). Thin or ambiguous history is treated as a data-quality issue — we do not auto Continue or auto No-Go until the cycle is clearer.,true,"Both models agree on **Review**. Adding the inferred interval changed churn probability by +0.4% (with=99%, without=99%).",20260712_032913,11,1.0
u4SaguLx6fvfDwLI,2025-03-05,one_time_candidate,0.9338,We inferred **looks like a one-time / non-recurring charge pattern** because there is essentially a single invoice followed by a long quiet period with no repeat billing Confidence in this label is **93%**.,No-Go,high_churn_risk,"churn_prob 0.98 vs Continue<= 0.45, No-Go>= 0.70.",true,0.982,1.12,"Using the model **trained WITH inferred-interval features**, predicted chance of dollar churn is **98%** (high risk). That sits above the No-Go threshold, and interval confidence (93%) is high enough to auto-decide, so the recommendation is **No-Go** — decline or escalate for credit risk.",No-Go,0.982,"Using the model **trained WITH inferred-interval features**, predicted chance of dollar churn is **98%** (high risk). That sits above the No-Go threshold, and interval confidence (93%) is high enough to auto-decide, so the recommendation is **No-Go** — decline or escalate for credit risk.",No-Go,0.9667,"Using the model **trained WITHOUT inferred-interval features**, predicted chance of dollar churn is **97%** (high risk). That sits above the No-Go threshold, and interval confidence (93%) is high enough to auto-decide, so the recommendation is **No-Go** — decline or escalate for credit risk.",true,"Both models agree on **No-Go**. Adding the inferred interval changed churn probability by +1.5% (with=98%, without=97%).",20260712_032913,1,
ksK6Md8MsR0HgwG0,2025-03-05,irregular,0.3,We inferred **irregular / no clear calendar billing cycle** because the gaps between invoices (typical gap ≈ 1 days) do not line up cleanly with monthly / quarterly / semi-annual / annual calendars Confidence in this label is **30%**.,Review,low_interval_confidence,interval_confidence 0.30 < 0.50; insufficient billing history to auto-decide (data-quality guardrail).,false,0.982,191.94,We recommended **Review** (trained WITH inferred-interval features) because the billing-cycle signal is too uncertain (confidence 30% for “irregular / no clear calendar billing cycle”). Thin or ambiguous history is treated as a data-quality issue — we do not auto Continue or auto No-Go until the cycle is clearer.,Review,0.982,We recommended **Review** (trained WITH inferred-interval features) because the billing-cycle signal is too uncertain (confidence 30% for “irregular / no clear calendar billing cycle”). Thin or ambiguous history is treated as a data-quality issue — we do not auto Continue or auto No-Go until the cycle is clearer.,Review,0.9697,We recommended **Review** (trained WITHOUT inferred-interval features) because the billing-cycle signal is too uncertain (confidence 30% for “irregular / no clear calendar billing cycle”). Thin or ambiguous history is treated as a data-quality issue — we do not auto Continue or auto No-Go until the cycle is clearer.,true,"Both models agree on **Review**. Adding the inferred interval changed churn probability by +1.2% (with=98%, without=97%).",20260712_032913,10,1.0
PraG3lU5cmgj1BEO,2025-03-05,annual,0.5642,"We inferred **annual billing (about once a year)** because the typical gap between billing days is about 185 days, which matches annual billing (about once a year) across 4 observed cycle(s) (about 100% of gaps fit that pattern) and spacing looks somewhat uneven Confidence in this label is **56%**.",No-Go,high_churn_risk,"churn_prob 0.95 vs Continue<= 0.45, No-Go>= 0.70.",true,0.9494,1029.95,"Using the model **trained WITH inferred-interval features**, predicted chance of dollar churn is **95%** (high risk). That sits above the No-Go threshold, and interval confidence (56%) is high enough to auto-decide, so the recommendation is **No-Go** — decline or escalate for credit risk.",No-Go,0.9494,"Using the model **trained WITH inferred-interval features**, predicted chance of dollar churn is **95%** (high risk). That sits above the No-Go threshold, and interval confidence (56%) is high enough to auto-decide, so the recommendation is **No-Go** — decline or escalate for credit risk.",No-Go,0.9159,"Using the model **trained WITHOUT inferred-interval features**, predicted chance of dollar churn is **92%** (high risk). That sits above the No-Go threshold, and interval confidence (56%) is high enough to auto-decide, so the recommendation is **No-Go** — decline or escalate for credit risk.",true,"Both models agree on **No-Go**. Adding the inferred interval changed churn probability by +3.4% (with=95%, without=92%).",20260712_032913,5,185.0
kcKhLpMTRE8gD91F,2025-03-05,monthly,0.8845,"We inferred **monthly billing (about every month)** because the typical gap between billing days is about 30 days, which matches monthly billing (about every month) across 8 observed cycle(s) (about 100% of gaps fit that pattern) and spacing looks very regular Confidence in this label is **88%**.",No-Go,high_churn_risk,"churn_prob 0.98 vs Continue<= 0.45, No-Go>= 0.70.",true,0.9847,1.87,"Using the model **trained WITH inferred-interval features**, predicted chance of dollar churn is **98%** (high risk). That sits above the No-Go threshold, and interval confidence (88%) is high enough to auto-decide, so the recommendation is **No-Go** — decline or escalate for credit risk.",No-Go,0.9847,"Using the model **trained WITH inferred-interval features**, predicted chance of dollar churn is **98%** (high risk). That sits above the No-Go threshold, and interval confidence (88%) is high enough to auto-decide, so the recommendation is **No-Go** — decline or escalate for credit risk.",No-Go,0.9914,"Using the model **trained WITHOUT inferred-interval features**, predicted chance of dollar churn is **99%** (high risk). That sits above the No-Go threshold, and interval confidence (88%) is high enough to auto-decide, so the recommendation is **No-Go** — decline or escalate for credit risk.",true,"Both models agree on **No-Go**. Adding the inferred interval changed churn probability by -0.7% (with=98%, without=99%).",20260712_032913,9,30.5
JJ5shG9c30tcycNg,2025-03-05,irregular,0.3,We inferred **irregular / no clear calendar billing cycle** because the gaps between invoices (typical gap ≈ 1 days) do not line up cleanly with monthly / quarterly / semi-annual / annual calendars Confidence in this label is **30%**.,Review,low_interval_confidence,interval_confidence 0.30 < 0.50; insufficient billing history to auto-decide (data-quality guardrail).,false,0.9861,62.35,We recommended **Review** (trained WITH inferred-interval features) because the billing-cycle signal is too uncertain (confidence 30% for “irregular / no clear calendar billing cycle”). Thin or ambiguous history is treated as a data-quality issue — we do not auto Continue or auto No-Go until the cycle is clearer.,Review,0.9861,We recommended **Review** (trained WITH inferred-interval features) because the billing-cycle signal is too uncertain (confidence 30% for “irregular / no clear calendar billing cycle”). Thin or ambiguous history is treated as a data-quality issue — we do not auto Continue or auto No-Go until the cycle is clearer.,Review,0.9856,We recommended **Review** (trained WITHOUT inferred-interval features) because the billing-cycle signal is too uncertain (confidence 30% for “irregular / no clear calendar billing cycle”). Thin or ambiguous history is treated as a data-quality issue — we do not auto Continue or auto No-Go until the cycle is clearer.,true,"Both models agree on **Review**. Adding the inferred interval changed churn probability by +0.1% (with=99%, without=99%).",20260712_032913,10,1.0
7IMDlQBsCGZvKMdz,2025-03-05,monthly,0.6857,"We inferred **monthly billing (about every month)** because the typical gap between billing days is about 30 days, which matches monthly billing (about every month) across 27 observed cycle(s) (about 100% of gaps fit that pattern) and spacing looks somewhat uneven Confidence in this label is **69%**.",No-Go,high_churn_risk,"churn_prob 1.00 vs Continue<= 0.45, No-Go>= 0.70.",true,1.0,636.17,"Using the model **trained WITH inferred-interval features**, predicted chance of dollar churn is **100%** (high risk). That sits above the No-Go threshold, and interval confidence (69%) is high enough to auto-decide, so the recommendation is **No-Go** — decline or escalate for credit risk.",No-Go,1.0,"Using the model **trained WITH inferred-interval features**, predicted chance of dollar churn is **100%** (high risk). That sits above the No-Go threshold, and interval confidence (69%) is high enough to auto-decide, so the recommendation is **No-Go** — decline or escalate for credit risk.",No-Go,1.0,"Using the model **trained WITHOUT inferred-interval features**, predicted chance of dollar churn is **100%** (high risk). That sits above the No-Go threshold, and interval confidence (69%) is high enough to auto-decide, so the recommendation is **No-Go** — decline or escalate for credit risk.",true,"Both models agree on **No-Go**. Adding the inferred interval changed churn probability by +0.0% (with=100%, without=100%).",20260712_032913,28,30.0
DxLEVtwkJcJ9WlRD,2025-03-05,irregular,0.1275,We inferred **irregular / no clear calendar billing cycle** because the gaps between invoices (typical gap ≈ 1 days) do not line up cleanly with monthly / quarterly / semi-annual / annual calendars Confidence in this label is **13%**.,Review,low_interval_confidence,interval_confidence 0.13 < 0.50; insufficient billing history to auto-decide (data-quality guardrail).,false,0.99,75.14,We recommended **Review** (trained WITH inferred-interval features) because the billing-cycle signal is too uncertain (confidence 13% for “irregular / no clear calendar billing cycle”). Thin or ambiguous history is treated as a data-quality issue — we do not auto Continue or auto No-Go until the cycle is clearer.,Review,0.99,We recommended **Review** (trained WITH inferred-interval features) because the billing-cycle signal is too uncertain (confidence 13% for “irregular / no clear calendar billing cycle”). Thin or ambiguous history is treated as a data-quality issue — we do not auto Continue or auto No-Go until the cycle is clearer.,Review,0.9914,We recommended **Review** (trained WITHOUT inferred-interval features) because the billing-cycle signal is too uncertain (confidence 13% for “irregular / no clear calendar billing cycle”). Thin or ambiguous history is treated as a data-quality issue — we do not auto Continue or auto No-Go until the cycle is clearer.,true,"Both models agree on **Review**. Adding the inferred interval changed churn probability by -0.1% (with=99%, without=99%).",20260712_032913,11,1.0
OGxqQSjdKHxQclBz,2025-03-05,irregular,0.1275,We inferred **irregular / no clear calendar billing cycle** because the gaps between invoices (typical gap ≈ 1 days) do not line up cleanly with monthly / quarterly / semi-annual / annual calendars Confidence in this label is **13%**.,Review,low_interval_confidence,interval_confidence 0.13 < 0.50; insufficient billing history to auto-decide (data-quality guardrail).,false,0.99,75.14,We recommended **Review** (trained WITH inferred-interval features) because the billing-cycle signal is too uncertain (confidence 13% for “irregular / no clear calendar billing cycle”). Thin or ambiguous history is treated as a data-quality issue — we do not auto Continue or auto No-Go until the cycle is clearer.,Review,0.99,We recommended **Review** (trained WITH inferred-interval features) because the billing-cycle signal is too uncertain (confidence 13% for “irregular / no clear calendar billing cycle”). Thin or ambiguous history is treated as a data-quality issue — we do not auto Continue or auto No-Go until the cycle is clearer.,Review,0.9914,We recommended **Review** (trained WITHOUT inferred-interval features) because the billing-cycle signal is too uncertain (confidence 13% for “irregular / no clear calendar billing cycle”). Thin or ambiguous history is treated as a data-quality issue — we do not auto Continue or auto No-Go until the cycle is clearer.,true,"Both models agree on **Review**. Adding the inferred interval changed churn probability by -0.1% (with=99%, without=99%).",20260712_032913,11,1.0
kJkVEo5iIPiuC27Y,2025-03-05,monthly,0.6615,"We inferred **monthly billing (about every month)** because the typical gap between billing days is about 28 days, which matches monthly billing (about every month) across 1 observed cycle(s) (about 100% of gaps fit that pattern) Confidence in this label is **66%**.",No-Go,high_churn_risk,"churn_prob 0.95 vs Continue<= 0.45, No-Go>= 0.70.",true,0.9494,0.78,"Using the model **trained WITH inferred-interval features**, predicted chance of dollar churn is **95%** (high risk). That sits above the No-Go threshold, and interval confidence (66%) is high enough to auto-decide, so the recommendation is **No-Go** — decline or escalate for credit risk.",No-Go,0.9494,"Using the model **trained WITH inferred-interval features**, predicted chance of dollar churn is **95%** (high risk). That sits above the No-Go threshold, and interval confidence (66%) is high enough to auto-decide, so the recommendation is **No-Go** — decline or escalate for credit risk.",No-Go,0.9295,"Using the model **trained WITHOUT inferred-interval features**, predicted chance of dollar churn is **93%** (high risk). That sits above the No-Go threshold, and interval confidence (66%) is high enough to auto-decide, so the recommendation is **No-Go** — decline or escalate for credit risk.",true,"Both models agree on **No-Go**. Adding the inferred interval changed churn probability by +2.0% (with=95%, without=93%).",20260712_032913,2,28.0
MFgIMfsDOfcEvpW7,2025-03-05,irregular,0.1275,We inferred **irregular / no clear calendar billing cycle** because the gaps between invoices (typical gap ≈ 1 days) do not line up cleanly with monthly / quarterly / semi-annual / annual calendars Confidence in this label is **13%**.,Review,low_interval_confidence,interval_confidence 0.13 < 0.50; insufficient billing history to auto-decide (data-quality guardrail).,false,0.99,340.88,We recommended **Review** (trained WITH inferred-interval features) because the billing-cycle signal is too uncertain (confidence 13% for “irregular / no clear calendar billing cycle”). Thin or ambiguous history is treated as a data-quality issue — we do not auto Continue or auto No-Go until the cycle is clearer.,Review,0.99,We recommended **Review** (trained WITH inferred-interval features) because the billing-cycle signal is too uncertain (confidence 13% for “irregular / no clear calendar billing cycle”). Thin or ambiguous history is treated as a data-quality issue — we do not auto Continue or auto No-Go until the cycle is clearer.,Review,0.9697,We recommended **Review** (trained WITHOUT inferred-interval features) because the billing-cycle signal is too uncertain (confidence 13% for “irregular / no clear calendar billing cycle”). Thin or ambiguous history is treated as a data-quality issue — we do not auto Continue or auto No-Go until the cycle is clearer.,true,"Both models agree on **Review**. Adding the inferred interval changed churn probability by +2.0% (with=99%, without=97%).",20260712_032913,11,1.0
mlodXA362HyiKC3l,2025-03-05,one_time_candidate,0.95,We inferred **looks like a one-time / non-recurring charge pattern** because there is essentially a single invoice followed by a long quiet period with no repeat billing Confidence in this label is **95%**.,No-Go,high_churn_risk,"churn_prob 0.98 vs Continue<= 0.45, No-Go>= 0.70.",true,0.982,1.12,"Using the model **trained WITH inferred-interval features**, predicted chance of dollar churn is **98%** (high risk). That sits above the No-Go threshold, and interval confidence (95%) is high enough to auto-decide, so the recommendation is **No-Go** — decline or escalate for credit risk.",No-Go,0.982,"Using the model **trained WITH inferred-interval features**, predicted chance of dollar churn is **98%** (high risk). That sits above the No-Go threshold, and interval confidence (95%) is high enough to auto-decide, so the recommendation is **No-Go** — decline or escalate for credit risk.",No-Go,0.9667,"Using the model **trained WITHOUT inferred-interval features**, predicted chance of dollar churn is **97%** (high risk). That sits above the No-Go threshold, and interval confidence (95%) is high enough to auto-decide, so the recommendation is **No-Go** — decline or escalate for credit risk.",true,"Both models agree on **No-Go**. Adding the inferred interval changed churn probability by +1.5% (with=98%, without=97%).",20260712_032913,1,
sxzzGxxxvWGbsyNF,2025-03-05,monthly,0.6566,"We inferred **monthly billing (about every month)** because the typical gap between billing days is about 26 days, which matches monthly billing (about every month) across 19 observed cycle(s) (about 100% of gaps fit that pattern) and spacing looks somewhat uneven Confidence in this label is **66%**.",No-Go,high_churn_risk,"churn_prob 0.99 vs Continue<= 0.45, No-Go>= 0.70.",true,0.9912,7.37,"Using the model **trained WITH inferred-interval features**, predicted chance of dollar churn is **99%** (high risk). That sits above the No-Go threshold, and interval confidence (66%) is high enough to auto-decide, so the recommendation is **No-Go** — decline or escalate for credit risk.",No-Go,0.9912,"Using the model **trained WITH inferred-interval features**, predicted chance of dollar churn is **99%** (high risk). That sits above the No-Go threshold, and interval confidence (66%) is high enough to auto-decide, so the recommendation is **No-Go** — decline or escalate for credit risk.",No-Go,0.9956,"Using the model **trained WITHOUT inferred-interval features**, predicted chance of dollar churn is **100%** (high risk). That sits above the No-Go threshold, and interval confidence (66%) is high enough to auto-decide, so the recommendation is **No-Go** — decline or escalate for credit risk.",true,"Both models agree on **No-Go**. Adding the inferred interval changed churn probability by -0.4% (with=99%, without=100%).",20260712_032913,20,26.0
vkGBcJVKEr2a2Kjb,2025-03-05,annual,0.5326,"We inferred **annual billing (about once a year)** because the typical gap between billing days is about 1 days, which matches annual billing (about once a year) across 22 observed cycle(s) (about 100% of gaps fit that pattern) and spacing looks somewhat uneven Confidence in this label is **53%**.",No-Go,high_churn_risk,"churn_prob 0.99 vs Continue<= 0.45, No-Go>= 0.70.",true,0.9912,276.93,"Using the model **trained WITH inferred-interval features**, predicted chance of dollar churn is **99%** (high risk). That sits above the No-Go threshold, and interval confidence (53%) is high enough to auto-decide, so the recommendation is **No-Go** — decline or escalate for credit risk.",No-Go,0.9912,"Using the model **trained WITH inferred-interval features**, predicted chance of dollar churn is **99%** (high risk). That sits above the No-Go threshold, and interval confidence (53%) is high enough to auto-decide, so the recommendation is **No-Go** — decline or escalate for credit risk.",No-Go,0.9914,"Using the model **trained WITHOUT inferred-interval features**, predicted chance of dollar churn is **99%** (high risk). That sits above the No-Go threshold, and interval confidence (53%) is high enough to auto-decide, so the recommendation is **No-Go** — decline or escalate for credit risk.",true,"Both models agree on **No-Go**. Adding the inferred interval changed churn probability by -0.0% (with=99%, without=99%).",20260712_032913,23,1.0
5cX8hff1w2pQNv2E,2025-03-05,monthly,0.9487,"We inferred **monthly billing (about every month)** because the typical gap between billing days is about 30 days, which matches monthly billing (about every month) across 16 observed cycle(s) (about 100% of gaps fit that pattern) and spacing looks very regular Confidence in this label is **95%**.",No-Go,high_churn_risk,"churn_prob 0.99 vs Continue<= 0.45, No-Go>= 0.70.",true,0.9861,152.11,"Using the model **trained WITH inferred-interval features**, predicted chance of dollar churn is **99%** (high risk). That sits above the No-Go threshold, and interval confidence (95%) is high enough to auto-decide, so the recommendation is **No-Go** — decline or escalate for credit risk.",No-Go,0.9861,"Using the model **trained WITH inferred-interval features**, predicted chance of dollar churn is **99%** (high risk). That sits above the No-Go threshold, and interval confidence (95%) is high enough to auto-decide, so the recommendation is **No-Go** — decline or escalate for credit risk.",No-Go,0.9914,"Using the model **trained WITHOUT inferred-interval features**, predicted chance of dollar churn is **99%** (high risk). That sits above the No-Go threshold, and interval confidence (95%) is high enough to auto-decide, so the recommendation is **No-Go** — decline or escalate for credit risk.",true,"Both models agree on **No-Go**. Adding the inferred interval changed churn probability by -0.5% (with=99%, without=99%).",20260712_032913,17,30.5
mO8IXuj5WiBJSTxg,2025-03-05,annual,0.6635,"We inferred **annual billing (about once a year)** because the typical gap between billing days is about 1 days, which matches annual billing (about once a year) across 10 observed cycle(s) (about 100% of gaps fit that pattern) and spacing looks somewhat uneven Confidence in this label is **66%**.",No-Go,high_churn_risk,"churn_prob 0.99 vs Continue<= 0.45, No-Go>= 0.70.",true,0.9861,273.51,"Using the model **trained WITH inferred-interval features**, predicted chance of dollar churn is **99%** (high risk). That sits above the No-Go threshold, and interval confidence (66%) is high enough to auto-decide, so the recommendation is **No-Go** — decline or escalate for credit risk.",No-Go,0.9861,"Using the model **trained WITH inferred-interval features**, predicted chance of dollar churn is **99%** (high risk). That sits above the No-Go threshold, and interval confidence (66%) is high enough to auto-decide, so the recommendation is **No-Go** — decline or escalate for credit risk.",No-Go,0.9697,"Using the model **trained WITHOUT inferred-interval features**, predicted chance of dollar churn is **97%** (high risk). That sits above the No-Go threshold, and interval confidence (66%) is high enough to auto-decide, so the recommendation is **No-Go** — decline or escalate for credit risk.",true,"Both models agree on **No-Go**. Adding the inferred interval changed churn probability by +1.6% (with=99%, without=97%).",20260712_032913,11,1.0
14yjbyywYhBv1KJQ,2025-03-05,monthly,0.6714,"We inferred **monthly billing (about every month)** because the typical gap between billing days is about 30 days, which matches monthly billing (about every month) across 12 observed cycle(s) (about 100% of gaps fit that pattern) and spacing looks fairly regular Confidence in this label is **67%**.",No-Go,high_churn_risk,"churn_prob 0.99 vs Continue<= 0.45, No-Go>= 0.70.",true,0.9912,2.0,"Using the model **trained WITH inferred-interval features**, predicted chance of dollar churn is **99%** (high risk). That sits above the No-Go threshold, and interval confidence (67%) is high enough to auto-decide, so the recommendation is **No-Go** — decline or escalate for credit risk.",No-Go,0.9912,"Using the model **trained WITH inferred-interval features**, predicted chance of dollar churn is **99%** (high risk). That sits above the No-Go threshold, and interval confidence (67%) is high enough to auto-decide, so the recommendation is **No-Go** — decline or escalate for credit risk.",No-Go,0.9927,"Using the model **trained WITHOUT inferred-interval features**, predicted chance of dollar churn is **99%** (high risk). That sits above the No-Go threshold, and interval confidence (67%) is high enough to auto-decide, so the recommendation is **No-Go** — decline or escalate for credit risk.",true,"Both models agree on **No-Go**. Adding the inferred interval changed churn probability by -0.1% (with=99%, without=99%).",20260712_032913,13,30.0
5awvKfIQw7jIU6ws,2025-03-05,irregular,0.0892,We inferred **irregular / no clear calendar billing cycle** because the gaps between invoices (typical gap ≈ 1 days) do not line up cleanly with monthly / quarterly / semi-annual / annual calendars Confidence in this label is **9%**.,Review,low_interval_confidence,interval_confidence 0.09 < 0.50; insufficient billing history to auto-decide (data-quality guardrail).,false,0.982,1031.28,We recommended **Review** (trained WITH inferred-interval features) because the billing-cycle signal is too uncertain (confidence 9% for “irregular / no clear calendar billing cycle”). Thin or ambiguous history is treated as a data-quality issue — we do not auto Continue or auto No-Go until the cycle is clearer.,Review,0.982,We recommended **Review** (trained WITH inferred-interval features) because the billing-cycle signal is too uncertain (confidence 9% for “irregular / no clear calendar billing cycle”). Thin or ambiguous history is treated as a data-quality issue — we do not auto Continue or auto No-Go until the cycle is clearer.,Review,0.9132,We recommended **Review** (trained WITHOUT inferred-interval features) because the billing-cycle signal is too uncertain (confidence 9% for “irregular / no clear calendar billing cycle”). Thin or ambiguous history is treated as a data-quality issue — we do not auto Continue or auto No-Go until the cycle is clearer.,true,"Both models agree on **Review**. Adding the inferred interval changed churn probability by +6.9% (with=98%, without=91%).",20260712_032913,11,1.0
ZeE0ZCEKbzfUMX1j,2025-03-05,quarterly,0.5167,"We inferred **quarterly billing (about every 3 months)** because the typical gap between billing days is about 1 days, which matches quarterly billing (about every 3 months) across 11 observed cycle(s) (about 100% of gaps fit that pattern) and spacing looks somewhat uneven Confidence in this label is **52%**.",No-Go,high_churn_risk,"churn_prob 0.99 vs Continue<= 0.45, No-Go>= 0.70.",true,0.9861,503.58,"Using the model **trained WITH inferred-interval features**, predicted chance of dollar churn is **99%** (high risk). That sits above the No-Go threshold, and interval confidence (52%) is high enough to auto-decide, so the recommendation is **No-Go** — decline or escalate for credit risk.",No-Go,0.9861,"Using the model **trained WITH inferred-interval features**, predicted chance of dollar churn is **99%** (high risk). That sits above the No-Go threshold, and interval confidence (52%) is high enough to auto-decide, so the recommendation is **No-Go** — decline or escalate for credit risk.",No-Go,0.9718,"Using the model **trained WITHOUT inferred-interval features**, predicted chance of dollar churn is **97%** (high risk). That sits above the No-Go threshold, and interval confidence (52%) is high enough to auto-decide, so the recommendation is **No-Go** — decline or escalate for credit risk.",true,"Both models agree on **No-Go**. Adding the inferred interval changed churn probability by +1.4% (with=99%, without=97%).",20260712_032913,12,1.0
Ztvcmw00hyI8oB7z,2025-03-05,monthly,0.617,"We inferred **monthly billing (about every month)** because the typical gap between billing days is about 28 days, which matches monthly billing (about every month) across 12 observed cycle(s) (about 100% of gaps fit that pattern) and spacing looks somewhat uneven Confidence in this label is **62%**.",No-Go,high_churn_risk,"churn_prob 0.99 vs Continue<= 0.45, No-Go>= 0.70.",true,0.9948,2.53,"Using the model **trained WITH inferred-interval features**, predicted chance of dollar churn is **99%** (high risk). That sits above the No-Go threshold, and interval confidence (62%) is high enough to auto-decide, so the recommendation is **No-Go** — decline or escalate for credit risk.",No-Go,0.9948,"Using the model **trained WITH inferred-interval features**, predicted chance of dollar churn is **99%** (high risk). That sits above the No-Go threshold, and interval confidence (62%) is high enough to auto-decide, so the recommendation is **No-Go** — decline or escalate for credit risk.",No-Go,0.9956,"Using the model **trained WITHOUT inferred-interval features**, predicted chance of dollar churn is **100%** (high risk). That sits above the No-Go threshold, and interval confidence (62%) is high enough to auto-decide, so the recommendation is **No-Go** — decline or escalate for credit risk.",true,"Both models agree on **No-Go**. Adding the inferred interval changed churn probability by -0.1% (with=99%, without=100%).",20260712_032913,13,27.5
KukZW656kzKxAyaV,2025-03-05,monthly,0.9415,"We inferred **monthly billing (about every month)** because the typical gap between billing days is about 31 days, which matches monthly billing (about every month) across 13 observed cycle(s) (about 100% of gaps fit that pattern) and spacing looks very regular Confidence in this label is **94%**.",No-Go,high_churn_risk,"churn_prob 0.98 vs Continue<= 0.45, No-Go>= 0.70.",true,0.982,3.0,"Using the model **trained WITH inferred-interval features**, predicted chance of dollar churn is **98%** (high risk). That sits above the No-Go threshold, and interval confidence (94%) is high enough to auto-decide, so the recommendation is **No-Go** — decline or escalate for credit risk.",No-Go,0.982,"Using the model **trained WITH inferred-interval features**, predicted chance of dollar churn is **98%** (high risk). That sits above the No-Go threshold, and interval confidence (94%) is high enough to auto-decide, so the recommendation is **No-Go** — decline or escalate for credit risk.",No-Go,0.9718,"Using the model **trained WITHOUT inferred-interval features**, predicted chance of dollar churn is **97%** (high risk). That sits above the No-Go threshold, and interval confidence (94%) is high enough to auto-decide, so the recommendation is **No-Go** — decline or escalate for credit risk.",true,"Both models agree on **No-Go**. Adding the inferred interval changed churn probability by +1.0% (with=98%, without=97%).",20260712_032913,14,31.0
2ACBp51oyRHVknTi,2025-03-05,irregular,0.05,We inferred **irregular / no clear calendar billing cycle** because the gaps between invoices (typical gap ≈ 1 days) do not line up cleanly with monthly / quarterly / semi-annual / annual calendars Confidence in this label is **5%**.,Review,low_interval_confidence,interval_confidence 0.05 < 0.50; insufficient billing history to auto-decide (data-quality guardrail).,false,0.9685,56.75,We recommended **Review** (trained WITH inferred-interval features) because the billing-cycle signal is too uncertain (confidence 5% for “irregular / no clear calendar billing cycle”). Thin or ambiguous history is treated as a data-quality issue — we do not auto Continue or auto No-Go until the cycle is clearer.,Review,0.9685,We recommended **Review** (trained WITH inferred-interval features) because the billing-cycle signal is too uncertain (confidence 5% for “irregular / no clear calendar billing cycle”). Thin or ambiguous history is treated as a data-quality issue — we do not auto Continue or auto No-Go until the cycle is clearer.,Review,0.9667,We recommended **Review** (trained WITHOUT inferred-interval features) because the billing-cycle signal is too uncertain (confidence 5% for “irregular / no clear calendar billing cycle”). Thin or ambiguous history is treated as a data-quality issue — we do not auto Continue or auto No-Go until the cycle is clearer.,true,"Both models agree on **Review**. Adding the inferred interval changed churn probability by +0.2% (with=97%, without=97%).",20260712_032913,12,1.0
4oQkjCHdFAIxAQh3,2025-03-05,irregular,0.1275,We inferred **irregular / no clear calendar billing cycle** because the gaps between invoices (typical gap ≈ 1 days) do not line up cleanly with monthly / quarterly / semi-annual / annual calendars Confidence in this label is **13%**.,Review,low_interval_confidence,interval_confidence 0.13 < 0.50; insufficient billing history to auto-decide (data-quality guardrail).,false,0.99,75.14,We recommended **Review** (trained WITH inferred-interval features) because the billing-cycle signal is too uncertain (confidence 13% for “irregular / no clear calendar billing cycle”). Thin or ambiguous history is treated as a data-quality issue — we do not auto Continue or auto No-Go until the cycle is clearer.,Review,0.99,We recommended **Review** (trained WITH inferred-interval features) because the billing-cycle signal is too uncertain (confidence 13% for “irregular / no clear calendar billing cycle”). Thin or ambiguous history is treated as a data-quality issue — we do not auto Continue or auto No-Go until the cycle is clearer.,Review,0.9914,We recommended **Review** (trained WITHOUT inferred-interval features) because the billing-cycle signal is too uncertain (confidence 13% for “irregular / no clear calendar billing cycle”). Thin or ambiguous history is treated as a data-quality issue — we do not auto Continue or auto No-Go until the cycle is clearer.,true,"Both models agree on **Review**. Adding the inferred interval changed churn probability by -0.1% (with=99%, without=99%).",20260712_032913,11,1.0
qUhofWBf2XqjD6EI,2025-03-05,monthly,0.9487,"We inferred **monthly billing (about every month)** because the typical gap between billing days is about 30 days, which matches monthly billing (about every month) across 16 observed cycle(s) (about 100% of gaps fit that pattern) and spacing looks very regular Confidence in this label is **95%**.",No-Go,high_churn_risk,"churn_prob 0.99 vs Continue<= 0.45, No-Go>= 0.70.",true,0.9861,152.11,"Using the model **trained WITH inferred-interval features**, predicted chance of dollar churn is **99%** (high risk). That sits above the No-Go threshold, and interval confidence (95%) is high enough to auto-decide, so the recommendation is **No-Go** — decline or escalate for credit risk.",No-Go,0.9861,"Using the model **trained WITH inferred-interval features**, predicted chance of dollar churn is **99%** (high risk). That sits above the No-Go threshold, and interval confidence (95%) is high enough to auto-decide, so the recommendation is **No-Go** — decline or escalate for credit risk.",No-Go,0.9914,"Using the model **trained WITHOUT inferred-interval features**, predicted chance of dollar churn is **99%** (high risk). That sits above the No-Go threshold, and interval confidence (95%) is high enough to auto-decide, so the recommendation is **No-Go** — decline or escalate for credit risk.",true,"Both models agree on **No-Go**. Adding the inferred interval changed churn probability by -0.5% (with=99%, without=99%).",20260712_032913,17,30.5
vqp7Y7C9jYH51eeo,2025-03-05,monthly,0.9614,"We inferred **monthly billing (about every month)** because the typical gap between billing days is about 31 days, which matches monthly billing (about every month) across 25 observed cycle(s) (about 100% of gaps fit that pattern) and spacing looks very regular Confidence in this label is **96%**.",Continue,low_churn_risk,"churn_prob 0.35 vs Continue<= 0.45, No-Go>= 0.70.",true,0.3474,155.57,"Using the model **trained WITH inferred-interval features**, predicted chance of dollar churn is **35%** (elevated risk). That sits below the Continue threshold, and interval confidence (96%) is high enough to auto-decide, so the recommendation is **Continue** — proceed with onboarding.",Continue,0.3474,"Using the model **trained WITH inferred-interval features**, predicted chance of dollar churn is **35%** (elevated risk). That sits below the Continue threshold, and interval confidence (96%) is high enough to auto-decide, so the recommendation is **Continue** — proceed with onboarding.",Continue,0.3235,"Using the model **trained WITHOUT inferred-interval features**, predicted chance of dollar churn is **32%** (elevated risk). That sits below the Continue threshold, and interval confidence (96%) is high enough to auto-decide, so the recommendation is **Continue** — proceed with onboarding.",true,"Both models agree on **Continue**. Adding the inferred interval changed churn probability by +2.4% (with=35%, without=32%).",20260712_032913,26,31.0
qqkdAZC0IY9iNPwv,2025-03-05,irregular,0.3,We inferred **irregular / no clear calendar billing cycle** because the gaps between invoices (typical gap ≈ 1 days) do not line up cleanly with monthly / quarterly / semi-annual / annual calendars Confidence in this label is **30%**.,Review,low_interval_confidence,interval_confidence 0.30 < 0.50; insufficient billing history to auto-decide (data-quality guardrail).,false,0.9685,603.82,We recommended **Review** (trained WITH inferred-interval features) because the billing-cycle signal is too uncertain (confidence 30% for “irregular / no clear calendar billing cycle”). Thin or ambiguous history is treated as a data-quality issue — we do not auto Continue or auto No-Go until the cycle is clearer.,Review,0.9685,We recommended **Review** (trained WITH inferred-interval features) because the billing-cycle signal is too uncertain (confidence 30% for “irregular / no clear calendar billing cycle”). Thin or ambiguous history is treated as a data-quality issue — we do not auto Continue or auto No-Go until the cycle is clearer.,Review,0.9461,We recommended **Review** (trained WITHOUT inferred-interval features) because the billing-cycle signal is too uncertain (confidence 30% for “irregular / no clear calendar billing cycle”). Thin or ambiguous history is treated as a data-quality issue — we do not auto Continue or auto No-Go until the cycle is clearer.,true,"Both models agree on **Review**. Adding the inferred interval changed churn probability by +2.2% (with=97%, without=95%).",20260712_032913,11,1.0
oI9FYVzOPoyWlUmW,2025-03-05,monthly,0.6215,"We inferred **monthly billing (about every month)** because the typical gap between billing days is about 1 days, which matches monthly billing (about every month) across 10 observed cycle(s) (about 100% of gaps fit that pattern) and spacing looks somewhat uneven Confidence in this label is **62%**.",No-Go,high_churn_risk,"churn_prob 0.98 vs Continue<= 0.45, No-Go>= 0.70.",true,0.9833,175.07,"Using the model **trained WITH inferred-interval features**, predicted chance of dollar churn is **98%** (high risk). That sits above the No-Go threshold, and interval confidence (62%) is high enough to auto-decide, so the recommendation is **No-Go** — decline or escalate for credit risk.",No-Go,0.9833,"Using the model **trained WITH inferred-interval features**, predicted chance of dollar churn is **98%** (high risk). That sits above the No-Go threshold, and interval confidence (62%) is high enough to auto-decide, so the recommendation is **No-Go** — decline or escalate for credit risk.",No-Go,0.9132,"Using the model **trained WITHOUT inferred-interval features**, predicted chance of dollar churn is **91%** (high risk). That sits above the No-Go threshold, and interval confidence (62%) is high enough to auto-decide, so the recommendation is **No-Go** — decline or escalate for credit risk.",true,"Both models agree on **No-Go**. Adding the inferred interval changed churn probability by +7.0% (with=98%, without=91%).",20260712_032913,11,1.0
DpTwP5yoq98fxLn1,2025-03-05,monthly,0.9087,"We inferred **monthly billing (about every month)** because the typical gap between billing days is about 31 days, which matches monthly billing (about every month) across 20 observed cycle(s) (about 100% of gaps fit that pattern) and spacing looks very regular Confidence in this label is **91%**.",No-Go,high_churn_risk,"churn_prob 0.98 vs Continue<= 0.45, No-Go>= 0.70.",true,0.982,372.02,"Using the model **trained WITH inferred-interval features**, predicted chance of dollar churn is **98%** (high risk). That sits above the No-Go threshold, and interval confidence (91%) is high enough to auto-decide, so the recommendation is **No-Go** — decline or escalate for credit risk.",No-Go,0.982,"Using the model **trained WITH inferred-interval features**, predicted chance of dollar churn is **98%** (high risk). That sits above the No-Go threshold, and interval confidence (91%) is high enough to auto-decide, so the recommendation is **No-Go** — decline or escalate for credit risk.",No-Go,0.9741,"Using the model **trained WITHOUT inferred-interval features**, predicted chance of dollar churn is **97%** (high risk). That sits above the No-Go threshold, and interval confidence (91%) is high enough to auto-decide, so the recommendation is **No-Go** — decline or escalate for credit risk.",true,"Both models agree on **No-Go**. Adding the inferred interval changed churn probability by +0.8% (with=98%, without=97%).",20260712_032913,21,31.0
8g9xOvC91QYZ3Wob,2025-03-05,annual,0.7997,"We inferred **annual billing (about once a year)** because the typical gap between billing days is about 365 days, which matches annual billing (about once a year) across 1 observed cycle(s) (about 100% of gaps fit that pattern) Confidence in this label is **80%**.",No-Go,high_churn_risk,"churn_prob 0.83 vs Continue<= 0.45, No-Go>= 0.70.",true,0.8318,32.25,"Using the model **trained WITH inferred-interval features**, predicted chance of dollar churn is **83%** (high risk). That sits above the No-Go threshold, and interval confidence (80%) is high enough to auto-decide, so the recommendation is **No-Go** — decline or escalate for credit risk.",No-Go,0.8318,"Using the model **trained WITH inferred-interval features**, predicted chance of dollar churn is **83%** (high risk). That sits above the No-Go threshold, and interval confidence (80%) is high enough to auto-decide, so the recommendation is **No-Go** — decline or escalate for credit risk.",No-Go,0.819,"Using the model **trained WITHOUT inferred-interval features**, predicted chance of dollar churn is **82%** (high risk). That sits above the No-Go threshold, and interval confidence (80%) is high enough to auto-decide, so the recommendation is **No-Go** — decline or escalate for credit risk.",true,"Both models agree on **No-Go**. Adding the inferred interval changed churn probability by +1.3% (with=83%, without=82%).",20260712_032913,2,365.0
CmyrzG3t7iszPyna,2025-03-05,annual,0.6635,"We inferred **annual billing (about once a year)** because the typical gap between billing days is about 1 days, which matches annual billing (about once a year) across 10 observed cycle(s) (about 100% of gaps fit that pattern) and spacing looks somewhat uneven Confidence in this label is **66%**.",No-Go,high_churn_risk,"churn_prob 0.99 vs Continue<= 0.45, No-Go>= 0.70.",true,0.9861,273.51,"Using the model **trained WITH inferred-interval features**, predicted chance of dollar churn is **99%** (high risk). That sits above the No-Go threshold, and interval confidence (66%) is high enough to auto-decide, so the recommendation is **No-Go** — decline or escalate for credit risk.",No-Go,0.9861,"Using the model **trained WITH inferred-interval features**, predicted chance of dollar churn is **99%** (high risk). That sits above the No-Go threshold, and interval confidence (66%) is high enough to auto-decide, so the recommendation is **No-Go** — decline or escalate for credit risk.",No-Go,0.9697,"Using the model **trained WITHOUT inferred-interval features**, predicted chance of dollar churn is **97%** (high risk). That sits above the No-Go threshold, and interval confidence (66%) is high enough to auto-decide, so the recommendation is **No-Go** — decline or escalate for credit risk.",true,"Both models agree on **No-Go**. Adding the inferred interval changed churn probability by +1.6% (with=99%, without=97%).",20260712_032913,11,1.0
tjvcjJFU9n5zTlgO,2025-03-05,monthly,0.9487,"We inferred **monthly billing (about every month)** because the typical gap between billing days is about 30 days, which matches monthly billing (about every month) across 16 observed cycle(s) (about 100% of gaps fit that pattern) and spacing looks very regular Confidence in this label is **95%**.",No-Go,high_churn_risk,"churn_prob 0.99 vs Continue<= 0.45, No-Go>= 0.70.",true,0.9861,152.11,"Using the model **trained WITH inferred-interval features**, predicted chance of dollar churn is **99%** (high risk). That sits above the No-Go threshold, and interval confidence (95%) is high enough to auto-decide, so the recommendation is **No-Go** — decline or escalate for credit risk.",No-Go,0.9861,"Using the model **trained WITH inferred-interval features**, predicted chance of dollar churn is **99%** (high risk). That sits above the No-Go threshold, and interval confidence (95%) is high enough to auto-decide, so the recommendation is **No-Go** — decline or escalate for credit risk.",No-Go,0.9914,"Using the model **trained WITHOUT inferred-interval features**, predicted chance of dollar churn is **99%** (high risk). That sits above the No-Go threshold, and interval confidence (95%) is high enough to auto-decide, so the recommendation is **No-Go** — decline or escalate for credit risk.",true,"Both models agree on **No-Go**. Adding the inferred interval changed churn probability by -0.5% (with=99%, without=99%).",20260712_032913,17,30.5
dNwJja5i4PSILpDm,2025-03-05,monthly,0.6826,"We inferred **monthly billing (about every month)** because the typical gap between billing days is about 29 days, which matches monthly billing (about every month) across 22 observed cycle(s) (about 100% of gaps fit that pattern) and spacing looks somewhat uneven Confidence in this label is **68%**.",No-Go,high_churn_risk,"churn_prob 0.99 vs Continue<= 0.45, No-Go>= 0.70.",true,0.9948,24.71,"Using the model **trained WITH inferred-interval features**, predicted chance of dollar churn is **99%** (high risk). That sits above the No-Go threshold, and interval confidence (68%) is high enough to auto-decide, so the recommendation is **No-Go** — decline or escalate for credit risk.",No-Go,0.9948,"Using the model **trained WITH inferred-interval features**, predicted chance of dollar churn is **99%** (high risk). That sits above the No-Go threshold, and interval confidence (68%) is high enough to auto-decide, so the recommendation is **No-Go** — decline or escalate for credit risk.",No-Go,0.9927,"Using the model **trained WITHOUT inferred-interval features**, predicted chance of dollar churn is **99%** (high risk). That sits above the No-Go threshold, and interval confidence (68%) is high enough to auto-decide, so the recommendation is **No-Go** — decline or escalate for credit risk.",true,"Both models agree on **No-Go**. Adding the inferred interval changed churn probability by +0.2% (with=99%, without=99%).",20260712_032913,23,29.0
NRHLU47xD7ByBJsw,2025-03-05,monthly,0.825,"We inferred **monthly billing (about every month)** because the typical gap between billing days is about 30 days, which matches monthly billing (about every month) across 6 observed cycle(s) (about 100% of gaps fit that pattern) and spacing looks very regular Confidence in this label is **82%**.",No-Go,high_churn_risk,"churn_prob 0.99 vs Continue<= 0.45, No-Go>= 0.70.",true,0.99,0.74,"Using the model **trained WITH inferred-interval features**, predicted chance of dollar churn is **99%** (high risk). That sits above the No-Go threshold, and interval confidence (82%) is high enough to auto-decide, so the recommendation is **No-Go** — decline or escalate for credit risk.",No-Go,0.99,"Using the model **trained WITH inferred-interval features**, predicted chance of dollar churn is **99%** (high risk). That sits above the No-Go threshold, and interval confidence (82%) is high enough to auto-decide, so the recommendation is **No-Go** — decline or escalate for credit risk.",No-Go,0.9914,"Using the model **trained WITHOUT inferred-interval features**, predicted chance of dollar churn is **99%** (high risk). That sits above the No-Go threshold, and interval confidence (82%) is high enough to auto-decide, so the recommendation is **No-Go** — decline or escalate for credit risk.",true,"Both models agree on **No-Go**. Adding the inferred interval changed churn probability by -0.1% (with=99%, without=99%).",20260712_032913,7,30.0
0a85bhgoCd9l8abC,2025-03-05,irregular,0.3,We inferred **irregular / no clear calendar billing cycle** because the gaps between invoices (typical gap ≈ 1 days) do not line up cleanly with monthly / quarterly / semi-annual / annual calendars Confidence in this label is **30%**.,Review,low_interval_confidence,interval_confidence 0.30 < 0.50; insufficient billing history to auto-decide (data-quality guardrail).,false,0.9861,175.15,We recommended **Review** (trained WITH inferred-interval features) because the billing-cycle signal is too uncertain (confidence 30% for “irregular / no clear calendar billing cycle”). Thin or ambiguous history is treated as a data-quality issue — we do not auto Continue or auto No-Go until the cycle is clearer.,Review,0.9861,We recommended **Review** (trained WITH inferred-interval features) because the billing-cycle signal is too uncertain (confidence 30% for “irregular / no clear calendar billing cycle”). Thin or ambiguous history is treated as a data-quality issue — we do not auto Continue or auto No-Go until the cycle is clearer.,Review,0.9697,We recommended **Review** (trained WITHOUT inferred-interval features) because the billing-cycle signal is too uncertain (confidence 30% for “irregular / no clear calendar billing cycle”). Thin or ambiguous history is treated as a data-quality issue — we do not auto Continue or auto No-Go until the cycle is clearer.,true,"Both models agree on **Review**. Adding the inferred interval changed churn probability by +1.6% (with=99%, without=97%).",20260712_032913,11,1.0
3qOb4pmNCh3xI1V0,2025-03-05,monthly,0.562,"We inferred **monthly billing (about every month)** because the typical gap between billing days is about 1 days, which matches monthly billing (about every month) across 12 observed cycle(s) (about 100% of gaps fit that pattern) and spacing looks somewhat uneven Confidence in this label is **56%**.",No-Go,high_churn_risk,"churn_prob 0.99 vs Continue<= 0.45, No-Go>= 0.70.",true,0.9948,176.39,"Using the model **trained WITH inferred-interval features**, predicted chance of dollar churn is **99%** (high risk). That sits above the No-Go threshold, and interval confidence (56%) is high enough to auto-decide, so the recommendation is **No-Go** — decline or escalate for credit risk.",No-Go,0.9948,"Using the model **trained WITH inferred-interval features**, predicted chance of dollar churn is **99%** (high risk). That sits above the No-Go threshold, and interval confidence (56%) is high enough to auto-decide, so the recommendation is **No-Go** — decline or escalate for credit risk.",No-Go,0.9927,"Using the model **trained WITHOUT inferred-interval features**, predicted chance of dollar churn is **99%** (high risk). That sits above the No-Go threshold, and interval confidence (56%) is high enough to auto-decide, so the recommendation is **No-Go** — decline or escalate for credit risk.",true,"Both models agree on **No-Go**. Adding the inferred interval changed churn probability by +0.2% (with=99%, without=99%).",20260712_032913,13,1.0
6jnzyBjBNWgE2Z7p,2025-03-05,irregular,0.3,We inferred **irregular / no clear calendar billing cycle** because the gaps between invoices (typical gap ≈ 1 days) do not line up cleanly with monthly / quarterly / semi-annual / annual calendars Confidence in this label is **30%**.,Review,low_interval_confidence,interval_confidence 0.30 < 0.50; insufficient billing history to auto-decide (data-quality guardrail).,false,0.9656,25.7,We recommended **Review** (trained WITH inferred-interval features) because the billing-cycle signal is too uncertain (confidence 30% for “irregular / no clear calendar billing cycle”). Thin or ambiguous history is treated as a data-quality issue — we do not auto Continue or auto No-Go until the cycle is clearer.,Review,0.9656,We recommended **Review** (trained WITH inferred-interval features) because the billing-cycle signal is too uncertain (confidence 30% for “irregular / no clear calendar billing cycle”). Thin or ambiguous history is treated as a data-quality issue — we do not auto Continue or auto No-Go until the cycle is clearer.,Review,0.9132,We recommended **Review** (trained WITHOUT inferred-interval features) because the billing-cycle signal is too uncertain (confidence 30% for “irregular / no clear calendar billing cycle”). Thin or ambiguous history is treated as a data-quality issue — we do not auto Continue or auto No-Go until the cycle is clearer.,true,"Both models agree on **Review**. Adding the inferred interval changed churn probability by +5.2% (with=97%, without=91%).",20260712_032913,4,1.0
2WtSMJdmAiYti534,2025-03-05,irregular,0.1275,We inferred **irregular / no clear calendar billing cycle** because the gaps between invoices (typical gap ≈ 1 days) do not line up cleanly with monthly / quarterly / semi-annual / annual calendars Confidence in this label is **13%**.,Review,low_interval_confidence,interval_confidence 0.13 < 0.50; insufficient billing history to auto-decide (data-quality guardrail).,false,0.99,666.52,We recommended **Review** (trained WITH inferred-interval features) because the billing-cycle signal is too uncertain (confidence 13% for “irregular / no clear calendar billing cycle”). Thin or ambiguous history is treated as a data-quality issue — we do not auto Continue or auto No-Go until the cycle is clearer.,Review,0.99,We recommended **Review** (trained WITH inferred-interval features) because the billing-cycle signal is too uncertain (confidence 13% for “irregular / no clear calendar billing cycle”). Thin or ambiguous history is treated as a data-quality issue — we do not auto Continue or auto No-Go until the cycle is clearer.,Review,0.9504,We recommended **Review** (trained WITHOUT inferred-interval features) because the billing-cycle signal is too uncertain (confidence 13% for “irregular / no clear calendar billing cycle”). Thin or ambiguous history is treated as a data-quality issue — we do not auto Continue or auto No-Go until the cycle is clearer.,true,"Both models agree on **Review**. Adding the inferred interval changed churn probability by +4.0% (with=99%, without=95%).",20260712_032913,11,1.0
pcOi8aoQtNWO6qsr,2025-03-05,monthly,0.7074,"We inferred **monthly billing (about every month)** because the typical gap between billing days is about 27 days, which matches monthly billing (about every month) across 2 observed cycle(s) (about 100% of gaps fit that pattern) and spacing looks very regular Confidence in this label is **71%**.",No-Go,high_churn_risk,"churn_prob 0.97 vs Continue<= 0.45, No-Go>= 0.70.",true,0.9656,0.0,"Using the model **trained WITH inferred-interval features**, predicted chance of dollar churn is **97%** (high risk). That sits above the No-Go threshold, and interval confidence (71%) is high enough to auto-decide, so the recommendation is **No-Go** — decline or escalate for credit risk.",No-Go,0.9656,"Using the model **trained WITH inferred-interval features**, predicted chance of dollar churn is **97%** (high risk). That sits above the No-Go threshold, and interval confidence (71%) is high enough to auto-decide, so the recommendation is **No-Go** — decline or escalate for credit risk.",No-Go,0.9697,"Using the model **trained WITHOUT inferred-interval features**, predicted chance of dollar churn is **97%** (high risk). That sits above the No-Go threshold, and interval confidence (71%) is high enough to auto-decide, so the recommendation is **No-Go** — decline or escalate for credit risk.",true,"Both models agree on **No-Go**. Adding the inferred interval changed churn probability by -0.4% (with=97%, without=97%).",20260712_032913,3,27.0
HcJtiPwFjyMOihqR,2025-03-05,annual,0.6198,"We inferred **annual billing (about once a year)** because the typical gap between billing days is about 1 days, which matches annual billing (about once a year) across 4 observed cycle(s) (about 100% of gaps fit that pattern) and spacing looks somewhat uneven Confidence in this label is **62%**.",No-Go,high_churn_risk,"churn_prob 0.75 vs Continue<= 0.45, No-Go>= 0.70.",true,0.7471,110.26,"Using the model **trained WITH inferred-interval features**, predicted chance of dollar churn is **75%** (high risk). That sits above the No-Go threshold, and interval confidence (62%) is high enough to auto-decide, so the recommendation is **No-Go** — decline or escalate for credit risk.",No-Go,0.7471,"Using the model **trained WITH inferred-interval features**, predicted chance of dollar churn is **75%** (high risk). That sits above the No-Go threshold, and interval confidence (62%) is high enough to auto-decide, so the recommendation is **No-Go** — decline or escalate for credit risk.",Review,0.5812,"Using the model **trained WITHOUT inferred-interval features**, predicted chance of dollar churn is **58%** (elevated risk). That sits between the Continue and No-Go bands (or still needs analyst judgment), so the recommendation is **Review**.",false,"The models **disagree**: with interval → **No-Go**, without interval → **Review**. Churn probability shifts from 58% (no interval) to 75% (with interval), Δ=+16.6%. This is exactly the decision-relevant value of the inferred cycle.",20260712_032913,5,1.0
Uyz5zeZi0nnibTp6,2025-03-05,irregular,0.3,We inferred **irregular / no clear calendar billing cycle** because the gaps between invoices (typical gap ≈ 1 days) do not line up cleanly with monthly / quarterly / semi-annual / annual calendars Confidence in this label is **30%**.,Review,low_interval_confidence,interval_confidence 0.30 < 0.50; insufficient billing history to auto-decide (data-quality guardrail).,false,0.982,191.94,We recommended **Review** (trained WITH inferred-interval features) because the billing-cycle signal is too uncertain (confidence 30% for “irregular / no clear calendar billing cycle”). Thin or ambiguous history is treated as a data-quality issue — we do not auto Continue or auto No-Go until the cycle is clearer.,Review,0.982,We recommended **Review** (trained WITH inferred-interval features) because the billing-cycle signal is too uncertain (confidence 30% for “irregular / no clear calendar billing cycle”). Thin or ambiguous history is treated as a data-quality issue — we do not auto Continue or auto No-Go until the cycle is clearer.,Review,0.9697,We recommended **Review** (trained WITHOUT inferred-interval features) because the billing-cycle signal is too uncertain (confidence 30% for “irregular / no clear calendar billing cycle”). Thin or ambiguous history is treated as a data-quality issue — we do not auto Continue or auto No-Go until the cycle is clearer.,true,"Both models agree on **Review**. Adding the inferred interval changed churn probability by +1.2% (with=98%, without=97%).",20260712_032913,10,1.0
glDTVlRNdjRtxfcq,2025-03-05,annual,0.6221,"We inferred **annual billing (about once a year)** because the typical gap between billing days is about 1 days, which matches annual billing (about once a year) across 10 observed cycle(s) (about 100% of gaps fit that pattern) and spacing looks somewhat uneven Confidence in this label is **62%**.",No-Go,high_churn_risk,"churn_prob 0.99 vs Continue<= 0.45, No-Go>= 0.70.",true,0.99,269.56,"Using the model **trained WITH inferred-interval features**, predicted chance of dollar churn is **99%** (high risk). That sits above the No-Go threshold, and interval confidence (62%) is high enough to auto-decide, so the recommendation is **No-Go** — decline or escalate for credit risk.",No-Go,0.99,"Using the model **trained WITH inferred-interval features**, predicted chance of dollar churn is **99%** (high risk). That sits above the No-Go threshold, and interval confidence (62%) is high enough to auto-decide, so the recommendation is **No-Go** — decline or escalate for credit risk.",No-Go,0.9718,"Using the model **trained WITHOUT inferred-interval features**, predicted chance of dollar churn is **97%** (high risk). That sits above the No-Go threshold, and interval confidence (62%) is high enough to auto-decide, so the recommendation is **No-Go** — decline or escalate for credit risk.",true,"Both models agree on **No-Go**. Adding the inferred interval changed churn probability by +1.8% (with=99%, without=97%).",20260712_032913,11,1.0
DUynkG4b6d5qoBoI,2025-03-05,monthly,0.6429,"We inferred **monthly billing (about every month)** because the typical gap between billing days is about 1 days, which matches monthly billing (about every month) across 6 observed cycle(s) (about 100% of gaps fit that pattern) and spacing looks somewhat uneven Confidence in this label is **64%**.",No-Go,high_churn_risk,"churn_prob 0.97 vs Continue<= 0.45, No-Go>= 0.70.",true,0.9685,633.44,"Using the model **trained WITH inferred-interval features**, predicted chance of dollar churn is **97%** (high risk). That sits above the No-Go threshold, and interval confidence (64%) is high enough to auto-decide, so the recommendation is **No-Go** — decline or escalate for credit risk.",No-Go,0.9685,"Using the model **trained WITH inferred-interval features**, predicted chance of dollar churn is **97%** (high risk). That sits above the No-Go threshold, and interval confidence (64%) is high enough to auto-decide, so the recommendation is **No-Go** — decline or escalate for credit risk.",No-Go,0.9697,"Using the model **trained WITHOUT inferred-interval features**, predicted chance of dollar churn is **97%** (high risk). That sits above the No-Go threshold, and interval confidence (64%) is high enough to auto-decide, so the recommendation is **No-Go** — decline or escalate for credit risk.",true,"Both models agree on **No-Go**. Adding the inferred interval changed churn probability by -0.1% (with=97%, without=97%).",20260712_032913,7,1.0
mA3bCA5n5w7eUUcK,2025-03-05,monthly,0.9031,"We inferred **monthly billing (about every month)** because the typical gap between billing days is about 30 days, which matches monthly billing (about every month) across 10 observed cycle(s) (about 100% of gaps fit that pattern) and spacing looks very regular Confidence in this label is **90%**.",No-Go,high_churn_risk,"churn_prob 0.98 vs Continue<= 0.45, No-Go>= 0.70.",true,0.982,1.63,"Using the model **trained WITH inferred-interval features**, predicted chance of dollar churn is **98%** (high risk). That sits above the No-Go threshold, and interval confidence (90%) is high enough to auto-decide, so the recommendation is **No-Go** — decline or escalate for credit risk.",No-Go,0.982,"Using the model **trained WITH inferred-interval features**, predicted chance of dollar churn is **98%** (high risk). That sits above the No-Go threshold, and interval confidence (90%) is high enough to auto-decide, so the recommendation is **No-Go** — decline or escalate for credit risk.",No-Go,0.9718,"Using the model **trained WITHOUT inferred-interval features**, predicted chance of dollar churn is **97%** (high risk). That sits above the No-Go threshold, and interval confidence (90%) is high enough to auto-decide, so the recommendation is **No-Go** — decline or escalate for credit risk.",true,"Both models agree on **No-Go**. Adding the inferred interval changed churn probability by +1.0% (with=98%, without=97%).",20260712_032913,11,30.5
SFxhSCiPYd04kLb9,2025-03-05,mixed,0.1528,We inferred **mixed cadence (more than one regular billing pattern)** because invoice gaps cluster around more than one calendar period (for example a monthly subscription plus an annual fee) — the strongest pattern is monthly (about 50% of matched gaps) Confidence in this label is **15%**.,Review,low_interval_confidence,interval_confidence 0.15 < 0.50; insufficient billing history to auto-decide (data-quality guardrail).,false,0.0,0.0,We recommended **Review** (trained WITH inferred-interval features) because the billing-cycle signal is too uncertain (confidence 15% for “mixed cadence (more than one regular billing pattern)”). Thin or ambiguous history is treated as a data-quality issue — we do not auto Continue or auto No-Go until the cycle is clearer.,Review,0.0,We recommended **Review** (trained WITH inferred-interval features) because the billing-cycle signal is too uncertain (confidence 15% for “mixed cadence (more than one regular billing pattern)”). Thin or ambiguous history is treated as a data-quality issue — we do not auto Continue or auto No-Go until the cycle is clearer.,Review,0.2913,We recommended **Review** (trained WITHOUT inferred-interval features) because the billing-cycle signal is too uncertain (confidence 15% for “mixed cadence (more than one regular billing pattern)”). Thin or ambiguous history is treated as a data-quality issue — we do not auto Continue or auto No-Go until the cycle is clearer.,true,"Both models agree on **Review**. Adding the inferred interval changed churn probability by -29.1% (with=0%, without=29%).",20260712_032913,3,214.0
fPex8gNEe0SLShb4,2025-03-05,irregular,0.1275,We inferred **irregular / no clear calendar billing cycle** because the gaps between invoices (typical gap ≈ 1 days) do not line up cleanly with monthly / quarterly / semi-annual / annual calendars Confidence in this label is **13%**.,Review,low_interval_confidence,interval_confidence 0.13 < 0.50; insufficient billing history to auto-decide (data-quality guardrail).,false,0.99,340.88,We recommended **Review** (trained WITH inferred-interval features) because the billing-cycle signal is too uncertain (confidence 13% for “irregular / no clear calendar billing cycle”). Thin or ambiguous history is treated as a data-quality issue — we do not auto Continue or auto No-Go until the cycle is clearer.,Review,0.99,We recommended **Review** (trained WITH inferred-interval features) because the billing-cycle signal is too uncertain (confidence 13% for “irregular / no clear calendar billing cycle”). Thin or ambiguous history is treated as a data-quality issue — we do not auto Continue or auto No-Go until the cycle is clearer.,Review,0.9697,We recommended **Review** (trained WITHOUT inferred-interval features) because the billing-cycle signal is too uncertain (confidence 13% for “irregular / no clear calendar billing cycle”). Thin or ambiguous history is treated as a data-quality issue — we do not auto Continue or auto No-Go until the cycle is clearer.,true,"Both models agree on **Review**. Adding the inferred interval changed churn probability by +2.0% (with=99%, without=97%).",20260712_032913,11,1.0
Lx5Cs0FrRVVJGVAN,2025-03-05,irregular,0.1275,We inferred **irregular / no clear calendar billing cycle** because the gaps between invoices (typical gap ≈ 1 days) do not line up cleanly with monthly / quarterly / semi-annual / annual calendars Confidence in this label is **13%**.,Review,low_interval_confidence,interval_confidence 0.13 < 0.50; insufficient billing history to auto-decide (data-quality guardrail).,false,0.99,75.14,We recommended **Review** (trained WITH inferred-interval features) because the billing-cycle signal is too uncertain (confidence 13% for “irregular / no clear calendar billing cycle”). Thin or ambiguous history is treated as a data-quality issue — we do not auto Continue or auto No-Go until the cycle is clearer.,Review,0.99,We recommended **Review** (trained WITH inferred-interval features) because the billing-cycle signal is too uncertain (confidence 13% for “irregular / no clear calendar billing cycle”). Thin or ambiguous history is treated as a data-quality issue — we do not auto Continue or auto No-Go until the cycle is clearer.,Review,0.9914,We recommended **Review** (trained WITHOUT inferred-interval features) because the billing-cycle signal is too uncertain (confidence 13% for “irregular / no clear calendar billing cycle”). Thin or ambiguous history is treated as a data-quality issue — we do not auto Continue or auto No-Go until the cycle is clearer.,true,"Both models agree on **Review**. Adding the inferred interval changed churn probability by -0.1% (with=99%, without=99%).",20260712_032913,11,1.0
JvPhQNPNKSggLiij,2025-03-05,monthly,0.6699,"We inferred **monthly billing (about every month)** because the typical gap between billing days is about 27 days, which matches monthly billing (about every month) across 20 observed cycle(s) (about 100% of gaps fit that pattern) and spacing looks somewhat uneven Confidence in this label is **67%**.",No-Go,high_churn_risk,"churn_prob 0.99 vs Continue<= 0.45, No-Go>= 0.70.",true,0.9912,8.53,"Using the model **trained WITH inferred-interval features**, predicted chance of dollar churn is **99%** (high risk). That sits above the No-Go threshold, and interval confidence (67%) is high enough to auto-decide, so the recommendation is **No-Go** — decline or escalate for credit risk.",No-Go,0.9912,"Using the model **trained WITH inferred-interval features**, predicted chance of dollar churn is **99%** (high risk). That sits above the No-Go threshold, and interval confidence (67%) is high enough to auto-decide, so the recommendation is **No-Go** — decline or escalate for credit risk.",No-Go,0.9927,"Using the model **trained WITHOUT inferred-interval features**, predicted chance of dollar churn is **99%** (high risk). That sits above the No-Go threshold, and interval confidence (67%) is high enough to auto-decide, so the recommendation is **No-Go** — decline or escalate for credit risk.",true,"Both models agree on **No-Go**. Adding the inferred interval changed churn probability by -0.1% (with=99%, without=99%).",20260712_032913,21,27.0
l4c2joDZGF5Aqnz0,2025-03-05,monthly,0.6699,"We inferred **monthly billing (about every month)** because the typical gap between billing days is about 27 days, which matches monthly billing (about every month) across 20 observed cycle(s) (about 100% of gaps fit that pattern) and spacing looks somewhat uneven Confidence in this label is **67%**.",No-Go,high_churn_risk,"churn_prob 0.99 vs Continue<= 0.45, No-Go>= 0.70.",true,0.9912,8.53,"Using the model **trained WITH inferred-interval features**, predicted chance of dollar churn is **99%** (high risk). That sits above the No-Go threshold, and interval confidence (67%) is high enough to auto-decide, so the recommendation is **No-Go** — decline or escalate for credit risk.",No-Go,0.9912,"Using the model **trained WITH inferred-interval features**, predicted chance of dollar churn is **99%** (high risk). That sits above the No-Go threshold, and interval confidence (67%) is high enough to auto-decide, so the recommendation is **No-Go** — decline or escalate for credit risk.",No-Go,0.9927,"Using the model **trained WITHOUT inferred-interval features**, predicted chance of dollar churn is **99%** (high risk). That sits above the No-Go threshold, and interval confidence (67%) is high enough to auto-decide, so the recommendation is **No-Go** — decline or escalate for credit risk.",true,"Both models agree on **No-Go**. Adding the inferred interval changed churn probability by -0.1% (with=99%, without=99%).",20260712_032913,21,27.0
nrJxVYUv0TeOZIJd,2025-03-05,monthly,0.6615,"We inferred **monthly billing (about every month)** because the typical gap between billing days is about 28 days, which matches monthly billing (about every month) across 1 observed cycle(s) (about 100% of gaps fit that pattern) Confidence in this label is **66%**.",No-Go,high_churn_risk,"churn_prob 0.95 vs Continue<= 0.45, No-Go>= 0.70.",true,0.9494,0.78,"Using the model **trained WITH inferred-interval features**, predicted chance of dollar churn is **95%** (high risk). That sits above the No-Go threshold, and interval confidence (66%) is high enough to auto-decide, so the recommendation is **No-Go** — decline or escalate for credit risk.",No-Go,0.9494,"Using the model **trained WITH inferred-interval features**, predicted chance of dollar churn is **95%** (high risk). That sits above the No-Go threshold, and interval confidence (66%) is high enough to auto-decide, so the recommendation is **No-Go** — decline or escalate for credit risk.",No-Go,0.9295,"Using the model **trained WITHOUT inferred-interval features**, predicted chance of dollar churn is **93%** (high risk). That sits above the No-Go threshold, and interval confidence (66%) is high enough to auto-decide, so the recommendation is **No-Go** — decline or escalate for credit risk.",true,"Both models agree on **No-Go**. Adding the inferred interval changed churn probability by +2.0% (with=95%, without=93%).",20260712_032913,2,28.0
2dXoj2nbFqtYagaP,2025-03-05,monthly,0.6566,"We inferred **monthly billing (about every month)** because the typical gap between billing days is about 26 days, which matches monthly billing (about every month) across 19 observed cycle(s) (about 100% of gaps fit that pattern) and spacing looks somewhat uneven Confidence in this label is **66%**.",No-Go,high_churn_risk,"churn_prob 0.99 vs Continue<= 0.45, No-Go>= 0.70.",true,0.9912,7.37,"Using the model **trained WITH inferred-interval features**, predicted chance of dollar churn is **99%** (high risk). That sits above the No-Go threshold, and interval confidence (66%) is high enough to auto-decide, so the recommendation is **No-Go** — decline or escalate for credit risk.",No-Go,0.9912,"Using the model **trained WITH inferred-interval features**, predicted chance of dollar churn is **99%** (high risk). That sits above the No-Go threshold, and interval confidence (66%) is high enough to auto-decide, so the recommendation is **No-Go** — decline or escalate for credit risk.",No-Go,0.9956,"Using the model **trained WITHOUT inferred-interval features**, predicted chance of dollar churn is **100%** (high risk). That sits above the No-Go threshold, and interval confidence (66%) is high enough to auto-decide, so the recommendation is **No-Go** — decline or escalate for credit risk.",true,"Both models agree on **No-Go**. Adding the inferred interval changed churn probability by -0.4% (with=99%, without=100%).",20260712_032913,20,26.0
BGqTE0yPFrzbIOAo,2025-03-05,irregular,0.3,We inferred **irregular / no clear calendar billing cycle** because the gaps between invoices (typical gap ≈ 1 days) do not line up cleanly with monthly / quarterly / semi-annual / annual calendars Confidence in this label is **30%**.,Review,low_interval_confidence,interval_confidence 0.30 < 0.50; insufficient billing history to auto-decide (data-quality guardrail).,false,0.9861,62.35,We recommended **Review** (trained WITH inferred-interval features) because the billing-cycle signal is too uncertain (confidence 30% for “irregular / no clear calendar billing cycle”). Thin or ambiguous history is treated as a data-quality issue — we do not auto Continue or auto No-Go until the cycle is clearer.,Review,0.9861,We recommended **Review** (trained WITH inferred-interval features) because the billing-cycle signal is too uncertain (confidence 30% for “irregular / no clear calendar billing cycle”). Thin or ambiguous history is treated as a data-quality issue — we do not auto Continue or auto No-Go until the cycle is clearer.,Review,0.9856,We recommended **Review** (trained WITHOUT inferred-interval features) because the billing-cycle signal is too uncertain (confidence 30% for “irregular / no clear calendar billing cycle”). Thin or ambiguous history is treated as a data-quality issue — we do not auto Continue or auto No-Go until the cycle is clearer.,true,"Both models agree on **Review**. Adding the inferred interval changed churn probability by +0.1% (with=99%, without=99%).",20260712_032913,10,1.0
IFmX4oCY0pETytts,2025-03-05,monthly,0.957,"We inferred **monthly billing (about every month)** because the typical gap between billing days is about 31 days, which matches monthly billing (about every month) across 21 observed cycle(s) (about 100% of gaps fit that pattern) and spacing looks very regular Confidence in this label is **96%**.",No-Go,high_churn_risk,"churn_prob 0.97 vs Continue<= 0.45, No-Go>= 0.70.",true,0.9685,393.0,"Using the model **trained WITH inferred-interval features**, predicted chance of dollar churn is **97%** (high risk). That sits above the No-Go threshold, and interval confidence (96%) is high enough to auto-decide, so the recommendation is **No-Go** — decline or escalate for credit risk.",No-Go,0.9685,"Using the model **trained WITH inferred-interval features**, predicted chance of dollar churn is **97%** (high risk). That sits above the No-Go threshold, and interval confidence (96%) is high enough to auto-decide, so the recommendation is **No-Go** — decline or escalate for credit risk.",No-Go,0.9697,"Using the model **trained WITHOUT inferred-interval features**, predicted chance of dollar churn is **97%** (high risk). That sits above the No-Go threshold, and interval confidence (96%) is high enough to auto-decide, so the recommendation is **No-Go** — decline or escalate for credit risk.",true,"Both models agree on **No-Go**. Adding the inferred interval changed churn probability by -0.1% (with=97%, without=97%).",20260712_032913,22,31.0
UE1WrbgfxSvXjj6p,2025-03-05,monthly,0.6321,"We inferred **monthly billing (about every month)** because the typical gap between billing days is about 30 days, which matches monthly billing (about every month) across 30 observed cycle(s) (about 100% of gaps fit that pattern) and spacing looks somewhat uneven Confidence in this label is **63%**.",No-Go,high_churn_risk,"churn_prob 0.99 vs Continue<= 0.45, No-Go>= 0.70.",true,0.9948,843.49,"Using the model **trained WITH inferred-interval features**, predicted chance of dollar churn is **99%** (high risk). That sits above the No-Go threshold, and interval confidence (63%) is high enough to auto-decide, so the recommendation is **No-Go** — decline or escalate for credit risk.",No-Go,0.9948,"Using the model **trained WITH inferred-interval features**, predicted chance of dollar churn is **99%** (high risk). That sits above the No-Go threshold, and interval confidence (63%) is high enough to auto-decide, so the recommendation is **No-Go** — decline or escalate for credit risk.",No-Go,0.9927,"Using the model **trained WITHOUT inferred-interval features**, predicted chance of dollar churn is **99%** (high risk). That sits above the No-Go threshold, and interval confidence (63%) is high enough to auto-decide, so the recommendation is **No-Go** — decline or escalate for credit risk.",true,"Both models agree on **No-Go**. Adding the inferred interval changed churn probability by +0.2% (with=99%, without=99%).",20260712_032913,31,29.5
AQoTOLidbxKZrMlp,2025-03-05,one_time_candidate,0.9475,We inferred **looks like a one-time / non-recurring charge pattern** because there is essentially a single invoice followed by a long quiet period with no repeat billing Confidence in this label is **95%**.,Review,borderline_churn_risk,"churn_prob 0.57 vs Continue<= 0.45, No-Go>= 0.70.",false,0.5736,44.69,"Using the model **trained WITH inferred-interval features**, predicted chance of dollar churn is **57%** (elevated risk). That sits between the Continue and No-Go bands (or still needs analyst judgment), so the recommendation is **Review**.",Review,0.5736,"Using the model **trained WITH inferred-interval features**, predicted chance of dollar churn is **57%** (elevated risk). That sits between the Continue and No-Go bands (or still needs analyst judgment), so the recommendation is **Review**.",Review,0.4908,"Using the model **trained WITHOUT inferred-interval features**, predicted chance of dollar churn is **49%** (elevated risk). That sits between the Continue and No-Go bands (or still needs analyst judgment), so the recommendation is **Review**.",true,"Both models agree on **Review**. Adding the inferred interval changed churn probability by +8.3% (with=57%, without=49%).",20260712_032913,1,
H295jGuHoaHzarC5,2025-03-05,monthly,0.9658,"We inferred **monthly billing (about every month)** because the typical gap between billing days is about 31 days, which matches monthly billing (about every month) across 21 observed cycle(s) (about 100% of gaps fit that pattern) and spacing looks very regular Confidence in this label is **97%**.",No-Go,high_churn_risk,"churn_prob 0.95 vs Continue<= 0.45, No-Go>= 0.70.",true,0.9494,410.07,"Using the model **trained WITH inferred-interval features**, predicted chance of dollar churn is **95%** (high risk). That sits above the No-Go threshold, and interval confidence (97%) is high enough to auto-decide, so the recommendation is **No-Go** — decline or escalate for credit risk.",No-Go,0.9494,"Using the model **trained WITH inferred-interval features**, predicted chance of dollar churn is **95%** (high risk). That sits above the No-Go threshold, and interval confidence (97%) is high enough to auto-decide, so the recommendation is **No-Go** — decline or escalate for credit risk.",No-Go,0.9697,"Using the model **trained WITHOUT inferred-interval features**, predicted chance of dollar churn is **97%** (high risk). That sits above the No-Go threshold, and interval confidence (97%) is high enough to auto-decide, so the recommendation is **No-Go** — decline or escalate for credit risk.",true,"Both models agree on **No-Go**. Adding the inferred interval changed churn probability by -2.0% (with=95%, without=97%).",20260712_032913,22,31.0
eElmFw8bnlGVJdi0,2025-03-05,monthly,0.5167,"We inferred **monthly billing (about every month)** because the typical gap between billing days is about 1 days, which matches monthly billing (about every month) across 11 observed cycle(s) (about 100% of gaps fit that pattern) and spacing looks somewhat uneven Confidence in this label is **52%**.",No-Go,high_churn_risk,"churn_prob 0.99 vs Continue<= 0.45, No-Go>= 0.70.",true,0.99,71.36,"Using the model **trained WITH inferred-interval features**, predicted chance of dollar churn is **99%** (high risk). That sits above the No-Go threshold, and interval confidence (52%) is high enough to auto-decide, so the recommendation is **No-Go** — decline or escalate for credit risk.",No-Go,0.99,"Using the model **trained WITH inferred-interval features**, predicted chance of dollar churn is **99%** (high risk). That sits above the No-Go threshold, and interval confidence (52%) is high enough to auto-decide, so the recommendation is **No-Go** — decline or escalate for credit risk.",No-Go,0.9914,"Using the model **trained WITHOUT inferred-interval features**, predicted chance of dollar churn is **99%** (high risk). That sits above the No-Go threshold, and interval confidence (52%) is high enough to auto-decide, so the recommendation is **No-Go** — decline or escalate for credit risk.",true,"Both models agree on **No-Go**. Adding the inferred interval changed churn probability by -0.1% (with=99%, without=99%).",20260712_032913,12,1.0
EbEYwtV3wRmu1Gy8,2025-03-05,irregular,0.0892,We inferred **irregular / no clear calendar billing cycle** because the gaps between invoices (typical gap ≈ 1 days) do not line up cleanly with monthly / quarterly / semi-annual / annual calendars Confidence in this label is **9%**.,Review,low_interval_confidence,interval_confidence 0.09 < 0.50; insufficient billing history to auto-decide (data-quality guardrail).,false,0.99,340.88,We recommended **Review** (trained WITH inferred-interval features) because the billing-cycle signal is too uncertain (confidence 9% for “irregular / no clear calendar billing cycle”). Thin or ambiguous history is treated as a data-quality issue — we do not auto Continue or auto No-Go until the cycle is clearer.,Review,0.99,We recommended **Review** (trained WITH inferred-interval features) because the billing-cycle signal is too uncertain (confidence 9% for “irregular / no clear calendar billing cycle”). Thin or ambiguous history is treated as a data-quality issue — we do not auto Continue or auto No-Go until the cycle is clearer.,Review,0.9697,We recommended **Review** (trained WITHOUT inferred-interval features) because the billing-cycle signal is too uncertain (confidence 9% for “irregular / no clear calendar billing cycle”). Thin or ambiguous history is treated as a data-quality issue — we do not auto Continue or auto No-Go until the cycle is clearer.,true,"Both models agree on **Review**. Adding the inferred interval changed churn probability by +2.0% (with=99%, without=97%).",20260712_032913,11,1.0
